competitor_id,name,gender,rank,score_display,time_seconds,reps,country,affiliate,age
676693,Colten Mertens,M,1,11:16,676.0,354,United States,CrossFit Teo,28
1020449,Jayson Hopper,M,2,11:33,693.0,354,United States,CrossFit Crash,28
2725,Noah Ohlsen,M,3,11:45,705.0,354,United States,Peak 360 CrossFit,35
42717,Joe Scali,M,4,11:59,719.0,354,Canada,CrossFit Semiahmoo,40
671093,Dallin Pepper,M,5,349 reps,,349,United States,Nebo CrossFit,24
1728054,Victor Laborie,M,6,340 reps,,340,France,Human First CrossFit,29
14960,Travis Williams,M,7,336 reps,,336,United States,CrossFit Kemah,34
1494869,Ben Wieczorek,M,8,334 reps,,334,Australia,CrossFit Remi,37
2057231,Jeongtaek Cho,M,9,333 reps,,333,Korea (the Republic of),Moonlight CrossFit,25
1602663,Jackson Wadwell,M,10,331 reps,,331,Australia,,25
2815959,Finn Proctor,M,11,331 reps,,331,New Zealand,CrossFit 3216,26
1608589,Hugo Leroux,M,12,331 reps,,331,France,CrossFit Factory Boulogne Billancourt,34
1213793,Billard Benjamin,M,13,328 reps,,328,France,3.7 CrossFit II,33
2449016,Ismaeil Rasouli,M,14,327 reps,,327,United Kingdom,CrossFit Tyneside,28
715015,Cooper Lindsay,M,15,327 reps,,327,Australia,CrossFit Claremont,25
2203153,Tyson Lee,M,16,326 reps,,326,Australia,CrossFit 2795,18
2464388,Quentin Ugolini,M,17,324 reps,,324,France,CrossFit Grenoble,27
1043746,Tom Woodham,M,18,322 reps,,322,Australia,CrossFit 2444,24
2287313,Luc Duchemin,M,19,321 reps,,321,France,Human First CrossFit,30
1960762,Khamraliev Abdulla,M,19,321 reps,,321,China,Hertz CrossFit,26
2689730,Jake Fletcher,M,21,320 reps,,320,Canada,CrossFit Semiahmoo,28
2392212,Jack Sweeney,M,22,318 reps,,318,Australia,CrossFit Wollongong,26
5399,Steve Howell,M,23,317 reps,,317,Canada,CrossFit Taranis,40
2267610,Laurent Hayez,M,24,316 reps,,316,Switzerland,CrossFit Biel-Bienne,31
2320432,Justin Story,M,25,316 reps,,316,Australia,CrossFit Coorparoo,28
1840915,Charlie Bolton,M,26,314 reps,,314,United Kingdom,CrossFit Chocolate Box,28
2539679,Geon Kim,M,27,312 reps,,312,Korea (the Republic of),,34
2165033,Sid Khaldi,M,28,312 reps,,312,France,CrossFit Le Chaudron,29
947291,Austin Hatfield,M,29,311 reps,,311,United States,CrossFit Mayhem,26
187807,Giorgio Sarkis,M,30,311 reps,,311,United States,CrossFit 600,32
2204940,David Hadfield,M,31,310 reps,,310,Australia,CrossFit EXF,34
248045,Marc Blesa,M,32,308 reps,,308,Spain,CrossFit Box Castelldefels,33
2409375,Giho Jeong,M,33,308 reps,,308,Korea (the Republic of),CrossFit Gangnam,33
1755345,Andres Calderon,M,34,308 reps,,308,Costa Rica,CrossFit Elev8 Your Fitness,26
2532408,Kruz Vargas,M,35,308 reps,,308,United States,Koda CrossFit Norman,24
2947151,Chase Mielnik,M,36,308 reps,,308,United States,CrossFit Wheelhouse,24
2778428,Kale Sharp,M,37,306 reps,,306,Australia,CrossFit Manticore,35
2605595,Mingyun Kang,M,38,306 reps,,306,Korea (the Republic of),CrossFit Moai,25
1449513,Jace Peck,M,39,306 reps,,306,United States,CrossFit Fort Atkinson,22
933889,Graham McColl,M,40,306 reps,,306,United Kingdom,CrossFit Chocolate Box,36
2174282,Lee Jung in,M,41,305 reps,,305,Korea (the Republic of),CrossFit On and On,22
13536,Matthew Bathgate,M,42,305 reps,,305,Canada,Carbon Method CrossFit,43
2160803,Ben Woodcock,M,43,305 reps,,305,United Kingdom,CrossFit Rotherham,25
257991,Eui Seop Lee,M,44,305 reps,,305,Korea (the Republic of),CrossFit Helper,34
946546,Maxime Calzado,M,45,304 reps,,304,France,CrossFit Genas,26
793166,Filippo Forti Grazzini,M,46,304 reps,,304,Italy,CrossFit Officine,32
2712190,Andrew Ritchie,M,47,304 reps,,304,New Zealand,CrossFit Bay of Islands,36
1901177,Viktor Temmermans,M,48,304 reps,,304,Belgium,,29
1549521,Thomas Laurent,M,49,304 reps,,304,France,CrossFit Kanaka 01,36
2427175,Jimmy Trejos,M,50,303 reps,,303,Costa Rica,CrossFit Elev8 Your Fitness,27
2380535,Corbin Pett,M,600,244 reps,,244,Australia,CrossFit Northbound,26
2161005,Luke Jensen,M,602,244 reps,,244,Australia,CrossFit 2795,24
819780,Zachary Ambrisco,M,603,244 reps,,244,United States,CrossFit Pine Creek,33
2505446,Mark Ward,M,604,244 reps,,244,United Kingdom,CrossFit JST,41
1976034,Joe Burr,M,605,244 reps,,244,Australia,CrossFit Bunbury,42
2204174,Wihan Brits,M,606,244 reps,,244,Australia,CrossFit Might,41
2418859,Riley Keenan,M,607,244 reps,,244,United States,Double Bull CrossFit,28
778363,Changi Roh,M,608,244 reps,,244,Korea (the Republic of),CrossFit Sasang,34
2234325,Unai Larrea,M,609,244 reps,,244,Spain,Black Grizzly CrossFit,33
1251784,Aidan Tosswill,M,610,244 reps,,244,Australia,CrossFit Lower Mountains,31
1932466,Ivan Smit,M,611,244 reps,,244,South Africa,CrossFit Alberton 2.0,28
140105,Ricky Vela,M,612,244 reps,,244,United States,Gold Standard Athletics CrossFit,39
2972767,Andrew Woods,M,613,244 reps,,244,Australia,CrossFit Minerva Erina,33
946182,Jose Molina,M,613,244 reps,,244,France,CrossFit Montpellier,45
1857140,Johan Rhan,M,615,244 reps,,244,Sweden,CrossFit Maskineriet,29
1398859,Thomas Doolittle,M,616,244 reps,,244,United States,CrossFit 301 Elite,32
2008392,Chris Tucker,M,616,244 reps,,244,Australia,CrossFit Escape,40
1133788,Lewis Grinsell,M,618,244 reps,,244,United Kingdom,Second City CrossFit,32
2782923,Seamus McNicholl,M,619,244 reps,,244,Ireland,CrossFit Limavady,39
239981,Joseph Rojan,M,620,244 reps,,244,United States,,33
2972513,Daeseong Seomun,M,621,244 reps,,244,Korea (the Republic of),,32
2103944,YiJun Jo,M,621,244 reps,,244,Korea (the Republic of),CrossFit Ware,37
2417978,Harrison Lewis,M,621,244 reps,,244,Australia,,29
494302,John McFall,M,621,244 reps,,244,United States,CrossFit Hyperactive,46
2827664,Zac Cassidy,M,621,244 reps,,244,New Zealand,CrossFit Kia Maia,23
2169696,Jonathan Rudd,M,626,243 reps,,243,Australia,CrossFit Ulladulla,37
801740,Joe Burrill,M,627,243 reps,,243,Australia,,37
909540,Henry Wilhelm,M,628,243 reps,,243,Australia,,33
2070288,Steven Atton,M,629,243 reps,,243,Australia,CrossFit Singleton,31
2628573,João Scalabrin,M,630,243 reps,,243,Brazil,Arbo CrossFit,31
2486959,Nathan Hutchins,M,630,243 reps,,243,Australia,,28
832099,Luan Kawata,M,630,243 reps,,243,Brazil,Serpa Pinto CrossFit,31
2152,Rob Miller,M,633,243 reps,,243,United States,CrossFit Santa Cruz,40
2197481,Gabriele Michetti,M,633,243 reps,,243,Italy,CrossFit Trigoria,24
2492783,Nicolas Dupin,M,635,243 reps,,243,France,CrossFit L'Ondaine,32
2185695,Chris Conant,M,636,243 reps,,243,United States,CrossFit Berlin,39
496305,Luke Tamanini,M,637,243 reps,,243,Australia,CrossFit Athletic,29
2871515,Soner Ciliv,M,638,243 reps,,243,Germany,CrossFit Valens,31
2523850,Hugues Kennel,M,638,243 reps,,243,France,TRIBOK CrossFit,27
1555559,William Orso,M,638,243 reps,,243,Brazil,CrossFit Bento,31
2602679,Cameron Maclean,M,641,243 reps,,243,United Kingdom,CrossFit Athletic,30
2914543,Quentin Bertagna,M,642,243 reps,,243,France,CrossFit Shinsekai,29
1309312,Ben Kucenko,M,643,243 reps,,243,Australia,,42
2909569,Clément Brocard,M,643,243 reps,,243,France,CrossFit Rives,32
1308304,Pascal Montgaillard,M,643,243 reps,,243,France,CrossFit de la Paix,40
750447,Mitch Johnstone,M,646,243 reps,,243,Canada,CrossFit Currie Barracks,34
2689577,Brandon Kibble,M,647,243 reps,,243,Australia,Kinetic Performance CrossFit,28
109518,Toby Cooley,M,647,243 reps,,243,United Kingdom,CrossFit Iron Duke,45
1985708,Monty McPhee,M,647,243 reps,,243,United Kingdom,Coastline CrossFit,27
2167326,Scott Towell,M,650,243 reps,,243,United Kingdom,Station 14 CrossFit,49
2725736,Daniel Perez,M,3799,147 reps,,147,United States,Bring The Thunder CrossFit,32
2791175,Oskar Anders,M,3799,147 reps,,147,Germany,CrossFit Helden,38
2696951,Ryan Smith,M,3803,147 reps,,147,United States,CrossFit Wooster,47
2796277,Brian Raleigh,M,3804,147 reps,,147,United States,CrossFit 626,47
2606618,Mathieu Smeed,M,3805,147 reps,,147,United Kingdom,CrossFit Tunbridge Wells,40
1212397,Blake Wright,M,3806,147 reps,,147,United States,,41
2920189,Ryan Lambert,M,3806,147 reps,,147,Australia,CrossFit Tide Athletic,37
2831210,Jonathan Milton,M,3806,147 reps,,147,United Kingdom,Two Ton CrossFit,37
2792444,Marc Braam,M,3806,147 reps,,147,Netherlands,CrossFit Nieuwegein,33
2906424,Julien ALESSI,M,3810,146 reps,,146,France,CrossFit Mougins,24
1725980,Patrick Böhner,M,3811,146 reps,,146,Germany,CrossFit Rosenheim,52
2965599,Jeoung ho Park,M,3812,146 reps,,146,Korea (the Republic of),CrossFit Vulcan,52
543555,Nathaniel Goolsby,M,3812,146 reps,,146,United States,Warrior Pride Fitness CrossFit,38
2806107,Chris Finn,M,3812,146 reps,,146,Australia,CrossFit Magnus,35
2391867,Nick Zeller,M,3815,146 reps,,146,Australia,CrossFit Slade,32
2594626,Harry Shacklady,M,3815,146 reps,,146,United Kingdom,Coastline CrossFit,38
778686,Chris Symons,M,3817,146 reps,,146,Australia,CrossFit Lactic,35
2921503,Shane McConville,M,3818,146 reps,,146,Ireland,CrossFit St Kilda,25
2413823,Sung-jin Lee,M,3819,146 reps,,146,Korea (the Republic of),CrossFit Apgujeong,43
2946275,Gillam Seddon-Callaghan,M,3820,146 reps,,146,Australia,CrossFit Narellan,29
2914956,Jacob Sand,M,3821,146 reps,,146,United States,CrossFit MFP,40
1963223,Joseph Nacionales,M,3822,146 reps,,146,United States,Bombers CrossFit,30
2949712,Eric Falcon,M,3823,146 reps,,146,United States,CrossFit Lehigh Valley,41
934624,Byron Maizey,M,3824,146 reps,,146,Australia,CrossFit CrossAxed,30
2651656,Marcos Crejoinas,M,3824,146 reps,,146,Brazil,,45
2952535,alan hatwell,M,3824,146 reps,,146,United Kingdom,CrossFit LE3,50
1188091,Michael Pincas,M,3824,146 reps,,146,France,CrossFit Lyon,53
2923120,Danny Mackenzie,M,3824,146 reps,,146,United Kingdom,Aeternum CrossFit,19
2914705,Ryan Gauthier,M,3824,146 reps,,146,United States,,32
2943204,Michal Wierzchowski,M,3830,145 reps,,145,United States,Southern Boom CrossFit,45
2914092,Reggie Held,M,3831,145 reps,,145,Canada,Kaos CrossFit,18
2630401,George Gavriel,M,3832,145 reps,,145,United Kingdom,CrossFit Vastus,44
2921561,João Pedro Flores,M,3833,145 reps,,145,Portugal,Rust CrossFit,22
2474199,Jacques Nel,M,3834,145 reps,,145,South Africa,Red X CrossFit,35
2440878,Kyle Heidt,M,3835,145 reps,,145,United States,CrossFit Okoboji,40
236072,Diego Ramirez,M,3836,145 reps,,145,Brazil,CrossFit Santista,45
2625878,Dong Jun Cheon,M,3837,145 reps,,145,Korea (the Republic of),Touch and Go CrossFit,31
2784480,Gareth Coller,M,3838,145 reps,,145,United Kingdom,CrossFit Calne - The Pack,51
2966829,Nick Clark,M,3838,145 reps,,145,United Kingdom,CrossFit Fort Ashton,33
2966004,Timothée Moine,M,3838,145 reps,,145,France,CrossFit Villeurbanne,25
2814431,Patrick Cullen,M,3838,145 reps,,145,Australia,CrossFit Tannum Sands,26
983817,Luke Ryder,M,3842,145 reps,,145,Australia,CrossFit Facilitate,36
189649,Ben Wilson,M,3843,145 reps,,145,Australia,CrossFit Bounce,47
2812052,Florien BELLOCHIO,M,3843,145 reps,,145,France,CrossFit Vinkere,30
2564432,Reet Rana,M,3845,145 reps,,145,United Kingdom,CrossFit BFG,20
2970544,Anthony Williams,M,3846,145 reps,,145,United States,CrossFit Lake Wylie,26
2464778,Rob Edwards,M,3847,145 reps,,145,United Kingdom,CrossFit Solent,43
2913483,Alan de Villiers,M,3847,145 reps,,145,South Africa,CrossFit Juggernaut,37
2389750,Julio Cesar Hernandez Velasco,M,3847,145 reps,,145,Mexico,,36
2971261,Brian Crabtree,M,3850,145 reps,,145,United States,NXT Level CrossFit,37
1139814,Enzo Ronchetti,M,650,243 reps,,243,France,CrossFit Maladium,32
1892009,Ben Sewell,M,650,243 reps,,243,United Kingdom,CrossFit LDB,29
2443430,Chung Hee KIM,M,653,242 reps,,242,Korea (the Republic of),VX CrossFit,36
2743551,Micah Lantz,M,654,242 reps,,242,United States,CrossFit Polaris,27
2909607,Tiago Vaz,M,655,242 reps,,242,Portugal,Viriato CrossFit,34
2009850,Nacho Nieto Bravo,M,656,242 reps,,242,Spain,CrossFit CFSL San Lorenzo de El Escorial,33
1887753,Brendan Webster,M,657,242 reps,,242,United States,Titan CrossFit,26
2448510,Thomas Armstrong,M,658,242 reps,,242,Australia,,30
2813110,Ciaran Pender,M,659,242 reps,,242,Ireland,Farmyard CrossFit,30
2927272,Jacob Schauer,M,660,242 reps,,242,United States,Stand Firm CrossFit,22
2944030,Tom Wheeler,M,661,242 reps,,242,United Kingdom,Coast Side CrossFit,28
2588388,SUCHENG YANG,M,661,242 reps,,242,Chinese Taipei,Hongtai CrossFit,29
2501416,Alexandre Ampilhac,M,663,242 reps,,242,France,CrossFit Louvre,42
2118950,Guillermo Tomas,M,663,242 reps,,242,Belgium,CrossFit W950,39
2943050,SEHYUN LIM,M,665,242 reps,,242,Korea (the Republic of),Jinju CrossFit,26
2567945,Luke Johnson,M,666,242 reps,,242,United States,Wasatch CrossFit,21
856786,Guston Rankin,M,667,242 reps,,242,United States,Chikara CrossFit,39
2623849,Paul Laucher-Linares,M,668,242 reps,,242,Australia,CrossFit Melbourne,24
2563655,Jack Howard,M,669,242 reps,,242,United Kingdom,CrossFit Thame,28
304058,Patrick Ruff,M,670,242 reps,,242,United States,Five Forks CrossFit,41
2622869,Shoham Dayan,M,670,242 reps,,242,Israel,CrossFit Rishon City,27
2225963,Cho Inhak,M,672,242 reps,,242,Korea (the Republic of),,31
2172438,Jonathan Deniau,M,673,242 reps,,242,France,CrossFit United Together,37
2392910,Daan Constandse,M,673,242 reps,,242,Netherlands,CrossFit Leeuwarden,46
2256460,Oliver Loughead,M,673,242 reps,,242,Ireland,Boundary CrossFit 2,33
1461348,Jorn Theys,M,673,242 reps,,242,Belgium,CrossFit LandMarck,36
246772,Jason Karan-Cole,M,677,241 reps,,241,Australia,Rocks CrossFit,32
1058521,Andrew Hicks,M,678,241 reps,,241,Australia,Wolfe Den CrossFit,37
2514943,ANDREA IULIANO,M,679,241 reps,,241,Italy,CrossFit Udine,28
1769777,Adrien Nadin,M,679,241 reps,,241,France,Vinea Fortis CrossFit,28
1735619,Lawrie McLennan,M,681,241 reps,,241,United Kingdom,CrossFit Aldgate,34
794681,Chris Temples,M,682,241 reps,,241,United States,CrossFit Birmingham,29
2701684,Dylan Visser,M,682,241 reps,,241,United Kingdom,CrossFit Fareham,19
2499196,Ben Sawyer,M,684,241 reps,,241,Australia,CrossFit Armidale,43
2665908,Ryan Thomas,M,684,241 reps,,241,Australia,,33
2392486,Bar Balaish,M,684,241 reps,,241,Israel,CrossFit Goldfit,25
174447,Dan Scott,M,687,241 reps,,241,Australia,,41
2627386,Pau Martínez,M,687,241 reps,,241,Spain,La Huella CrossFit,41
437388,Isaac Mainey,M,689,241 reps,,241,Australia,Two Wolf CrossFit,33
2806329,Ewan Robertson,M,689,241 reps,,241,United Kingdom,CrossFit Glasgow,25
1738702,Isaac Cleveland,M,691,241 reps,,241,United States,Upper Valley CrossFit,27
2472318,Mantas Maulė,M,692,241 reps,,241,Lithuania,CrossFit Kaunas,26
411461,Timote Guillouet,M,693,241 reps,,241,France,CrossFit Samarobriva,33
267422,Matteo Pizzi,M,694,241 reps,,241,Italy,CrossFit Segrate,36
2415752,Hyun Ki Choi,M,695,241 reps,,241,Korea (the Republic of),CrossFit Sanbon,31
2643517,Caleb Cohen,M,696,241 reps,,241,Australia,CrossFit Ipswich,26
2204426,Mathieu Blanc,M,697,241 reps,,241,France,CrossFit Maladium,32
2971321,Brady Sarkon,M,697,241 reps,,241,United States,Archetype CrossFit,29
2430115,Fabien LEVRAY,M,697,241 reps,,241,France,CrossFit Callisto,32
2673732,Matt Hansen,M,697,241 reps,,241,New Zealand,CrossFit Bay of Islands,40
2447498,Ben Clerc,M,750,239 reps,,239,Australia,CrossFit The Stables,27
2961986,Mario Migaldi,M,752,239 reps,,239,United States,CrossFit Big House,23
1225998,August von Reiche,M,752,239 reps,,239,Samoa,CrossFit Access,28
2160769,Justin McClure,M,752,239 reps,,239,United States,CrossFit Birmingham,27
2637724,DIEGO ARISTIZABAL,M,755,239 reps,,239,Ecuador,Tucán CrossFit,34
2161493,Dan Williams,M,755,239 reps,,239,United Kingdom,CrossFit Mercia,41
2851537,Isaac Parker,M,757,239 reps,,239,Australia,CrossFit Iron Lion,30
2919810,Timothee Ludot,M,758,239 reps,,239,France,CrossFit Yggdrasil,32
2734012,Rui Ramos,M,759,239 reps,,239,Portugal,5.7 CrossFit,29
1923604,Job Daniel Byrne,M,760,239 reps,,239,Australia,Rise And Conquer CrossFit,28
2485913,Fontaine benjamin,M,761,239 reps,,239,France,CrossFit Salon de Provence,36
2798993,Charlie geng,M,761,239 reps,,239,China,CrossFit ITF,28
1993126,Connor Cooper,M,763,238 reps,,238,United Kingdom,CrossFit Bermondsey,33
2946483,Epokifoou Polaapau,M,764,238 reps,,238,New Zealand,CrossFit 43,23
1605114,Alex Morales,M,765,238 reps,,238,Brazil,CrossFit UltiLife,40
2619088,Beppe Di Somma,M,766,238 reps,,238,Italy,CrossFit Cervo Nero,41
2915561,Lockie Coombes,M,767,238 reps,,238,Australia,CrossFit Moose Fitness,26
154731,Charles Dye,M,768,238 reps,,238,United States,South Tampa CrossFit,44
2187961,Jaime Jiménez López,M,769,238 reps,,238,Spain,NAMA CrossFit,37
1873473,Alexis Elisabeth,M,770,238 reps,,238,France,CrossFit de la Paix,37
1227372,Shane McCall,M,771,238 reps,,238,United Kingdom,CrossFit Chiltern,46
2850188,Leon Plouviez,M,771,238 reps,,238,United Kingdom,CrossFit SWTBX Yard,30
2294287,Thoma REUILLON,M,773,238 reps,,238,France,3.7 CrossFit II,17
2916605,Kim Ju chan,M,773,238 reps,,238,Korea (the Republic of),Jinju CrossFit,24
1963293,Sicheng Feng,M,775,238 reps,,238,China,,29
2190614,Cho JunGyu,M,776,238 reps,,238,Korea (the Republic of),VX CrossFit,28
2948615,Adam Demler,M,777,238 reps,,238,Australia,CrossFit Mooloolaba,34
622163,Anthony Weedon,M,777,238 reps,,238,United Kingdom,CrossFit SoX,47
2090514,Randall Miller,M,779,238 reps,,238,United States,CrossFit Holly Springs,23
2805394,Matteo Innocenti,M,780,238 reps,,238,Italy,CNT CrossFit,23
431772,Wook-Hyun Lee,M,780,238 reps,,238,Korea (the Republic of),CrossFit Cheongna,34
2612453,Louie Hill,M,782,238 reps,,238,United Kingdom,CrossFit Sisyphus,33
1181678,João Fernandes,M,782,238 reps,,238,Portugal,5.7 CrossFit,27
1844721,Florian Höcherl,M,784,238 reps,,238,Germany,CrossFit Erlangen,32
396025,Terry Warren,M,784,238 reps,,238,United States,Erie Shore CrossFit,43
2862938,Themis Kordas,M,786,238 reps,,238,Greece,Dark Ace CrossFit,33
2248205,Neil Clapperton,M,787,238 reps,,238,United States,CrossFit 517,32
2135089,Quentin Ponsard,M,787,238 reps,,238,France,CrossFit Trévoux,31
1254324,Ryan Navarre,M,789,237 reps,,237,United States,CrossFit Big Guava,33
1984806,Harry Bullmore,M,790,237 reps,,237,United Kingdom,BKW CrossFit,29
2474100,Michael Regino,M,790,237 reps,,237,Australia,,33
2091589,Paolo Biglia,M,792,237 reps,,237,Brazil,Maddock CrossFit,40
1592074,Brent Malone,M,793,237 reps,,237,Australia,CrossFit Bil Athletic,34
1960673,Mr Spencer,M,794,237 reps,,237,United Kingdom,CrossFit Chocolate Box,39
2499272,Woong Jo,M,794,237 reps,,237,Korea (the Republic of),CrossFit Maka,31
1993234,Tatsuya Kobayashi,M,796,237 reps,,237,Japan,CrossFit Nihombashi,33
2964365,Lasse Linnavirta,M,797,237 reps,,237,Finland,CrossFit Salmisaaren Saliseura,33
2807493,Luan Baldassari de Oliveira,M,797,237 reps,,237,Brazil,CrossFit Bento,31
2699252,Michael Long,M,797,237 reps,,237,Australia,CrossFit Union Ellenbrook,32
521289,Dooyoung Jeong,M,800,237 reps,,237,Korea (the Republic of),CrossFit Apgujeong,43
2612233,YOUNGSANG CHO,M,2251,194 reps,,194,Korea (the Republic of),CrossFit Yeongtong,28
2951871,Joe Burgess,M,2252,194 reps,,194,New Zealand,CrossFit Porirua,22
2856925,Jeon Hyeong il,M,2253,194 reps,,194,Korea (the Republic of),CrossFit Goroket,31
2957333,Juho Luoma,M,2254,194 reps,,194,Finland,CrossFit 10K,36
564878,Lucas Costa Guimaraes,M,2255,194 reps,,194,Brazil,CrossFit Setagaya,33
2935896,Liam Harry,M,2255,194 reps,,194,Australia,CrossFit 505,34
2707789,William Souza,M,2257,194 reps,,194,Brazil,Republica CrossFit,30
2661020,Cedric Gerbelot,M,2258,194 reps,,194,France,CrossFit Gerland,30
2586735,Kwon Taehan,M,2258,194 reps,,194,Korea (the Republic of),CrossFit RNL,37
2831767,YEOJIN LEE,M,2260,194 reps,,194,Korea (the Republic of),CrossFit Dongtan Base,38
2806182,Jake Robertson,M,2261,194 reps,,194,Australia,CrossFit Dauntless,33
2785256,Joonhyuk Oh,M,2262,194 reps,,194,Korea (the Republic of),CrossFit Cheongna,37
2432784,Hyunmook Lim,M,2263,194 reps,,194,Korea (the Republic of),CrossFit bigcheese SINDANG,42
2298499,Blake Stewart,M,2264,194 reps,,194,United States,Old Hickory CrossFit,37
2806310,Luke Goldthorpe,M,2264,194 reps,,194,United Kingdom,Wakefield CrossFit,26
1759327,Thibaut Kervevan,M,2266,194 reps,,194,France,Silvaticus CrossFit,34
2934793,Daniel Robertson,M,2267,194 reps,,194,Australia,CrossFit Wollongong,41
2851970,SEUNGGEUN HA,M,2268,194 reps,,194,Korea (the Republic of),CrossFit Boom,36
739443,Anthony Murphy,M,2269,194 reps,,194,Australia,CrossFit 2444,54
2807836,Florian Vielweber,M,2270,194 reps,,194,Germany,CrossFit T.S.S.,46
1756063,Axel Heimer,M,2270,194 reps,,194,United States,CrossFit AP,38
2356306,Adam Trace,M,2272,194 reps,,194,Australia,CrossFit DECK,45
2165884,Aaron Gleeson,M,2273,194 reps,,194,Australia,CrossFit Bells Beach,42
2958415,Ruan Ritter,M,2274,194 reps,,194,South Africa,CrossFit Alberton 2.0,34
2915100,Gerard Brown,M,2274,194 reps,,194,United Kingdom,CrossFit Astraea,41
2087055,William Fichtner,M,2276,194 reps,,194,Germany,CrossFit Erfurt,38
2927262,Richard Pollock,M,2276,194 reps,,194,United Kingdom,CrossFit Beowulf,32
2598522,Scott Hansen,M,2276,194 reps,,194,Australia,,43
2691001,Mat Ombler,M,2279,194 reps,,194,United Kingdom,CrossFit Humber,34
2963502,YunChang Choi,M,2280,194 reps,,194,Korea (the Republic of),CrossFit CSS,34
148780,Matt Little,M,2280,194 reps,,194,United States,CrossFit Mafia,50
2633266,Andrew Roberts,M,2282,194 reps,,194,Australia,CrossFit 4165,34
2784349,Hamish Bowden,M,2283,194 reps,,194,Australia,CrossFit Highfields,37
983329,Rob Heindl,M,2284,194 reps,,194,United States,CrossFit Potentia,43
2803839,Phil Harman,M,2285,194 reps,,194,United Kingdom,CrossFit Vastus,37
153281,Thys de Beer,M,2286,194 reps,,194,South Africa,CrossFit Alioth,38
2164723,Kieran Mallin,M,2287,194 reps,,194,United Kingdom,CrossFit Airdrie,32
2941558,Thomas Mermans,M,2288,194 reps,,194,Belgium,CrossFit Brug 6,34
2941143,Brady King,M,2289,194 reps,,194,United Kingdom,CrossFit North Head,30
447612,Frank Radosta,M,2290,194 reps,,194,United States,,43
2910440,Laurynas Spangevičius,M,2291,194 reps,,194,Lithuania,Amber CrossFit,35
576122,Arquillere Jean-Baptiste,M,2292,194 reps,,194,France,CrossFit Genas,34
2835937,Karl Urban,M,2293,194 reps,,194,United States,CrossFit Body Blueprint,39
2629625,Louan Prou,M,2294,194 reps,,194,France,CrossFit La Roche sur Yon,19
2830471,Liam Jones,M,2295,194 reps,,194,United Kingdom,CrossFit OL1,39
2972485,Christopher Maurin,M,2296,194 reps,,194,France,CrossFit Graoully,39
2957328,Vincent ESQUIVIAS,M,2297,194 reps,,194,France,CrossFit Oloron Sainte Marie,27
2947025,Gabriel Marcos,M,2297,194 reps,,194,Brazil,CrossFit Blumenau,30
70129,Alex Manders,M,2297,194 reps,,194,New Zealand,CrossFit Mecca,34
2940589,Clément Le Neué,M,2297,194 reps,,194,France,CrossFit Brest,27
2639976,Pearse Hannigan,M,3850,145 reps,,145,Ireland,CrossFit Kirkintilloch,40
2571250,Itzik Moshe,M,3850,145 reps,,145,Israel,CrossFit Beit Hillel,37
2961694,Peter Thurdekoos,M,3853,145 reps,,145,United States,CrossFit Seize the Day,30
2938877,Adam Truong,M,3854,145 reps,,145,Australia,Macarthur CrossFit,29
672991,Davin Quarshie,M,3854,145 reps,,145,United States,CrossFit Downtown Atlanta,35
2966106,JUNICHI SHIMADA,M,3856,144 reps,,144,Japan,,37
2789313,Baptiste Aguera,M,3857,144 reps,,144,France,CrossFit Sunway,38
2963022,Federico Piero Bertuglia,M,3858,144 reps,,144,Italy,CrossFit Alkimia,35
1097619,Phil McCourt,M,3859,144 reps,,144,United Kingdom,CrossFit Volentia,36
2806921,Foster Douglas,M,3860,144 reps,,144,United Kingdom,Still CrossFit,41
134576,jurrien Kelling,M,3861,144 reps,,144,United States,CrossFit Honolulu,51
528987,Brydon Tweedie,M,3862,144 reps,,144,New Zealand,CrossFit Louka,54
2947644,Michał Strus,M,3863,144 reps,,144,Poland,CrossFit Faster Harder Better,37
2919229,Renier Esterhuysen,M,3864,144 reps,,144,South Africa,CrossFit Razmig,43
2782132,Hyungseop Sin,M,3865,144 reps,,144,Korea (the Republic of),CrossFit Samson,27
977420,Aaron Paul,M,3865,144 reps,,144,Australia,CrossFit Moose Fitness,38
2951168,Daniele sartori,M,3867,144 reps,,144,Italy,CrossFit Deed,41
2172285,Loic Mention,M,3867,144 reps,,144,Japan,CrossFit Roppongi,40
2869774,Harry VOWELL,M,3867,144 reps,,144,Thailand,CrossFit Chiang Mai,45
2925882,Michael Schranz,M,3867,144 reps,,144,Switzerland,CrossFit Quivelda,44
2940577,Gianluca Crocini,M,3871,144 reps,,144,Italy,CrossFit Iris,37
2222414,Liam O'Leary,M,3871,144 reps,,144,United Kingdom,Cattle Dog CrossFit,39
107948,Tom Reid,M,3873,144 reps,,144,United Kingdom,NOMADIC TC CrossFit,37
2822379,Eshan Trehan,M,3873,144 reps,,144,India,I Think CrossFit,25
2970170,Alexis LUCAS,M,3875,144 reps,,144,France,CrossFit Portes du Tarn,24
2795728,Colton McMullen,M,3875,144 reps,,144,United States,51 Bridges CrossFit,28
2423742,Ben Peachey,M,3875,144 reps,,144,United Kingdom,Unit15 CrossFit,46
2507600,Paul Dempsey,M,3878,144 reps,,144,Australia,Ballarat Goldfields CrossFit,53
2663631,Thomas Thompson,M,3878,144 reps,,144,Canada,CrossFit Vic City,52
2915654,James Ledwich,M,3878,144 reps,,144,United Kingdom,CrossFit Fearnaught,23
2956111,Josh Freeman,M,3881,144 reps,,144,Australia,TandEm CrossFit,37
1415866,Paul Nelson,M,3881,144 reps,,144,United Kingdom,CrossFit KVLR,29
2921520,Sergio Jose Castillo Marcano,M,3881,144 reps,,144,Italy,CNT CrossFit,45
2919672,Mailo Bernard SIVERT,M,3881,144 reps,,144,France,CrossFit Nakama,39
1059368,Laurent Brunon,M,3881,144 reps,,144,France,100 Pourcent CrossFit,53
2455859,Benjamin Chai,M,3886,144 reps,,144,Malaysia,CrossFit Braybrook,27
2205970,Arik Gershenovich,M,3886,144 reps,,144,Israel,Impulso CrossFit,42
2915791,Guy Shacham,M,3886,144 reps,,144,Israel,YV CrossFit Afula,48
2904502,Angelo Santos,M,3886,144 reps,,144,Australia,CrossFit 168 II,29
2109197,Sean Phillips,M,3890,143 reps,,143,Australia,CrossFit Western Front,39
2258687,Eric Dirksen,M,3891,143 reps,,143,United States,Corn Country CrossFit,45
2260530,Bryan OLeary,M,3892,143 reps,,143,United States,CrossFit Bison,44
2925201,Nicolas Quesnel,M,3893,143 reps,,143,France,CrossFit Nakama,34
2509622,Mark Purcell,M,3894,143 reps,,143,United States,CrossFit Clintonville,49
2923931,Jean-Simon Vacher,M,3894,143 reps,,143,France,CrossFit HEKA - Croix-Rousse,39
2822417,Brandon Shannon,M,3896,142 reps,,142,United States,Shogun CrossFit,39
2933845,CHANHYEONG PARK,M,3897,142 reps,,142,Korea (the Republic of),,30
845323,Konstantin Akimov,M,3898,142 reps,,142,Russian Federation,CrossFit Tay Ho,37
2944389,Ian Morrison,M,3899,142 reps,,142,Australia,CrossFit Slade,40
1158888,Ben James,M,3900,142 reps,,142,Australia,MSF CrossFit,43
2656986,Chris Brown,M,2201,196 reps,,196,Australia,,27
2786420,Christophe Simon,M,2201,196 reps,,196,France,CrossFit Genas,42
2196745,Dylan Nolz,M,2201,196 reps,,196,United States,Odin CrossFit,32
1296937,Paul Jordan,M,2204,196 reps,,196,United Kingdom,CrossFit Leamington,52
476969,Danny Russell,M,2204,196 reps,,196,Australia,CrossFit Bells Beach,48
2908402,Todd Lane,M,2206,196 reps,,196,United Kingdom,CrossFit Bath,38
2948730,Troy Leslie,M,2207,196 reps,,196,Canada,CrossFit Etobicoke,36
2674110,Phillip Sproule,M,2208,196 reps,,196,Australia,CrossFit TPF,45
140296,Jason Kolodziej,M,2208,196 reps,,196,United States,CrossFit Liminal,44
2824665,Tate Lendich,M,2210,196 reps,,196,Australia,CrossFit Tide Athletic,28
190031,Tom Mason,M,2211,196 reps,,196,United Kingdom,Gymnasium CrossFit Brixton,40
1771797,Matthew Schwarze,M,2212,196 reps,,196,Australia,CrossFit Southern Highlands,47
708542,Ariel Levine,M,2213,196 reps,,196,Israel,CrossFit Haifa,43
2967784,Nicolas Delvot,M,2214,196 reps,,196,France,CrossFit 571,25
2171024,Nicolas Cornevaux,M,2215,196 reps,,196,France,La Defense Factory CrossFit,49
1745510,Andrew Wells,M,2216,196 reps,,196,United States,All In CrossFit,40
2473832,Finn Kim,M,2216,196 reps,,196,Korea (the Republic of),,22
2681448,Ben Clayton,M,2216,196 reps,,196,United Kingdom,CrossFit Haddington,47
2784408,Jo Verleysen,M,2216,196 reps,,196,Belgium,CrossFit B76,42
2109339,Scott Morrison,M,2220,195 reps,,195,Australia,,51
2627052,Vincent Besnard,M,2221,195 reps,,195,France,CrossFit Chartres,38
2903183,Tai Fallows,M,2222,195 reps,,195,Australia,CrossFit Highfields,25
1585638,Heath Lawless,M,2223,195 reps,,195,Australia,CrossFit Coastal Edge,35
2939279,Lewis Stones,M,2224,195 reps,,195,United Kingdom,CrossFit Humber,35
2923343,charly BASKENS,M,2225,195 reps,,195,France,Kitsune CrossFit,31
238674,Mahmoud Elzayat,M,2226,195 reps,,195,Egypt,CrossFit Greater Heights,32
1349938,Marcin Jasion,M,2227,195 reps,,195,Poland,CrossFit Elektromoc,36
2492036,Ethan Skinner,M,2228,195 reps,,195,United States,CrossFit Petram,32
2205813,Kim Tae Hun,M,2228,195 reps,,195,Korea (the Republic of),CrossFit Rainfield,39
2905282,JungWoo Seo,M,2230,195 reps,,195,Korea (the Republic of),Million CrossFit,35
2543733,Seb Tinning,M,2231,195 reps,,195,United Kingdom,CrossFit 1298,40
1705065,Michael Wilce,M,2231,195 reps,,195,United Kingdom,CrossFit Huntsman,38
2223243,Kris Foley,M,2233,195 reps,,195,United Kingdom,179 CrossFit,27
1291681,Reid Mann,M,2234,195 reps,,195,United States,CrossFit Vokse,44
218965,GeunSeong Park,M,2235,195 reps,,195,Korea (the Republic of),CrossFit Baekseok,39
1224951,Marco Accordo,M,2236,195 reps,,195,United States,CrossFit Unrivaled,41
2656052,Vincenzo Manno,M,2236,195 reps,,195,Italy,Reebok CrossFit Alcamo,36
2896011,Kevin Foli,M,2236,195 reps,,195,France,CrossFit Ternay,33
2789753,mike radford,M,2239,195 reps,,195,United Kingdom,CrossFit Chew Valley,42
2836318,Jimmy Hill,M,2240,195 reps,,195,United Kingdom,CrossFit Leicester,46
2930957,Dong Tan,M,2241,195 reps,,195,Thailand,CrossFit Peak 365,37
2447537,Rich Simpson,M,2242,195 reps,,195,United Kingdom,CrossFit RTV,46
2203280,Lee Kyuyoon,M,2242,195 reps,,195,Korea (the Republic of),CrossFit Roppongi,38
1456605,Andrew Piccirillo,M,2244,195 reps,,195,United States,CrossFit 321,36
2818697,Damo Fouracres,M,2245,195 reps,,195,United Kingdom,New Horizon CrossFit,39
2613817,Scott Pierce,M,2246,195 reps,,195,United States,Dawson CrossFit,38
1830793,Mathias Willumsen,M,2247,195 reps,,195,Norway,CrossFit Oslo Kriger,36
932389,Lionel RIVIERE,M,2247,195 reps,,195,France,CrossFit Lyon,51
2652359,Paulo Filgueiras,M,2247,195 reps,,195,Portugal,WOOW CrossFit,35
1497641,Alfred Moreno,M,2247,195 reps,,195,Spain,CrossFit Hook Grip,45
2416874,Pedro Simoes,M,2297,194 reps,,194,Portugal,5.7 CrossFit,42
2207918,Rick Van Diermen,M,2297,194 reps,,194,Netherlands,,33
2894090,Quentin De sousa,M,2297,194 reps,,194,France,CrossFit Saint Quentin,25
2267854,Ben Holland,M,2304,193 reps,,193,United Kingdom,CrossFit Bosham,40
2674178,Anthony Chaucheil,M,2305,193 reps,,193,France,CrossFit Sarlat la Caneda,40
2918547,Paolo Innocenti,M,2306,193 reps,,193,Italy,CNT CrossFit,19
2972557,이 창현,M,2307,193 reps,,193,Korea (the Republic of),CrossFit Vulcan,30
2964031,Lee Dongyoung,M,2308,193 reps,,193,Korea (the Republic of),CrossFit CSS,26
2076093,John Pola,M,2309,193 reps,,193,United States,CrossFit SCV,29
1366655,Loïc Martin,M,2310,193 reps,,193,France,CrossFit Robion,35
1411695,Sam Cain,M,2311,193 reps,,193,United Kingdom,CrossFit APC,34
2796191,Aurélien Richard,M,2312,193 reps,,193,France,CrossFit Nakama,29
2967195,Jake Aaberg,M,2313,193 reps,,193,United States,CrossFit West Seattle,25
2819657,Marc Ritchie,M,2314,193 reps,,193,United Kingdom,Still CrossFit,41
496547,Lincoln McIntyre,M,2315,193 reps,,193,Australia,CrossFit Ipswich,26
2839010,seonghyun song,M,2316,193 reps,,193,Korea (the Republic of),CrossFit PALPAL,37
199576,Alexander Bonwick,M,2317,193 reps,,193,Australia,CrossFit CrossAxed,34
2218806,Reece Keogh,M,2318,193 reps,,193,Australia,CrossFit Athletic City,32
2825746,Steven Rayner,M,2318,193 reps,,193,United Kingdom,KTC CrossFit,38
419460,Mark Paddon,M,2320,193 reps,,193,United Kingdom,CrossFit IOW,41
2500512,Jean-Francois Bidault,M,2321,193 reps,,193,France,CrossFit de la Paix,38
2811514,Nick Day,M,2322,193 reps,,193,United Kingdom,CrossFit Tunbridge Wells,40
2608918,Tyba Murphy,M,2323,193 reps,,193,Australia,Raw Iron CrossFit,29
2785540,Joost Busstra,M,2324,193 reps,,193,Netherlands,CrossFit Dom City,38
390288,Del Love,M,2325,193 reps,,193,United States,CrossFit Holly Springs,44
2810354,Matt Patterson,M,2326,193 reps,,193,Australia,CrossFit Moorabbin,37
679697,Jeffrey A Grattan,M,2327,193 reps,,193,United States,,35
2759854,Masi Mailammi,M,2328,193 reps,,193,Finland,CrossFit Basement Kurvi,36
2210585,Luca Marchi,M,2328,193 reps,,193,Italy,CrossFit Hoboken,45
2965953,Ollie Crook,M,2330,193 reps,,193,United Kingdom,White Cliffs CrossFit,34
2100234,Anthony Letellier,M,2331,193 reps,,193,France,CrossFit 571,42
1594148,Dino Väärä,M,2331,193 reps,,193,Finland,North Engine CrossFit,37
2828025,David Gulliver,M,2331,193 reps,,193,Australia,Dialogue CrossFit,36
2171672,Mickaël Carriere,M,2331,193 reps,,193,France,La Defense Factory CrossFit,34
2941560,Fernando Gomes,M,2335,192 reps,,192,Brazil,MAD CrossFit,35
2908576,Kyle Lundholm,M,2336,192 reps,,192,Australia,CrossFit Dubbo,34
244059,Jacob Mole,M,2337,192 reps,,192,Australia,CrossFit Larrikins,41
1058553,Adam Bridger,M,2338,192 reps,,192,Australia,CrossFit 43,47
1587046,Craig Young,M,2338,192 reps,,192,United Kingdom,CrossFit Kirkintilloch,48
2432297,Joel Allingham,M,2340,192 reps,,192,Australia,CrossFit CrossAxed,45
1900504,Julian Wilson,M,2340,192 reps,,192,United States,MSF CrossFit,24
2906499,Lander Acedo,M,2342,192 reps,,192,Spain,CrossFit KKUK,27
2931085,Moritz Lemp-Alic,M,2343,192 reps,,192,Germany,CrossFit LDK,31
2430161,DongGeon Hwang,M,2344,192 reps,,192,Korea (the Republic of),CrossFit Bigfoot,29
2822935,gunyoung kim,M,2345,192 reps,,192,Korea (the Republic of),Touch and Go CrossFit,30
2810386,kwon seunghyun,M,2346,192 reps,,192,Korea (the Republic of),Musclespoon CrossFit,20
2511658,Matt Ruane,M,2347,192 reps,,192,United Kingdom,CrossFit Solent,44
407239,Douglas Escobar,M,2348,192 reps,,192,United States,,49
2173901,Alexander Whitehead,M,2349,192 reps,,192,Australia,Freezing Hot CrossFit,34
2623997,Nicolas Bruguiere,M,2349,192 reps,,192,France,CrossFit Chinon,40
2802161,Craig Cooper,M,3747,149 reps,,149,United Kingdom,CrossFit Fort Ashton,45
1896434,Alex Robinson,M,3752,149 reps,,149,United Kingdom,Ore CrossFit,50
1382082,Guillaume Treutenaere,M,3753,149 reps,,149,France,CrossFit Yggdrasil,50
2905345,Jirapat Worakitikunwat,M,3753,149 reps,,149,Thailand,Power Up CrossFit,34
2904693,Christopher Burns,M,3755,149 reps,,149,Australia,CrossFit New Beginning,28
388511,Andrew Walsh,M,3756,149 reps,,149,Australia,CrossFit Wollongong,51
1753911,Gregg Robertson,M,3756,149 reps,,149,United Kingdom,,43
2205793,Lewis Whitehill,M,3758,149 reps,,149,United Kingdom,CrossFit APC,32
987907,Bobby Risdon,M,3759,149 reps,,149,United States,CrossFit DBP,53
2596665,Jason Hillyar,M,3760,149 reps,,149,United Kingdom,CrossFit Solent,39
1695238,David Adamthwaite,M,3760,149 reps,,149,Australia,CrossFit Cessnock,39
2202554,John Williams,M,3762,149 reps,,149,United Kingdom,CrossFit Louth,37
2963799,KIM SEOKHEON,M,3763,149 reps,,149,Korea (the Republic of),CrossFit Bareun,33
2609176,Nathan Steele,M,3764,149 reps,,149,Australia,CrossFit Forbes,43
2809149,Stuart Harnett,M,3764,149 reps,,149,New Zealand,CrossFit 564,54
2810927,Garnier Clement,M,3764,149 reps,,149,France,CrossFit Le Mans,38
2547892,Samuel Baird,M,3764,149 reps,,149,United States,CrossFit Covalence,42
1683314,Stefano Vigneri,M,3768,148 reps,,148,Italy,CrossFit Officine,40
2921893,Pedro Teixeira,M,3769,148 reps,,148,Portugal,Rust CrossFit,44
2962646,Mihai Banu,M,3770,148 reps,,148,Romania,CrossFit Fabric,47
2915155,Scott Nicolson,M,3771,148 reps,,148,New Zealand,CrossFit 7010 Nelson,46
2568222,Christoph Gubert,M,3772,148 reps,,148,Germany,CrossFit Erfurt,30
2672582,Ciro Marconi,M,3773,148 reps,,148,Brazil,Techbox CrossFit,41
2957762,Moon Chunghyun,M,3774,148 reps,,148,Korea (the Republic of),CrossFit KingGom,35
2971791,Russ Maggs,M,3775,148 reps,,148,United Kingdom,CrossFit Chippenham,35
2914606,Tiago Pereira,M,3775,148 reps,,148,Brazil,CrossFit Catanduva,39
978977,Carlier Geoffrey,M,3777,148 reps,,148,France,CrossFit Le Troisieme Endroit,41
2946456,Danie Kruger,M,3778,148 reps,,148,South Africa,CrossFit Standerton,33
191357,Michael Rossitch,M,3779,148 reps,,148,United States,Warrior Pride Fitness CrossFit,52
1984562,Chris Barnes,M,3780,148 reps,,148,Australia,Two Wolf CrossFit,52
2911720,Ulvi Ayyamzada,M,3780,148 reps,,148,United States,CrossFit Coney Island,32
1133223,Daniele Viscardi,M,3782,148 reps,,148,Italy,CrossFit Begin,41
1226240,Dale Atkins,M,3783,148 reps,,148,Australia,CrossFit Unbound Athletic,34
513263,Bradd Merner,M,3784,148 reps,,148,United Kingdom,Constant Pursuit CrossFit,32
1593276,Darren Payne,M,3784,148 reps,,148,United Kingdom,CrossFit Ascot,50
2924112,Felix Niessen,M,3784,148 reps,,148,Germany,CrossFit Erlangen,36
2151436,Angel Ramirez,M,3787,147 reps,,147,United States,Samurai CrossFit,28
2914151,Ben Martin,M,3788,147 reps,,147,Australia,CrossFit TWA,23
2922725,Seth Laird,M,3789,147 reps,,147,United States,,31
2429079,Giuseppe Nasiti,M,3790,147 reps,,147,Italy,CrossFit Misterbianco,22
1993259,Mostafa El-Messiry,M,3791,147 reps,,147,Egypt,CrossFit Palo Alto,31
2000488,Joel Trella,M,3792,147 reps,,147,United States,CrossFit Bison,50
2135527,Stu Briggs,M,3793,147 reps,,147,United Kingdom,,50
2300445,Nicolas Harnay,M,3794,147 reps,,147,France,CrossFit Valenton,35
1620946,Maxwell Kralstein,M,3794,147 reps,,147,United States,CrossFit Delray Beach,32
2852074,Dario Ingrasciotta,M,3796,147 reps,,147,Italy,CrossFit Misterbianco,39
2596749,Dan Saulnier,M,3796,147 reps,,147,United States,Free Will CrossFit,42
2816444,Jean-Christophe Paret,M,3798,147 reps,,147,France,100 Pourcent CrossFit,37
1857392,Raphaël Courciat,M,3799,147 reps,,147,France,CrossFit Epinal,44
2808292,Dongsu Lee,M,3799,147 reps,,147,Korea (the Republic of),,31
1024210,Lepic David,M,697,241 reps,,241,France,CrossFit Louvre,32
2943690,Joshua Boylen,M,697,241 reps,,241,Australia,,25
2943379,Bailey Allison,M,697,241 reps,,241,Australia,,22
2706298,Jacques Verite,M,697,241 reps,,241,United Kingdom,Coastline CrossFit,29
2832771,Micah Parker,M,697,241 reps,,241,United States,Tasman Bay CrossFit,41
880301,Lionel Bastin,M,697,241 reps,,241,France,CrossFit Des Canuts,42
1805402,Kevin Tavendale,M,707,240 reps,,240,New Zealand,CrossFit Ballina,39
2926991,Glenn Sexton,M,708,240 reps,,240,Australia,CrossFit Huski,42
243855,Chris Rioux,M,709,240 reps,,240,United States,Voin CrossFit,46
2222940,Kim JinHu,M,709,240 reps,,240,Korea (the Republic of),CrossFit Rainfield,28
2799650,kim ilkwon,M,711,240 reps,,240,Korea (the Republic of),CrossFit Namsan,33
2645863,jaehun lim,M,712,240 reps,,240,Korea (the Republic of),CrossFit Namsan,34
2227850,Justin Laurie,M,712,240 reps,,240,Australia,CrossFit Wauchope,39
2011672,Michael Neville,M,714,240 reps,,240,Australia,CrossFit Slade,45
2075250,Coleton Stevens,M,714,240 reps,,240,United States,TTT CrossFit,28
2761576,Clay Tynes,M,716,240 reps,,240,United States,,39
2574971,Arkadiusz Cegielski,M,716,240 reps,,240,Poland,CrossFit New Dogs Gym,44
1565023,Anton Borodin,M,718,240 reps,,240,Russian Federation,,33
2918777,Joshua Bowden,M,718,240 reps,,240,United Kingdom,CrossFit Witham,35
2001071,Michael Thomson,M,718,240 reps,,240,New Zealand,Thorndon CrossFit,41
467193,Jacob Butler,M,718,240 reps,,240,United States,CrossFit Obsession,43
467442,Steven Cesare,M,722,240 reps,,240,United States,,34
2972529,Riley Rennie,M,723,240 reps,,240,Australia,Funk CrossFit,24
2840170,Chris Matthews,M,723,240 reps,,240,Australia,CrossFit Woodford,35
2960071,Kris Richardson,M,723,240 reps,,240,Australia,CrossFit 4740,46
1166603,Nick Miller,M,723,240 reps,,240,United States,Fort Wayne CrossFit,28
2584350,Fangzhou Lan,M,723,240 reps,,240,China,CrossFit Sai Lei,29
2489374,Kang Hyunseok,M,728,240 reps,,240,Korea (the Republic of),CrossFit Baekho,26
2185604,Thibaut Poignant,M,728,240 reps,,240,France,CrossFit Graoully,20
7495,Gregory Kerschbaum,M,728,240 reps,,240,United States,Bombers CrossFit,40
1493465,Dwayne Mallon,M,731,240 reps,,240,Ireland,CrossFit Cookstown,39
1742556,Malcolm McDougall,M,731,240 reps,,240,Canada,,28
2542475,Nash Madden,M,731,240 reps,,240,Australia,CrossFit Minerva,24
868447,Glen Sturgess,M,731,240 reps,,240,New Zealand,CrossFit 564,37
2161484,David Hedman,M,731,240 reps,,240,United States,Flower City CrossFit,40
2543428,Sebastien Vezolles,M,736,240 reps,,240,France,AirTime CrossFit,36
1632723,Kyungan Kim,M,737,240 reps,,240,Korea (the Republic of),CrossFit Able,35
2188369,Brian Kish,M,738,240 reps,,240,United States,CrossFit Raid,35
2200897,Stefano Capriotti,M,739,240 reps,,240,Italy,CrossFit San Benedetto del Tronto,41
2247900,Alex Robinson,M,739,240 reps,,240,Spain,CrossFit Puerto Banus,38
2735496,Ionut Popa,M,739,240 reps,,240,Romania,CrossFit Nord BVS,37
2912858,Mason Brunner,M,742,239 reps,,239,United States,CrossFit On The River OTR,28
2096899,Matt Ely,M,743,239 reps,,239,Australia,CrossFit 4551,48
1919921,James Wilson,M,744,239 reps,,239,Australia,CrossFit 5451,40
2828957,Harry Kelly,M,745,239 reps,,239,United Kingdom,CrossFit Club Bunker,26
1678595,Tyler Wilson,M,746,239 reps,,239,United States,CrossFit Misawa,33
2921152,Zac Jabbour,M,746,239 reps,,239,Australia,,28
2956668,Vivien LE SOMMER,M,748,239 reps,,239,France,CrossFit Callisto,30
1753330,Anguts Chen,M,749,239 reps,,239,Chinese Taipei,,33
1951244,Baptiste Castanet,M,750,239 reps,,239,France,CrossFit Frankton,36
1287484,Kurt Davis,M,4001,134 reps,,134,Australia,CrossFit 2795,37
2871235,Hunta Wardell,M,4002,134 reps,,134,Australia,CrossFit SCBC,17
2932335,Blake Haag,M,4003,134 reps,,134,United States,Salty Hive CrossFit,34
2620333,Sebastian Kastner,M,4004,134 reps,,134,Germany,CrossFit Ettlingen,35
2910357,Roelof Moek,M,4005,134 reps,,134,Netherlands,CrossFit SoWieSo,42
2071713,Mohamed Anoune,M,4006,134 reps,,134,France,CrossFit Le Troisieme Endroit,45
2788084,Sam Callear,M,4007,134 reps,,134,United Kingdom,CrossFit WDN,46
2685575,Gavinder Jirh,M,4008,134 reps,,134,United Kingdom,CrossFit Milton Keynes,32
2842762,Fabio Cattano,M,4009,134 reps,,134,Italy,CrossFit Misterbianco,41
1852071,Fabien Boiron-Boirel,M,4010,134 reps,,134,France,CrossFit Lyon,42
2972783,Shinya Minami,M,4011,133 reps,,133,Japan,CrossFit Nihombashi,27
2972918,Rattapol Klanwari,M,4012,133 reps,,133,Thailand,Power Up CrossFit,32
2938940,Kyle Dingeldei,M,4013,133 reps,,133,Australia,CrossFit Shellharbour City,28
2431782,lionel santizo,M,4014,133 reps,,133,Guatemala,Z9 CrossFit,32
315325,Michael Fitzhugh,M,4015,133 reps,,133,United States,CrossFit Jenks,45
2182037,Ben Phillips,M,4016,133 reps,,133,United Kingdom,CrossFit Trowbridge,38
1768667,Luke Wakely,M,4017,133 reps,,133,Australia,CrossFit 2340,48
2963156,David Grice,M,4018,133 reps,,133,United Kingdom,CrossFit Alpha Wolf,32
1812273,David Diaz Moreno,M,4019,133 reps,,133,Australia,CrossFit North Head,38
2908602,Jonathan Ewing,M,4020,133 reps,,133,Australia,CrossFit Rox,29
105091,Stephen Barrett,M,4021,133 reps,,133,Australia,,49
2832947,Pedro Miguel Garrido Berjano,M,4022,133 reps,,133,Spain,CrossFit Kairo Borriana,32
2927292,Carlos Silva,M,4023,132 reps,,132,Brazil,Kranio CrossFit,37
2666337,Blake Johnson,M,4024,132 reps,,132,United States,Salty Hive CrossFit,32
2814125,Ben Amos,M,4025,132 reps,,132,Australia,CrossFit Tide Athletic,45
130170,Brett Beecher,M,4025,132 reps,,132,United States,North Naples CrossFit,45
2938469,Toby Allison,M,4027,132 reps,,132,United States,CrossFit Hanover,34
2940608,Jay Littlefield,M,4028,132 reps,,132,United States,CrossFit Falcon View,37
760775,Andrew Lister,M,4029,132 reps,,132,Australia,CrossFit Proficient,48
910122,Tj Howard,M,4030,132 reps,,132,United States,CrossFit Humidity,44
2965385,Josh Bennetts,M,4031,132 reps,,132,Australia,CrossFit Underway,24
2450582,Jaco De Winnaar,M,4032,132 reps,,132,South Africa,CrossFit Taniwha,39
1148894,Jacob Calnan,M,4033,132 reps,,132,United States,Jones-N-4 CrossFit,30
1196448,Kevin McDermott,M,4034,132 reps,,132,United Kingdom,CrossFit Glasgow,35
2956779,Elias Brandan,M,4035,132 reps,,132,Australia,CrossFit Warragul,16
2463396,Nick Tavanello,M,4036,131 reps,,131,United States,CrossFit Polaris,33
2956401,Pouya Radvin,M,4037,131 reps,,131,Australia,Rocks CrossFit,34
4794,Sam Vernon,M,4038,131 reps,,131,New Zealand,CrossFit East Tamaki,47
2960896,David Cantin,M,4039,131 reps,,131,Canada,CrossFit Châteauguay,42
2309120,Luiz Fernando,M,4040,131 reps,,131,Brazil,CrossFit Atrium,41
2964713,Michael Cleary,M,4041,131 reps,,131,New Zealand,,34
2436593,Manuel Nina,M,4042,131 reps,,131,Portugal,Off Limits CrossFit Rato,42
2943105,Kelvin Brooks,M,4043,131 reps,,131,South Africa,CrossFit Tempered Ormeau,40
1037655,Chad Taurman,M,4044,131 reps,,131,United States,Cigar City CrossFit,47
2908876,Eunchong Kim,M,4045,130 reps,,130,Korea (the Republic of),CrossFit Yeowol,28
2940632,David Taieb,M,4046,130 reps,,130,France,CrossFit Nakama,36
2932194,Martijn Leijten,M,4047,130 reps,,130,Netherlands,CrossFit Uden,39
2391642,Frank Schreuder,M,4048,130 reps,,130,Netherlands,CrossFit SoWieSo,45
2951102,Louis Hirtzig,M,4049,130 reps,,130,France,CrossFit Vinca,22
2906079,Ross Clewley,M,4050,130 reps,,130,United Kingdom,Marlborough CrossFit,50
416923,Jeff Nevins,M,2351,192 reps,,192,United States,CrossFit Freedom,50
2162283,David Steiger,M,2352,192 reps,,192,United States,CrossFit K2O,44
2449710,Igor Arsenijevic,M,2353,192 reps,,192,Serbia,CrossFit Baden,46
2915742,Nosa Igbinedion,M,2354,192 reps,,192,Nigeria,CrossFit Jagun,35
1111170,Tyler Arms,M,2355,192 reps,,192,United States,,35
2395438,Dongbin Kim,M,2356,192 reps,,192,Korea (the Republic of),CrossFit Apgujeong,45
431953,Donnie Barbour,M,2357,192 reps,,192,United States,CrossFit DSSC,43
1227246,Matt Wassall,M,2358,192 reps,,192,United Kingdom,CrossFit Solihull,49
2796967,geun tack hong,M,2359,192 reps,,192,Korea (the Republic of),CrossFit 8055,35
2233392,Tristan Shrestha,M,2360,192 reps,,192,Australia,CrossFit Valve,26
2274240,Mark Hoogwaerts,M,2361,192 reps,,192,Australia,CrossFit Bribie Island,20
1506658,Daniel Coulson,M,2362,192 reps,,192,Australia,,32
2964706,grant kerrigan,M,2363,192 reps,,192,Australia,CrossFit Shellharbour City,35
2963506,Jordan Clark,M,2363,192 reps,,192,Australia,Freezing Hot CrossFit,31
2721362,James Clark,M,2363,192 reps,,192,United States,CrossFit Downtown Atlanta,36
2922909,Tiago Santos,M,2363,192 reps,,192,Portugal,5.7 CrossFit,24
2604030,Adrien Bardinet,M,2363,192 reps,,192,France,CrossFit des Graves,35
2194791,Miguel Morgado,M,2363,192 reps,,192,Portugal,Off Limits CrossFit Rato,39
2249580,Björn Werle,M,2363,192 reps,,192,Germany,CrossFit Crefeld,36
2608741,Juha Koivuranta,M,2363,192 reps,,192,Finland,CrossFit Rosteri,46
2932646,Micah Girden,M,2371,191 reps,,191,United States,CrossFit 1088,17
2639751,Tyson Pratt,M,2372,191 reps,,191,Australia,CrossFit Remi,35
2182873,Quentin Egly,M,2373,191 reps,,191,France,CrossFit Genas,31
2815168,Heath Shearer,M,2374,191 reps,,191,Australia,CrossFit Narellan,16
2926702,SANGWOO YEO,M,2375,191 reps,,191,Korea (the Republic of),CrossFit Dinosaur,33
2929459,Jamis Burton,M,2376,191 reps,,191,Australia,CrossFit COAH,39
2936709,Andrea Vedda,M,2377,191 reps,,191,Italy,CrossFit Begin,44
1950217,Alisdair Gemmell,M,2378,191 reps,,191,United Kingdom,CrossFit Glenrothes,34
1279198,Mitchell Dougher,M,2379,191 reps,,191,United States,Great Wolf CrossFit,32
2936237,Travis Dawson,M,2379,191 reps,,191,New Zealand,Cattle Dog CrossFit,38
2788321,Kevin Cho,M,2381,191 reps,,191,Korea (the Republic of),CrossFit Cheongna,33
2595682,Gary Andrews,M,2382,191 reps,,191,United Kingdom,CrossFit Aylesbury,32
2301339,Guy Machluf,M,2383,191 reps,,191,Israel,CrossFit Eilat,44
2961181,Matteo Ambrosetti,M,2383,191 reps,,191,Italy,CrossFit Deed,48
1547186,Nik Prziovski,M,2385,191 reps,,191,Australia,CrossFit Tide Athletic,33
2285694,Beau Chaitram,M,2386,191 reps,,191,Netherlands,CrossFit Piushaven,33
2793053,Žygimantas Katkevičius,M,2387,191 reps,,191,Lithuania,CrossFit Kaunas,35
893195,Robert Nugent,M,2387,191 reps,,191,United Kingdom,CrossFit OL1,45
2640599,Clément Bardy,M,2389,191 reps,,191,France,CrossFit GaliléÔ,37
2826168,Michał Chmielarz,M,2389,191 reps,,191,Poland,CrossFit Black Ground,50
246705,DaeWoong Lee,M,2391,191 reps,,191,Korea (the Republic of),CrossFit G Zone,43
2150273,Darren Gilbert,M,2392,191 reps,,191,United Kingdom,CrossFit 8020,50
983457,Chen Chui,M,2393,191 reps,,191,United States,Elevation CrossFit,50
2626445,Leonardo Perrotta,M,2394,191 reps,,191,Switzerland,CrossFit Manufaktur,46
2800428,Marc Rose,M,2395,191 reps,,191,United Kingdom,KTC CrossFit,41
1191067,Jeremy Ferguson,M,2396,191 reps,,191,United States,CrossFit Kemah,41
1437579,Richard Scargill,M,2397,191 reps,,191,United Kingdom,CrossFit APG,36
2940132,Niall Quinn,M,2397,191 reps,,191,Ireland,CrossFit Leixlip,27
1805180,Sebastiaan van Alphen,M,2399,191 reps,,191,Netherlands,CrossFit Immersive,46
2312515,David Berger,M,2400,191 reps,,191,Australia,CrossFit Arete,32
1616264,Hyung Seok Lee,M,800,237 reps,,237,Korea (the Republic of),CrossFit Stadion Pangyo,34
1708824,Alec Cummins,M,800,237 reps,,237,New Zealand,Mount CrossFit,36
726101,Tyler Lachney,M,803,237 reps,,237,United States,CrossFit Kemah,26
118857,josh goldsmith,M,803,237 reps,,237,United States,Chagrin Falls CrossFit,46
2321608,FABIEN GAUTIER,M,805,237 reps,,237,France,CrossFit Rengō Valenciennes,44
509454,Lorenzo Micci,M,805,237 reps,,237,Italy,CrossFit Efesto,53
2669677,Anthony Bate,M,805,237 reps,,237,United Kingdom,CrossFit Crowborough,34
2811616,Taejin Kim,M,808,237 reps,,237,Korea (the Republic of),CrossFit SP,34
1975367,Matt Walsh,M,809,237 reps,,237,Australia,CrossFit Hervey Bay,29
2824684,James Simpson,M,810,237 reps,,237,Australia,,26
2171900,William Porch,M,810,237 reps,,237,United Kingdom,BearWalden CrossFit,53
1615572,Tj Simonik,M,810,237 reps,,237,United States,CrossFit 926,41
2706500,Gil Danaher,M,810,237 reps,,237,United States,Schedule II CrossFit,44
2923462,Jose María Cabanás Vega,M,810,237 reps,,237,Spain,CrossFit Cordoba,45
2837665,Jake Dixon,M,810,237 reps,,237,United Kingdom,CrossFit Tamworth (transfer),28
2906677,Mason Russell,M,810,237 reps,,237,Australia,,28
2680955,Germain Moreau,M,817,236 reps,,236,France,CrossFit Menestys,32
2953974,ChanHwan Park,M,818,236 reps,,236,Korea (the Republic of),CrossFit Team H,32
2803555,Tyrone Soltesz,M,819,236 reps,,236,Australia,CrossFit Geelong,30
2825652,Declan Jones,M,819,236 reps,,236,Australia,CrossFit Athletic,29
586325,Jason Lewis,M,821,236 reps,,236,Australia,CrossFit Narellan,39
2194641,Jake Brennan,M,821,236 reps,,236,United States,CrossFit North Peoria,45
2929908,Tate Dill,M,823,236 reps,,236,United States,CrossFit Lanier,27
2652206,Joe Lockley,M,823,236 reps,,236,United Kingdom,CrossFit Telford,34
2935235,Alejandro Mora,M,825,236 reps,,236,Colombia,Full CrossFit,42
1720150,Andy Wu,M,825,236 reps,,236,Japan,CrossFit Roppongi,38
2245860,Alex Jurkovic,M,827,236 reps,,236,Australia,CrossFit Woden,32
2944556,Damien Mageropoulos,M,827,236 reps,,236,Australia,Freezing Hot CrossFit,39
910919,Kenneth Gibson,M,827,236 reps,,236,United Kingdom,,40
2904110,Jarod Healy,M,830,236 reps,,236,Australia,CrossFit Release,33
1706602,Facas Anthony,M,830,236 reps,,236,France,Crossfit Oyonnax L'olympe,36
1220985,Nail Salakhov,M,832,236 reps,,236,Russian Federation,CrossFit Udarnik,42
2671898,Eric Jonsson,M,833,236 reps,,236,Sweden,CrossFit Scaligera,34
2299906,Nathan Le nours,M,833,236 reps,,236,France,CrossFit Frankton,28
289557,Hamish Jackson,M,835,236 reps,,236,Australia,Ultra CrossFit,39
421587,Júlio Silva,M,836,236 reps,,236,Brazil,P1 CrossFit,31
647916,Kyeonghun Jin,M,836,236 reps,,236,Korea (the Republic of),CrossFit Sasang,40
2213392,Mark Shingler,M,836,236 reps,,236,United Kingdom,Ore CrossFit,45
1024164,Isaac Sahagún,M,839,236 reps,,236,Spain,CrossFit SJD,45
2162079,Ben White,M,840,236 reps,,236,United Kingdom,CrossFit Club Bunker,28
2487350,Harry Bowler,M,841,236 reps,,236,United Kingdom,Second City CrossFit,30
1224900,Lawrence Kupai,M,841,236 reps,,236,United Kingdom,,43
1687348,Sebastian Balcerzak,M,841,236 reps,,236,Poland,CrossFit Strong House,37
507802,Changmin Seo,M,841,236 reps,,236,Korea (the Republic of),,39
2959287,Agust Mar Grondal,M,841,236 reps,,236,Iceland,CrossFit Katla,40
2957436,Alfredo Pineda,M,841,236 reps,,236,Spain,CrossFit Cordoba,33
2071513,Di-maria Samuel,M,841,236 reps,,236,France,CrossFit Nimes,48
2793082,morgan mc eldowney,M,841,236 reps,,236,Ireland,CrossFit Southend,28
2925850,Paul Reid,M,841,236 reps,,236,United Kingdom,CrossFit Wigan,40
2911030,Alexander Sonnenthal,M,841,236 reps,,236,United States,,22
2965689,Julian Delmazure,M,851,235 reps,,235,France,CrossFit Svarog,37
2755618,Luke Mccabe,M,852,235 reps,,235,Australia,HomeFront CrossFit,24
317215,Tae-young Kim,M,853,235 reps,,235,Korea (the Republic of),We CrossFit Seocho,39
2919787,Fraser Smith,M,854,235 reps,,235,United Kingdom,CrossFit 1298,35
721178,Ryan Clements,M,855,235 reps,,235,Spain,,36
2204554,Bryce Madden,M,855,235 reps,,235,Australia,Concept CrossFit,35
2248407,Jongcheol Choi,M,855,235 reps,,235,Korea (the Republic of),CrossFit Vulcan,28
2586968,Bouillet Mathis,M,855,235 reps,,235,France,MADMA CrossFit,23
2090907,Anthony Tackitt,M,859,235 reps,,235,United States,CrossFit West Plains,40
2934897,Ryan Scott,M,859,235 reps,,235,New Zealand,CrossFit Christchurch,35
2229334,Jeremy Caner,M,861,235 reps,,235,France,CrossFit CHTX,31
2793173,Samuel Gravett,M,861,235 reps,,235,Australia,Injustice CrossFit,28
2288560,Eduardo Mantovani,M,861,235 reps,,235,Brazil,Kahu CrossFit,25
14225,Stuart Cunningham,M,864,235 reps,,235,Australia,CrossFit Cranbourne,37
2422848,Guillaume Favreau,M,864,235 reps,,235,France,CrossFit Rochefort,43
2707408,Kévin Mailliot,M,866,235 reps,,235,France,Eunoia CrossFit,33
1516353,Miguel Baltazar,M,866,235 reps,,235,Portugal,WOOW CrossFit,49
2432591,Dylan Marriott,M,868,235 reps,,235,Australia,CrossFit United Bundaberg,32
2914351,민우 안,M,868,235 reps,,235,Korea (the Republic of),CrossFit Depth,25
2462793,harrison scott,M,870,235 reps,,235,Australia,CrossFit Huey,31
1701555,Douglas Fouch,M,871,235 reps,,235,United States,La Vernia Audacity CrossFit,25
1026610,Sandy Black,M,871,235 reps,,235,United Kingdom,CrossFit Kirkintilloch,38
1987917,Vytautas Pridotkas,M,873,235 reps,,235,Lithuania,,34
914909,Max Zhdankin,M,873,235 reps,,235,Russian Federation,CrossFit Udarnik,38
2782273,Guillaume Castiglione,M,873,235 reps,,235,France,CrossFit Des Monts,33
2849750,Guillaume Rommeis,M,873,235 reps,,235,France,CrossFit Alata,31
2824238,Simon BOUVARD,M,877,234 reps,,234,France,CrossFit Bourg-en-Bresse,34
2695354,Russell Murphy,M,878,234 reps,,234,United Kingdom,CrossFit 13,40
2972207,Matt Bell,M,879,234 reps,,234,United Kingdom,CrossFit Thame,49
2771270,Manu Hudson,M,880,234 reps,,234,Australia,CrossFit St Kilda,23
1841799,Daniel Chandler,M,881,234 reps,,234,United States,CrossFit Humidity,29
2939078,YoungHoon Jo,M,881,234 reps,,234,Korea (the Republic of),CrossFit G Zone,35
1798653,Joel Khodaverdian,M,883,234 reps,,234,Australia,CrossFit Uplift,41
568523,Jacob Holt,M,883,234 reps,,234,Australia,CrossFit Southend,40
269432,David Rush,M,885,234 reps,,234,Australia,CrossFit TARIS,45
2603703,Lim SangHo,M,885,234 reps,,234,Korea (the Republic of),CrossFit Buff,31
2410999,Nic Riordan,M,887,234 reps,,234,Australia,CrossFit Slade,31
1383407,Joe Johnston,M,887,234 reps,,234,United Kingdom,CrossFit Bath,36
2106043,Dj Bearman,M,887,234 reps,,234,Australia,CrossFit Resonate,50
1559613,Benny Skrabal,M,890,234 reps,,234,Australia,CrossFit Melbourne,44
1037719,Bisserier Jimmy,M,890,234 reps,,234,France,CrossFit Shenron,36
2312312,Parker Weiss,M,892,234 reps,,234,United States,CrossFit Iron Flag,27
1307328,Steffen Muehl,M,892,234 reps,,234,Germany,CrossFit Schmiede,48
2594007,Jacob Bedford,M,892,234 reps,,234,United States,No Ceilings CrossFit,28
1754935,Myung Chul Shin,M,895,234 reps,,234,Korea (the Republic of),,34
1958816,Devon Spindler,M,896,234 reps,,234,Australia,CrossFit Woden,31
101172,Andrew Larkin,M,896,234 reps,,234,Australia,Grit Performance CrossFit,33
2095448,Shaun Tanner,M,896,234 reps,,234,Australia,Sagitta CrossFit,30
683381,Manuel Goncalves,M,899,234 reps,,234,France,100 Pourcent CrossFit,37
1956852,Paul Kerr,M,899,234 reps,,234,Australia,CrossFit Volume,31
442200,Oliver Smith,M,3901,142 reps,,142,Australia,,54
2852808,Humberto Monsivais,M,3902,142 reps,,142,United States,CrossFit Rosharon,33
956987,Ben Jacks,M,3903,142 reps,,142,Australia,CrossFit Bondi,50
2803803,Peter Forster,M,3903,142 reps,,142,United Kingdom,CrossFit Haddington,43
2821056,Imad Benbekhti,M,3903,142 reps,,142,France,CrossFit Sainte Consorce,29
1024058,Teruhiko Goto,M,3906,141 reps,,141,Japan,CrossFit Daikanyama,52
2406502,Peter Barker,M,3907,141 reps,,141,Australia,BRIKK CrossFit,44
1492709,Rory Cummins,M,3908,141 reps,,141,Australia,CrossFit Sisyphus,53
2972438,Garcia Adrien,M,3909,141 reps,,141,France,CrossFit Gones,37
2817670,Connor Robb,M,3910,141 reps,,141,United Kingdom,CrossFit Kirkintilloch,28
2654238,Antonios Atsas,M,3911,141 reps,,141,Australia,CrossFit Volume,33
2821441,Florian Gaches,M,3912,141 reps,,141,France,CrossFit Lauragais 2,35
2678649,kelvin linsangan,M,3913,141 reps,,141,Canada,,39
2617944,Joris Geertsema,M,3913,141 reps,,141,Netherlands,CrossFit Hengelo,35
2684274,Jeong Ick Seong,M,3915,140 reps,,140,Korea (the Republic of),Musclespoon CrossFit,40
2964558,Miroslav Pozder,M,3916,140 reps,,140,Australia,CrossFit Narellan,35
1239104,Trent Parkerson,M,3917,140 reps,,140,United States,CrossFit Winnersville,45
2930614,LEE yechan,M,3918,140 reps,,140,Korea (the Republic of),Musclespoon CrossFit,28
2721391,Ellis Jacobs,M,3919,140 reps,,140,United States,Evansville CrossFit,27
2939757,Jose Guilherme Silveira,M,3920,140 reps,,140,Brazil,Steel Soldiers CrossFit,33
1235990,Fabien Halter,M,3921,140 reps,,140,France,CrossFit Trévoux,36
2782295,Alex Gee Kee,M,3922,140 reps,,140,Australia,CrossFit Larrikins,34
2607981,Maxime Dyrek,M,3923,140 reps,,140,France,CrossFit Mougins,45
2912504,James Wood,M,3924,140 reps,,140,United Kingdom,CrossFit Tigerlily,48
2649026,Ciaran Mageean,M,3925,140 reps,,140,United Kingdom,CrossFit Eccentric,34
2969413,Jose Manrique,M,3926,140 reps,,140,United Kingdom,One Crew CrossFit,49
2972009,Jaime Gual Pizarro,M,3927,140 reps,,140,Spain,CrossFit Olavide,30
1051602,Joseph Davy,M,3928,140 reps,,140,New Zealand,,50
1620229,Damien Lievre,M,3929,140 reps,,140,France,CrossFit Lyon,31
2921164,Martin Chalkley,M,3930,140 reps,,140,United Kingdom,CrossFit Ampthill,38
2962592,Lucas BEAUGRAND,M,3931,140 reps,,140,France,CrossFit Vinkere,26
2239405,Pastrana Nicolas,M,3931,140 reps,,140,Switzerland,CrossFit POYA,40
1099317,Edgar Josue Alonso,M,3933,139 reps,,139,Mexico,CrossFit Lava,29
2942666,Adam Girgenti,M,3934,139 reps,,139,United States,CrossFit Trinity,35
2940513,Marco Cavataio,M,3935,139 reps,,139,Italy,CrossFit Iris,48
2663135,Stan Williams,M,3936,139 reps,,139,United Kingdom,CrossFit One More Rep,35
2444061,Ernest Potgieter,M,3937,139 reps,,139,South Africa,CrossFit Standerton,38
2808222,Michael Moynihan,M,3938,139 reps,,139,United States,CrossFit Tuff,40
2964965,Mathieu Dufermon,M,3939,139 reps,,139,France,,38
2962147,Hubert Krol,M,3940,139 reps,,139,United Kingdom,CrossFit Milton Keynes,46
2943374,Oron Dei,M,3941,139 reps,,139,Israel,YV CrossFit Afula,42
2961261,Hyojun Jeon,M,3942,139 reps,,139,Korea (the Republic of),CrossFit Alright,33
2959827,JEONGBAE HEO,M,3942,139 reps,,139,Korea (the Republic of),CrossFit Peanut Butter,34
2928327,Josh Bradbury,M,3942,139 reps,,139,Australia,CrossFit Lower Mountains,29
2908443,Markus Bures,M,3942,139 reps,,139,Austria,CrossFit Area 23,44
2592082,Nathan Todd,M,3942,139 reps,,139,United Kingdom,CrossFit Glossop,25
1894062,Sean Irwin,M,3942,139 reps,,139,Canada,CrossFit Vernon,49
2920159,Isaac Vasic,M,3948,138 reps,,138,Australia,CrossFit Reclaim,16
2960453,Nicholas Westerman,M,3949,138 reps,,138,Australia,CrossFit Ocean Grove,38
2971811,BYUNG HOON KIM,M,3950,138 reps,,138,Korea (the Republic of),CrossFit FLEEK,26
2185984,Mark Lovett,M,2501,188 reps,,188,Australia,Fuse CrossFit,52
2092987,Ben Finnie,M,2501,188 reps,,188,United Kingdom,CrossFit Reading,47
1763269,Pierlo Dall'Agnol,M,2503,188 reps,,188,France,CrossFit Ekara,22
1646685,Jaeseong Ju,M,2504,188 reps,,188,Korea (the Republic of),Jinju CrossFit,33
2248340,Kane Hoskins,M,2504,188 reps,,188,Australia,CrossFit Solent,29
2930854,Injae Kim,M,2506,188 reps,,188,Korea (the Republic of),CrossFit Redwood,37
2461657,Łukasz Banasiak,M,2507,188 reps,,188,Poland,CrossFit Poznan,41
2685707,Tom Boreham,M,2508,188 reps,,188,United Kingdom,CrossFit Chippenham,36
1581756,Anthony Salton,M,2509,188 reps,,188,United States,Locked n Loaded CrossFit,35
2092007,Levi Gervasi,M,2510,188 reps,,188,United States,,30
2783226,Brendan Judd,M,2511,188 reps,,188,Australia,Peak Project CrossFit,31
1767360,Ronny Flendt,M,2512,188 reps,,188,Australia,Hillside CrossFit,49
396891,Gary Page,M,2513,188 reps,,188,United Kingdom,Cattle Dog CrossFit,42
2966789,Chris Thompson,M,2514,188 reps,,188,United Kingdom,CrossFit PENDLE,36
504637,Tom Austen,M,2514,188 reps,,188,United Kingdom,RP Athletics Crossfit,46
2835403,Andrew Porter,M,2514,188 reps,,188,Ireland,Boundary CrossFit 2,35
2512231,Sihyun Ryu,M,2514,188 reps,,188,Korea (the Republic of),Spirit To Body CrossFit,41
2901941,Chris Anderson,M,2514,188 reps,,188,United Kingdom,GritFitness CrossFit,33
2788903,Mario Ceroni,M,2514,188 reps,,188,Italy,CrossFit San Benedetto del Tronto,42
2664619,Mitch Meyer,M,2520,187 reps,,187,United States,,30
2904042,Billy Bayldon,M,2521,187 reps,,187,Australia,CrossFit Release,29
2197596,Paolo Di Bartolomeo,M,2522,187 reps,,187,Italy,CrossFit Trigoria,35
2855323,Jackson Carroll,M,2523,187 reps,,187,Australia,CrossFit Uplift,28
2962266,Brenton LOGHRY,M,2524,187 reps,,187,United States,CrossFit Murrieta,50
2219774,Stanislovas Dambrauskas,M,2524,187 reps,,187,Lithuania,CrossFit Leeds,48
1676642,Sebastien Vally,M,2526,187 reps,,187,France,CrossFit Epinal,43
2828545,KYEONGJIN MIN,M,2527,187 reps,,187,Korea (the Republic of),CrossFit Vulcan,32
2958348,James Foster,M,2528,187 reps,,187,United Kingdom,CrossFit OzBox,38
2965137,Roy Asulin,M,2529,187 reps,,187,Israel,CrossFit Binyamina,23
2090319,Tyler Campos,M,2529,187 reps,,187,United States,CrossFit 219,28
2959592,Eugene Suh,M,2531,187 reps,,187,Korea (the Republic of),We CrossFit Seocho,31
2356837,Stephan Maeder,M,2531,187 reps,,187,Germany,CrossFit Erfurt,39
2790444,Arkaitz aldama,M,2533,187 reps,,187,Spain,CrossFit KKUK,24
2970607,Thomas Arzaga,M,2534,187 reps,,187,United States,CrossFit Krypton,26
2955782,Sean Pianca,M,2535,187 reps,,187,Australia,CrossFit Coastal Edge,29
2484644,Thomas Jiang,M,2536,187 reps,,187,United States,CrossFit Route 7,41
2945153,Rafael Rodarte,M,2537,187 reps,,187,Brazil,CrossFit Tupis,39
1959371,Stuart Fynan,M,2538,187 reps,,187,United Kingdom,CrossFit Haddington,43
2926903,Damiano Gava,M,2539,187 reps,,187,Italy,CrossFit Treviso,35
1359071,Steve Forrest,M,2539,187 reps,,187,Australia,CrossFit Soar,45
595986,Steve Brain,M,2541,187 reps,,187,Australia,CrossFit Torian,46
2943342,Uwe Herrmann,M,2542,187 reps,,187,Germany,CrossFit Helden,42
1518757,Paulo Raposo,M,2543,187 reps,,187,Portugal,QMR CrossFit,37
2840291,Chris Ambrosino,M,2544,187 reps,,187,United Kingdom,CrossFit FFH,49
2953927,Aaron Hamkens,M,2545,187 reps,,187,New Zealand,Hive Active CrossFit,27
2844211,João Barreto,M,2546,187 reps,,187,Brazil,Go Piatã CrossFit,20
1046291,Colin Trovato,M,2546,187 reps,,187,United States,CrossFit Upper East Side,43
2829138,Valentin LAFON,M,2546,187 reps,,187,France,CrossFit Chinon,34
2928188,Caleb McCready,M,2549,186 reps,,186,United Kingdom,CrossFit Moira,33
2833133,Chris Walsh,M,2550,186 reps,,186,Ireland,CrossFit Louvre,39
2890624,Nathan Da Silva,M,2401,191 reps,,191,France,CrossFit Brest,21
2938510,Daniel Sulimanov,M,2402,191 reps,,191,Israel,Impulso CrossFit,29
2839968,Lars Kristian Holt,M,2402,191 reps,,191,Norway,Grenland CrossFit,45
2858640,Tanguy Falc'hun,M,2402,191 reps,,191,France,CrossFit Callisto,29
2917165,Philipp Nagy,M,2402,191 reps,,191,Austria,CrossFit Area 23,39
2653351,Christoph von Blomberg,M,2402,191 reps,,191,Germany,CrossFit 882,45
2908916,Jaiden Zanchetta,M,2402,191 reps,,191,Australia,CrossFit Tide Athletic,24
399146,Andrew Eland,M,2402,191 reps,,191,United Kingdom,CrossFit LDB,53
2665890,Brad Neate,M,2409,190 reps,,190,Australia,CrossFit North Carlton,40
2919910,Byoungil Yoon,M,2410,190 reps,,190,Korea (the Republic of),Flat White CrossFit Strathfield,41
2839580,Jean-Marie CUGERONE,M,2410,190 reps,,190,France,Oski CrossFit,47
2524080,Nathan Imart,M,2412,190 reps,,190,France,CrossFit Grands Lacs,22
2423799,Alexander Brewer,M,2413,190 reps,,190,Australia,CrossFit Shellharbour City,30
986894,Tomas Nanartonis,M,2414,190 reps,,190,United Kingdom,CrossFit Southampton,32
2832664,Sang hoon Han,M,2414,190 reps,,190,Korea (the Republic of),CrossFit CR,29
2956054,Raymond Filivao,M,2416,190 reps,,190,New Zealand,565 CrossFit,36
1957462,Adrian Rodriguez,M,2417,190 reps,,190,Dominican Republic,Puerto Plata CrossFit,29
1714719,Joe Tuazon,M,2417,190 reps,,190,United States,CrossFit Unbreakable,47
2623365,James Lorigan,M,2417,190 reps,,190,United Kingdom,CrossFit Chiltern,47
2441240,Nik Gates,M,2420,190 reps,,190,United States,Saddle Up CrossFit,30
1689750,Martin Bishop,M,2421,190 reps,,190,United Kingdom,CrossFit Nottingham,34
2832785,Cariello Luppo,M,2421,190 reps,,190,France,CrossFit Ternay,22
2962587,JUNG JAE PARK,M,2423,190 reps,,190,Korea (the Republic of),CrossFit Vulcan,28
1773566,Gareth Wehrle,M,2424,190 reps,,190,United Kingdom,CrossFit Thame,35
10467,Gavin Crown,M,2425,190 reps,,190,Australia,CrossFit Play,39
2964958,Damien Glover,M,2426,190 reps,,190,Australia,CrossFit Chocolate Box,37
2598361,Greg Houghton,M,2426,190 reps,,190,United Kingdom,Station 14 CrossFit,39
878835,Joel Holmes-Darby,M,2428,190 reps,,190,United Kingdom,CrossFit RTV,34
2960278,Patrick Mori,M,2429,190 reps,,190,Australia,CrossFit Adelaide,28
2918682,Mike Bouroult,M,2429,190 reps,,190,United States,Rockaway CrossFit,42
2783675,Jason Allen,M,2431,190 reps,,190,United States,Bombers CrossFit,24
2914579,Paul ROSE,M,2432,190 reps,,190,France,CrossFit Caen,30
1710228,B W,M,2433,190 reps,,190,Australia,Concept CrossFit,51
736113,Sylvain Baptiste,M,2434,190 reps,,190,France,CrossFit Toulouse,47
1073004,Zac Burley,M,2435,190 reps,,190,Australia,CrossFit Tide Athletic,38
2972460,Hochun Lee,M,2436,190 reps,,190,Korea (the Republic of),CrossFit Shot,34
1980022,Pieter Pelser,M,2436,190 reps,,190,South Africa,CrossFit Alberton 2.0,42
1509111,Christoph Rühle,M,2436,190 reps,,190,Germany,CrossFit Fächerstadt,41
2950259,Lachlan Jobson,M,2436,190 reps,,190,Australia,CrossFit Greater West,29
2785347,Joshua Moore,M,2436,190 reps,,190,Australia,CrossFit Torian,28
2627743,Stan Bonants,M,2436,190 reps,,190,Netherlands,CrossFit Duketown,31
2182519,Kota Kuwabara,M,2436,190 reps,,190,Japan,CrossFit Roppongi,41
1769514,Jason Gray,M,2436,190 reps,,190,Australia,CrossFit Singleton,37
2887311,凱龍 王,M,2444,189 reps,,189,Chinese Taipei,CrossFit UltiLife,40
2617385,JI HOON KIM,M,2445,189 reps,,189,Korea (the Republic of),CrossFit DAEGA,41
447778,Hunter Fede,M,2446,189 reps,,189,United States,CrossFit Spring Hill,38
2450571,Harrison Baillie,M,2447,189 reps,,189,Australia,Grit Performance CrossFit,24
2964684,SANGWOO PARK,M,2448,189 reps,,189,Korea (the Republic of),CrossFit Spring Camp,28
2440711,Stuart Harrison,M,2448,189 reps,,189,United Kingdom,NOMADIC TC CrossFit,41
2207792,Kev Sink,M,2450,189 reps,,189,United Kingdom,CrossFit Chiang Mai,47
2949394,Stephen Jenkins,M,4101,123 reps,,123,Ireland,CrossFit Leixlip,40
120006,Robert Bonser,M,4102,123 reps,,123,Australia,CrossFit United Bundaberg,42
2964041,Dan Berkowitz,M,4103,123 reps,,123,United States,,38
2407542,Bob Cummins,M,4104,123 reps,,123,United Kingdom,CrossFit Haddington,53
2710147,Adam Scott,M,4105,123 reps,,123,United Kingdom,The Northman CrossFit,42
2929679,Marc Ros Cisa,M,4105,123 reps,,123,United Kingdom,CrossFit Tamworth,35
2796249,Brian Bedder,M,4107,122 reps,,122,United States,CrossFit Equity,47
1085126,Gordon McCleary,M,4108,122 reps,,122,United States,Natural Selection CrossFit,46
2915096,Sergio Suarez Villa,M,4109,122 reps,,122,Australia,CrossFit 3056,36
2817831,David Copeland,M,4110,122 reps,,122,United Kingdom,CrossFit Chippenham,39
486870,Wimpie Grobler,M,4111,122 reps,,122,South Africa,CrossFit Redshack,51
2649662,Patrick Lynch,M,4112,122 reps,,122,United States,CrossFit Loup,49
2954159,jeongsik seo,M,4113,121 reps,,121,Korea (the Republic of),CrossFit Gangnam,33
2936501,Samy Rousseau,M,4114,121 reps,,121,Belgium,CrossFit Tembo,26
2833211,Mickael Lenoire,M,4115,121 reps,,121,France,CrossFit Caudry,40
1796374,Callum Fay,M,4116,121 reps,,121,United Kingdom,CrossFit MTN,34
2953872,Jesse Wastle,M,4117,121 reps,,121,Australia,CrossFit Underway,28
2792916,Sammy Lavorel,M,4118,121 reps,,121,Thailand,Hundred Ten CrossFit,41
2916817,Mathew Blake,M,4118,121 reps,,121,United Kingdom,CrossFit Penzance,47
1968185,Vasiliy Lebedev,M,4118,121 reps,,121,Russian Federation,CrossFit Udarnik,50
2952605,Andy B,M,4121,120 reps,,120,United Kingdom,Funk CrossFit,43
2953660,Riley Shearer,M,4122,120 reps,,120,Australia,CrossFit Narellan,16
2942124,adeeb dumiri,M,4123,120 reps,,120,Syrian Arab Republic,CrossFit Maddox,28
1556177,Marino Coco,M,4124,120 reps,,120,Canada,CrossFit Pyro,46
2856229,훈보 심,M,4125,120 reps,,120,Korea (the Republic of),Musclespoon CrossFit,48
1879651,Eric Lessard,M,4126,120 reps,,120,Canada,Concept Ekilibre CrossFit,49
2216439,Theyssier Alexandre,M,4126,120 reps,,120,France,Makitha CrossFit,47
2938655,Tracey Booth,M,4128,120 reps,,120,United States,CrossFit Hampton Roads,50
2662991,Piotr Łowin,M,4129,119 reps,,119,Poland,CrossFit Elektromoc,33
2904212,Kris platt,M,4130,119 reps,,119,Australia,CrossFit Hervey Bay,34
2807365,James Richardson,M,4131,119 reps,,119,Australia,CrossFit Colossus,38
2944244,Joshua Ritchie,M,4132,119 reps,,119,United Kingdom,CrossFit Alanbrooke,24
270792,Lou DeCola,M,4133,119 reps,,119,United States,SnoRidge CrossFit,53
2959556,Jihwan Choi,M,4134,119 reps,,119,Korea (the Republic of),CrossFit Seocheon Stable,32
2910613,Tom Marsden,M,4135,119 reps,,119,United Kingdom,CrossFit IOW,30
2068985,Dustin Rawlins,M,4136,118 reps,,118,United States,Pure Function CrossFit,45
2782830,Karl Gilkerson,M,4137,118 reps,,118,United Kingdom,CrossFit 258,40
1852488,Arnaud Deprez,M,4138,118 reps,,118,Belgium,CrossFit Sauvage,42
1757816,Roland Boulos,M,4139,117 reps,,117,Lebanon,CrossFit DIP,40
2124972,Dan Sayer,M,4140,117 reps,,117,United Kingdom,RH10 CrossFit,52
2913279,kyungsuk jung,M,4141,117 reps,,117,Korea (the Republic of),VX CrossFit,39
2930199,Dylan Corbu,M,4142,116 reps,,116,France,CrossFit Meaux,23
2941930,Mahery RATSIMBARISOA,M,4143,116 reps,,116,Madagascar,CrossFit Tana,26
2971477,harrison foate,M,4144,116 reps,,116,Australia,,19
2691030,Tom Boimare,M,4145,116 reps,,116,France,,31
2694786,Joe Wagstaff,M,4146,116 reps,,116,United States,CrossFit Belmont,33
2829154,Jason Sowinski,M,4147,116 reps,,116,Chinese Taipei,YEA CrossFit,54
2849204,Tolga Bizik,M,4148,116 reps,,116,Germany,CrossFit Helden,32
2199876,Jon Lewis,M,4149,116 reps,,116,United Kingdom,X Lab CrossFit Worthing,42
2820835,John Kasinathan,M,4150,115 reps,,115,Australia,CrossFit Geo,50
2930923,CHANGKOOK LIM,M,1051,229 reps,,229,Korea (the Republic of),CrossFit Suho,52
2599259,Pascal Gensert,M,1051,229 reps,,229,Germany,CrossFit 63,26
2854396,Henry Morris,M,1053,229 reps,,229,Australia,CrossFit Salt Strength,39
2374331,Nicolas Dubien,M,1054,229 reps,,229,France,,33
2497772,patrick richardson,M,1054,229 reps,,229,Australia,CrossFit Chocolate Box,33
2838688,ryo ozaki,M,1054,229 reps,,229,Japan,CrossFit Roppongi,37
2435448,Matthew John,M,1054,229 reps,,229,United Kingdom,Unit15 CrossFit,31
2905632,Radmir Rakhmankulov,M,1054,229 reps,,229,Russian Federation,CrossFit Udarnik,33
2167836,Mike Hoaresmith,M,1059,228 reps,,228,New Zealand,CrossFit NAS,34
2702204,Park jun gwan,M,1060,228 reps,,228,Korea (the Republic of),We CrossFit Seocho,31
2971194,Gun woo Kim,M,1061,228 reps,,228,Korea (the Republic of),CrossFit Haru,27
650233,Francisco Diaz Cid,M,1062,228 reps,,228,Spain,CrossFit Llucmajor,40
2424039,Edwin Rajadurai,M,1063,228 reps,,228,United Kingdom,CrossFit Huntsman,40
2005034,Paul Killoren,M,1063,228 reps,,228,United States,RMF CrossFit,42
2562227,Xavier Norden,M,1065,228 reps,,228,Australia,CrossFit Wangaratta,38
2268545,Noah Niu,M,1065,228 reps,,228,China,,34
2798690,Jesse Flaum,M,1067,228 reps,,228,South Africa,Pack Life CrossFit,28
2493030,Juan Suarez-Robinson,M,1068,228 reps,,228,United Kingdom,CrossFit Witham,35
1960506,Henry Scott Martin,M,1068,228 reps,,228,United States,CrossFit Punta Gorda,43
2500298,Leonardo Schelp Paludo,M,1068,228 reps,,228,Brazil,CrossFit 4566,32
1578879,Anthony Deliere,M,1068,228 reps,,228,France,Virtus Honor CrossFit,29
1587412,Ross Barclay,M,1068,228 reps,,228,Australia,CrossFit Brisbane,38
2964676,Ethan Kennedy,M,1073,228 reps,,228,Australia,Concept CrossFit,20
1260415,Bae Jun Beom,M,1073,228 reps,,228,Korea (the Republic of),,29
201400,Daniel Sharp,M,1073,228 reps,,228,Australia,CrossFit Facilitate,40
2928253,Peter Hitchen,M,1073,228 reps,,228,United Kingdom,CrossFit Wigan,36
2595293,Quinn Cowper,M,1073,228 reps,,228,United Kingdom,CrossFit North Head,37
1694641,James Grice,M,1078,228 reps,,228,Australia,CrossFit Coastal Edge,31
2809620,BOSC Geoffroy,M,1078,228 reps,,228,France,CrossFit Riberac,38
2709354,Jonathan Ballotta,M,1078,228 reps,,228,France,CrossFit 2 Frères,31
1857858,Jesús Contreras Rojas,M,1078,228 reps,,228,Mexico,CrossFit Vallarta,33
2490463,Jared Godkin,M,1078,228 reps,,228,Australia,CrossFit Verge,27
2008627,Nathan Dempsey,M,1078,228 reps,,228,Ireland,CrossFit NSC,28
2940145,Federico Marras,M,1078,228 reps,,228,Italy,CrossFit Iris,32
2188085,Tom South,M,1078,228 reps,,228,United Kingdom,CrossFit Vauxhall,32
2921280,Rafael Balbinot,M,1078,228 reps,,228,Brazil,Republica CrossFit,32
2786004,Quennoz Corentin,M,1078,228 reps,,228,Switzerland,Go Up CrossFit,25
2389419,Bill Latimer,M,1078,228 reps,,228,Australia,CrossFit Centaur Valor,39
2920512,김 광일,M,1078,228 reps,,228,Korea (the Republic of),CrossFit Streetcat,35
2195953,David Heal,M,1078,228 reps,,228,United Kingdom,CrossFit Vastus,49
2581204,Gert Murd,M,1078,228 reps,,228,Estonia,CrossFit Tartu,29
2694038,Chris Brown,M,1078,228 reps,,228,United Kingdom,,31
960550,Nick Dennett,M,1078,228 reps,,228,Australia,CrossFit Smash,39
28307,Zack Williams,M,1078,228 reps,,228,Australia,CrossFit Bil Athletic,43
2905577,Dylan Bslfock,M,1078,228 reps,,228,Australia,CrossFit Moose Fitness,27
2903979,Marco Murillo,M,1078,228 reps,,228,Spain,,37
2691392,Jongyoon Jun,M,1097,228 reps,,228,Korea (the Republic of),CrossFit Stadion Pangyo,43
2972250,Louis Herbert,M,1097,228 reps,,228,France,,27
2821999,Kyuhyung Kim,M,1097,228 reps,,228,Korea (the Republic of),,30
2097312,Gun Jo,M,1097,228 reps,,228,Korea (the Republic of),CrossFit Maka,33
2935014,Ivo Miranda,M,3951,138 reps,,138,Portugal,CrossFit Black Edition,41
1999105,Jacob Kline,M,3951,138 reps,,138,United States,CrossFit Crumville,36
917846,Daniel Beltran,M,3953,138 reps,,138,Ecuador,Naru CrossFit,43
2953964,Earl Burnett,M,3954,138 reps,,138,Australia,CrossFit 2337,47
2641391,Paul Broxup,M,3955,138 reps,,138,United Kingdom,CrossFit Tunbridge Wells,45
2964821,PARK CHULSUN,M,3956,138 reps,,138,Korea (the Republic of),CrossFit Vulcan,32
562290,Lloyd Hill,M,3957,138 reps,,138,Australia,CrossFit Soul Rebel Greensborough,52
2904187,Kevin Chastel,M,3958,138 reps,,138,France,Berus CrossFit,43
1962147,Matt Pickering,M,3959,138 reps,,138,United States,Upper Valley CrossFit,49
1821403,Wayne Templeman,M,3960,138 reps,,138,United Kingdom,CrossFit Dawn,51
2624173,Brandon Gilbert,M,3961,138 reps,,138,United States,CrossFit Knoxville,43
2451943,Chris Bullock,M,3961,138 reps,,138,United Kingdom,CrossFit Bristol North,45
2972986,Marcos Rios,M,3963,137 reps,,137,Brazil,CrossFit Alcateia Arena,31
91941,Alex Gemmell,M,3964,137 reps,,137,New Zealand,CrossFit Ipswich,48
2915867,Abdul Khader Sharief,M,3965,137 reps,,137,India,CrossFit Mend,43
2956594,Nicholas Rodrigues,M,3966,137 reps,,137,Australia,CrossFit Uplift,23
2844060,Thomas Ennis,M,3967,137 reps,,137,United States,Ryse CrossFit,21
2948506,Robert Mayer,M,3968,137 reps,,137,United Kingdom,CrossFit FFH,35
2965087,Robert Marks,M,3969,137 reps,,137,United Kingdom,,43
2928230,Andre Coetsee,M,3970,137 reps,,137,South Africa,CrossFit Razmig,37
1162475,Vincent Beatty,M,3971,137 reps,,137,United States,CrossFit Trinity,44
2826263,James Gunn,M,3972,137 reps,,137,United Kingdom,White Cliffs CrossFit,52
1590759,Alain Biraud,M,3973,137 reps,,137,France,CrossFit Shenron,49
2922730,James Lucas,M,3973,137 reps,,137,Australia,Blue Lake CrossFit,24
2964203,Alvin Chong,M,3975,136 reps,,136,Australia,CrossFit West Melbourne,34
1960396,Ryan Bardeer,M,3976,136 reps,,136,United States,CrossFit BloNo,32
2791368,Michael Bartak,M,3977,136 reps,,136,Czechia,Metronome CrossFit,43
1988497,Rodrigo Ogleari,M,3978,136 reps,,136,Brazil,CrossFit Barigui,49
70579,Shane Tan,M,3979,136 reps,,136,Australia,,47
2684631,Simon Johnson,M,3980,136 reps,,136,Australia,CrossFit Muswellbrook,46
2932974,greg hepworth,M,3981,136 reps,,136,United Kingdom,,44
2325127,David Hoffman,M,3982,136 reps,,136,United States,Round Valley CrossFit,47
2924191,Ramy Buechler,M,3983,136 reps,,136,Israel,Impulso CrossFit,49
2972323,Ian Pitteway,M,3984,136 reps,,136,United Kingdom,CrossFit Digbeth,54
1792046,Amir Reshef,M,3984,136 reps,,136,Israel,CrossFit Beit Hillel,53
2227949,Tarun Bajaj,M,3984,136 reps,,136,Australia,CrossFit Bairnsdale,40
2911337,Raz Linetzki,M,3984,136 reps,,136,Israel,YV CrossFit Afula,40
2951946,Grebe Zaayman,M,3988,135 reps,,135,New Zealand,CrossFit NAS,42
2914400,Carlos Acevedo,M,3989,135 reps,,135,Puerto Rico,1897 CrossFit Yauco,46
1732326,David McCormack,M,3990,135 reps,,135,New Zealand,CrossFit 564,37
2939720,Benjamin Vignolles,M,3991,135 reps,,135,France,CrossFit Munera,46
2595998,Shawn Carroll,M,3992,135 reps,,135,Canada,Alberni Valley CrossFit,43
1897807,Jordan Guéant,M,3993,135 reps,,135,France,CrossFit Lesdiguières,40
2957239,Kawin Bantherngphesajsakul,M,3994,135 reps,,135,Thailand,Power Up CrossFit,43
1630465,David Nguyen,M,3995,134 reps,,134,Australia,CrossFit Neuro,43
2907309,DONGMIN SON,M,3996,134 reps,,134,Korea (the Republic of),,39
2915123,Gabriel Leal,M,3997,134 reps,,134,United States,Redemption Road CrossFit Limon,28
2936712,DESMOND GIN,M,3998,134 reps,,134,Singapore,Team Secret CrossFit,39
1169617,Jason Brennan,M,3999,134 reps,,134,Australia,PBTL CrossFit,50
2637650,James Zerfoss,M,3999,134 reps,,134,United States,Green Fire CrossFit,46
1850426,Josh Dunn,M,951,232 reps,,232,Australia,CrossFit 168 II,37
2694931,Nathaniel Elbaum,M,952,232 reps,,232,United States,CrossFit Enapay,17
1947947,Na-Ra Lim,M,952,232 reps,,232,Korea (the Republic of),CrossFit Higher Gym,41
2708028,Jerry Ama,M,952,232 reps,,232,New Zealand,Soar Performance CrossFit,33
510422,Romain Lambert,M,952,232 reps,,232,France,CrossFit Alata,36
2920127,Chen Ying Lin,M,956,231 reps,,231,Chinese Taipei,CrossFit Lilian,30
2009487,Ross Gunning,M,957,231 reps,,231,Ireland,CrossFit TBB,37
2648258,Jared Zaniewski,M,958,231 reps,,231,United States,CrossFit Incendia (transfer),30
1421158,Kei Kumamoto,M,959,231 reps,,231,Japan,CrossFit Roppongi,42
132720,Brian Mulligan,M,959,231 reps,,231,Ireland,CrossFit Cookstown,36
2905828,Thomas Bennett,M,961,231 reps,,231,United Kingdom,I Am The Project CrossFit,36
1972731,Adam Furlanis,M,962,231 reps,,231,Australia,CrossFit 4810,32
781756,Daniel Wetherell,M,963,231 reps,,231,United States,Switchback CrossFit,42
2638615,Peter Lyons,M,963,231 reps,,231,Ireland,CrossFit Claremont,28
2464361,Ethan Ridsdale,M,965,231 reps,,231,United Kingdom,CrossFit Trowbridge,30
1267782,David Ferguson,M,966,231 reps,,231,Australia,CrossFit Toowoomba,34
2391566,Kelso Mcaleese,M,966,231 reps,,231,United Kingdom,Wakefield CrossFit,37
2787009,kihoon lee,M,966,231 reps,,231,Korea (the Republic of),Touch and Go CrossFit,30
2787603,Lu Heng,M,966,231 reps,,231,China,P1 CrossFit,30
2811312,Tom Peterhänsel,M,966,231 reps,,231,Germany,CrossFit DD,30
1323751,Alexander Olsen,M,966,231 reps,,231,Iceland,,25
840206,Sean Higgins,M,972,231 reps,,231,United Kingdom,CrossFit Huntsman,49
2635925,Xavier Jetson,M,972,231 reps,,231,Australia,CrossFit Ocean Grove,44
2339806,Rafael Krás Borges Verardi,M,974,231 reps,,231,Brazil,SuperForce CrossFit,39
2964979,Javaun Kingi,M,974,231 reps,,231,New Zealand,CrossFit Bay of Islands,20
293225,Byron Slapp,M,974,231 reps,,231,Australia,CrossFit 43,39
1811932,Abraham Calle,M,974,231 reps,,231,United States,South Beach CrossFit SI,38
1674540,SangHeon Yeo,M,974,231 reps,,231,Korea (the Republic of),CrossFit Get Knowledge 2,32
1158335,Andre Joia,M,974,231 reps,,231,Brazil,NOÁ CrossFit,37
260315,Chris Foulkes,M,974,231 reps,,231,United Kingdom,CrossFit Glasgow,45
2183022,Gauthier Mays,M,981,231 reps,,231,France,CrossFit Genay,37
916860,Wonil Paek,M,981,231 reps,,231,Korea (the Republic of),CrossFit Gangnam,43
2819534,Diego Gómez Pastor,M,981,231 reps,,231,Spain,CrossFit Olavide,24
2885997,Jacob Roddy,M,981,231 reps,,231,United States,CrossFit Undaunted,32
1740373,Riley Byrne,M,985,231 reps,,231,Australia,CrossFit Salt Strength,30
1778059,William Anderson,M,986,231 reps,,231,Australia,CrossFit Metal Therapy,29
2758951,Radosław Góral,M,987,231 reps,,231,Poland,CrossFit Faster Harder Better,40
2962028,Cleiton Schmidt,M,987,231 reps,,231,Brazil,CrossFit Navitas,34
2658277,Paddy Hanley,M,987,231 reps,,231,Ireland,Workshop CrossFit,33
2812802,Lucas Reus Bonetto,M,987,231 reps,,231,Brazil,Republica CrossFit,24
57669,Michael McDole,M,987,231 reps,,231,United States,CrossFit Rancho Cucamonga,42
1331144,Ross Malloy,M,987,231 reps,,231,United States,CrossFit Incendia (transfer),35
1771077,Calum Marsh,M,993,230 reps,,230,Germany,CrossFit FL,39
2953624,Jack Olivier,M,994,230 reps,,230,Australia,,23
1303563,Matthew Burden,M,995,230 reps,,230,United States,,51
43236,Matt Slice,M,996,230 reps,,230,United States,CrossFit Decimate,41
2106102,Luke Tansey,M,997,230 reps,,230,Australia,CrossFit Wauchope,41
2891859,Ronan Magee,M,998,230 reps,,230,Ireland,CrossFit Melbourne,31
271914,Jason Fowler,M,998,230 reps,,230,Australia,CrossFit Southend,49
2915651,Christopher Bryan,M,998,230 reps,,230,New Zealand,CrossFit COAH,26
2803000,Héctor Alberto González Camba,M,2451,189 reps,,189,Spain,CrossFit Colmenar Viejo,43
2945768,Karol Suchenek,M,2452,189 reps,,189,Poland,CrossFit Elektromoc,43
2172710,Simone Scarano,M,2453,189 reps,,189,Italy,CrossFit Modena,32
2292964,Alex Quiros Araya,M,2454,189 reps,,189,Costa Rica,,34
2931916,Daniel Menne,M,2455,189 reps,,189,Australia,CrossFit VFL,39
2802123,Matéo LAMBERT,M,2455,189 reps,,189,France,Vienne CrossFit,21
2952647,Antoine CHAILLOU,M,2457,189 reps,,189,France,,42
2808065,Aritz Millan Ibirika,M,2458,189 reps,,189,"Palestine, State of",White Grizzly CrossFit,31
2495718,Roger Dortch,M,2459,189 reps,,189,United States,51 Bridges CrossFit,46
2940348,nikaiah noble,M,2460,189 reps,,189,New Zealand,H1 CrossFit,21
828450,Glenn Weston,M,2461,189 reps,,189,Australia,Sonder CrossFit,50
2413444,Wayne Gordon,M,2461,189 reps,,189,New Zealand,CrossFit 7010 Nelson,48
2970615,Lee Jewoo,M,2463,189 reps,,189,Korea (the Republic of),,24
715350,Kelly Eckersley,M,2463,189 reps,,189,Australia,Wolfe Den CrossFit,50
2425867,George Pittner,M,2465,189 reps,,189,United Kingdom,CrossFit Glasgow,45
1177316,Joel Woolley,M,2466,189 reps,,189,Australia,CrossFit Raven,36
150599,Takehide Sato,M,2467,189 reps,,189,Japan,CrossFit Roppongi,45
2932020,Craig Scholz,M,2468,189 reps,,189,Australia,S2S CrossFit,34
2849951,Johan Cornet,M,2469,189 reps,,189,United Kingdom,CrossFit Aldgate,32
1667422,Luke Mihalko,M,2470,189 reps,,189,United States,CrossFit R.A.W.,42
2950838,Daniel Bradnam,M,2471,189 reps,,189,United Kingdom,CrossFit Structure,32
2668612,Rick Keek,M,2471,189 reps,,189,Netherlands,CrossFit Unreal,36
2507968,Andor van den Hoven,M,2471,189 reps,,189,Netherlands,Vi CrossFit,37
2614327,David Boddy,M,2471,189 reps,,189,United States,,44
2851235,David Osgarby,M,2471,189 reps,,189,Australia,CrossFit Glasgow,34
2619421,Garen Distelhorst,M,2471,189 reps,,189,United States,Erie Shore CrossFit,48
2443044,Taylor Phull,M,2471,189 reps,,189,United Kingdom,CrossFit Solent,26
2006440,Alex Tchablakian,M,2471,189 reps,,189,Singapore,CrossFit Alioth,37
2630897,Nicolas Casabonne,M,2471,189 reps,,189,France,CrossFit LXII,39
2264744,Grantt Gordon,M,2480,188 reps,,188,Australia,CrossFit CQ,32
2618259,Luan Reus,M,2481,188 reps,,188,Brazil,Republica CrossFit,33
777383,Will Lickley,M,2482,188 reps,,188,Canada,CrossFit COBE,34
2810661,jeongho Hong,M,2483,188 reps,,188,Korea (the Republic of),CrossFit TSF,26
2247733,Jesus Alarcon,M,2483,188 reps,,188,Spain,Full CrossFit,30
312609,Aaron Fraser,M,2483,188 reps,,188,Australia,CrossFit CrossAxed,54
1979769,Noah Ashton,M,2486,188 reps,,188,Australia,CrossFit Escape,20
2690057,Brett Morgan,M,2487,188 reps,,188,Australia,CrossFit Tide Athletic,51
1128437,Matthew VanSchoyck,M,2487,188 reps,,188,United States,CrossFit Final Call,42
2828258,Kyung Mo Kim,M,2489,188 reps,,188,Korea (the Republic of),CrossFit Misa,37
1195681,Raz Sharon,M,2490,188 reps,,188,Israel,CrossFit Pardes Hana Karkur,43
2796463,James Kahn,M,2491,188 reps,,188,Australia,CrossFit Noosa,44
2803243,Daniel Julmi,M,2492,188 reps,,188,Switzerland,CrossFit Frauenfeld,37
948494,Nicolas Perriaud,M,2493,188 reps,,188,France,CrossFit Urban Edge,43
1563469,Adam Serraf,M,2494,188 reps,,188,France,CrossFit Nakama,36
1525641,Seokhwan Min,M,2495,188 reps,,188,Korea (the Republic of),CrossFit Lake Dongtan,37
788640,Stuart McKechnie,M,2496,188 reps,,188,United Kingdom,CrossFit Bath,42
2245872,Bryan Schaeffer,M,2497,188 reps,,188,United States,CrossFit AR Strength,33
468659,Peter Webb,M,2498,188 reps,,188,Australia,CrossFit Access,49
967107,Lyle Douglas,M,2498,188 reps,,188,United Kingdom,CrossFit Kirkintilloch,30
2625703,Javier Cela,M,2500,188 reps,,188,Spain,CrossFit Korriban,31
2951739,Chris Arnder,M,4051,130 reps,,130,United States,Brushy Mountain CrossFit,39
2923407,Sebastien De araujo,M,4052,130 reps,,130,France,Ascension CrossFit,46
2657932,Sam Simons,M,4052,130 reps,,130,United Kingdom,CrossFit Ampthill,35
2950828,Jeremy Piguet,M,4054,130 reps,,130,France,CrossFit Montauban,37
2623936,Young Jun Kwon,M,4055,129 reps,,129,Korea (the Republic of),CrossFit Whales,39
767589,Steve Bazerd,M,4056,129 reps,,129,France,CrossFit Saint Pierre,52
2785295,Bailey Niven,M,4057,129 reps,,129,United Kingdom,CrossFit Stirling,17
2822548,Darren Galwey,M,4058,129 reps,,129,Australia,Two Wolf CrossFit,34
2936081,Ren Kawasaki,M,4059,128 reps,,128,Japan,CrossFit Veedol,25
2565464,Andy Appleget,M,4060,128 reps,,128,United States,Bombers CrossFit,46
2831366,Cesar Hanania,M,4061,128 reps,,128,El Salvador,CrossFit Zoi,31
2925621,Ronny Chernov,M,4062,128 reps,,128,Israel,CrossFit Via Maris,39
2815461,Joseph Tanner,M,4063,128 reps,,128,United States,CrossFit Aspinock,33
2971090,Anurag Mehrotra,M,4064,128 reps,,128,India,CrossFit 9 One,39
2835683,Vadim Ravits,M,4065,128 reps,,128,Israel,YV CrossFit Afula,50
2592892,Andrew Kings,M,4066,128 reps,,128,United Kingdom,CrossFit Cheltenham,36
2932239,Robert Gaskell,M,4067,128 reps,,128,United Kingdom,CrossFit Chiltern,41
2787869,Karl Lakner,M,4067,128 reps,,128,Sweden,CrossFit Medis,52
2913659,Josep Salva Romaguera,M,4067,128 reps,,128,Spain,CrossFit Llucmajor,43
2587504,TZU CHUN LIN,M,4070,127 reps,,127,Chinese Taipei,WP ZouHui CrossFit,40
2971153,Erik Perez,M,4071,127 reps,,127,United States,CrossFit Sympatheia,34
2636398,Mick Ashworth,M,4071,127 reps,,127,Australia,CrossFit Western Front,30
2949153,Jon Jackson,M,4073,127 reps,,127,United States,CrossFit Carnivore,51
1932795,Andrea Pasella,M,4074,127 reps,,127,Italy,Bad Boars CrossFit,46
2431874,Jamie O’Pray,M,4075,127 reps,,127,United Kingdom,CrossFit Bath,49
1298118,Matthew Wood,M,4076,127 reps,,127,United States,Nevermore CrossFit,49
2243965,Jean Jacques Riviere,M,4077,127 reps,,127,France,CrossFit Sept Deniers,51
2955015,Dorian Corona,M,4078,127 reps,,127,France,CrossFit Eighteen,36
1518493,Anthony Potter,M,4078,127 reps,,127,United States,,47
2207375,Michael Davidson,M,4078,127 reps,,127,United States,CrossFit Royal Coast,48
2872128,Kazuhiro Nagai,M,4081,126 reps,,126,Japan,Seto CrossFit,36
2795118,Khoa Nguyen,M,4082,126 reps,,126,United States,CrossFit Hartford,33
2094377,Ziggy Wong,M,4083,126 reps,,126,Malaysia,CrossFit 3056,47
2946372,Robert Amann,M,4084,126 reps,,126,Germany,CrossFit Helden,41
2918594,Mikaël Maupetit,M,4084,126 reps,,126,France,CrossFit Opportunity,37
2972550,Yasunobu Komatsu,M,4086,126 reps,,126,Japan,CrossFit Kochi,48
1585536,Piyush Koria,M,4087,126 reps,,126,United States,Southern Boom CrossFit,47
2464433,Eric Ouvrard,M,4088,126 reps,,126,France,CrossFit Sanzaru,54
2954823,Navdeep Rajbans,M,4089,126 reps,,126,United Kingdom,CrossFit Milton Keynes,38
934102,Ryan Birge,M,4090,126 reps,,126,United States,CrossFit Weld,49
2170488,Rob James,M,4091,126 reps,,126,United Kingdom,CrossFit Wrexham,34
2937275,Dave Lopez,M,4091,126 reps,,126,United States,CrossFit Rio Grande,38
692992,Chris Ebert,M,4093,126 reps,,126,United States,Stay Strong CrossFit,40
2612465,DANIEL RITT,M,4093,126 reps,,126,United States,CrossFit 301 Elite,49
2910635,Neil Rampersad,M,4095,125 reps,,125,Canada,CrossFit 1827,47
2937564,Thanapon Chareonyingsataporn,M,4096,125 reps,,125,Thailand,Power Up CrossFit,26
2912097,Liam Barratt,M,4097,124 reps,,124,United Kingdom,X Lab CrossFit Worthing,31
2912383,Josh de Thierry,M,4098,124 reps,,124,United Kingdom,CrossFit Bath,29
2793692,Michael Butler,M,4099,123 reps,,123,United Kingdom,CrossFit Eccentric,36
2808289,David Anderson,M,4100,123 reps,,123,United States,Pure Function CrossFit,48
733780,Jorn Heimro,M,2601,185 reps,,185,Norway,Offline CrossFit,47
2231155,Ben Caine,M,2601,185 reps,,185,Australia,CrossFit Claremont,49
2929599,Mikel Karreci,M,2603,185 reps,,185,Italy,CrossFit Treviso,31
2421415,Evan Angelillo,M,2604,185 reps,,185,United States,CrossFit Doors of Daring,24
209448,Minjun Kim,M,2605,185 reps,,185,Korea (the Republic of),CrossFit Samson,37
2499237,Tyrone Yahiya,M,2606,185 reps,,185,Australia,CrossFit Access,39
2966998,Erwan Guigo,M,2607,185 reps,,185,France,CrossFit OB22,26
984299,Josh Hudson,M,2608,185 reps,,185,United States,East Ormond Beach CrossFit,45
1589884,Takayuki Azuma,M,2609,185 reps,,185,Japan,CrossFit BLACK SHIPS Yoyogi,50
272940,John Thoren,M,2610,185 reps,,185,United States,CrossFit Mount Pleasant,47
459446,Tom Whiteley,M,2611,185 reps,,185,United Kingdom,CrossFit West Yorkshire,42
889957,Marcus Gelin,M,2612,185 reps,,185,Sweden,CrossFit Sickla,39
2801029,Connor Sinclair,M,2612,185 reps,,185,Australia,CrossFit Sisyphus,18
1790498,Kuross Amri,M,2614,185 reps,,185,Australia,EPT CrossFit,45
2956706,Loren Pabila,M,2615,185 reps,,185,United States,CrossFit Hilo Iron,42
2424663,MARK MILLS,M,2616,185 reps,,185,United States,CrossFit Fox Valley,47
2814273,Tom Hales,M,2617,185 reps,,185,Australia,CrossFit Brendale,19
2906613,Nick Smith,M,2617,185 reps,,185,United Kingdom,CrossFit Reading,47
2924824,James Neary,M,2617,185 reps,,185,United Kingdom,CrossFit OL1,32
2632739,David Hellqvist,M,2617,185 reps,,185,Sweden,CrossFit NB,30
2513237,Ivaylo Mitev,M,2617,185 reps,,185,Bulgaria,FFD CrossFit,38
2589558,Antony Le,M,2617,185 reps,,185,Viet Nam,CrossFit Roppongi,31
2889213,Callum Tomlinson,M,2617,185 reps,,185,United Kingdom,RSLT CrossFit,31
2786970,Johan Alberts,M,2624,184 reps,,184,South Africa,CrossFit Standerton,44
1027910,Christopher Egan,M,2625,184 reps,,184,United States,Train Harder CrossFit,43
2603838,Brandon Greene,M,2626,184 reps,,184,United States,Redemption Road CrossFit Xrucible,34
2804905,Jason Viljoen,M,2627,184 reps,,184,South Africa,CrossFit Alberton 2.0,32
2912380,Kyle Durbin,M,2628,184 reps,,184,United States,CrossFit Adversis,25
2561594,houssam layoussifi,M,2629,184 reps,,184,Morocco,CrossFit Alioth,42
1602850,Trevor Russell,M,2629,184 reps,,184,Australia,Charge CrossFit,48
754024,Colin Crossley,M,2631,184 reps,,184,United States,CrossFit Bison,41
660485,Ilkka Rainto,M,2632,184 reps,,184,Finland,CrossFit Meri-Lappi,45
2186315,Francesco Semperboni,M,2633,184 reps,,184,Italy,CrossFit Begin,43
2680728,Alistair Roy,M,2633,184 reps,,184,United Kingdom,CrossFit Glasgow,38
2591325,Giuseppe Bruno Sciuto,M,2633,184 reps,,184,Italy,CrossFit Misterbianco,37
1609297,Art Mccoy,M,2636,184 reps,,184,Ireland,CrossFit Green,42
2965318,Josh Norman,M,2636,184 reps,,184,Australia,CrossFit Contessa,39
2951749,Matthew Cook,M,2636,184 reps,,184,United Kingdom,CrossFit Wollongong,34
2923863,Brad Smith,M,2639,184 reps,,184,Australia,Raw Iron CrossFit,33
2828793,Andrea Danese,M,2639,184 reps,,184,Italy,CrossFit Iron Kings,34
2825700,Samuel Petersen,M,2641,184 reps,,184,Australia,CrossFit Virtuous,40
2662136,Hale Ruttan,M,2642,184 reps,,184,Canada,CrossFit Stettler,16
1043902,Trent Elliott,M,2643,184 reps,,184,Australia,CrossFit Geelong,31
2927245,Rodolphe METAYER,M,2643,184 reps,,184,France,CrossFit Opportunity,46
1979757,Robert Elton,M,2645,184 reps,,184,New Zealand,CrossFit HWPO,37
2607099,Jon Watson,M,2646,184 reps,,184,United Kingdom,CrossFit Fauna,45
2167738,Chris Herron,M,2646,184 reps,,184,United Kingdom,CrossFit Pi,46
182189,Nick Roper,M,2646,184 reps,,184,Australia,MSF CrossFit,43
979626,Drew Wiggers,M,2646,184 reps,,184,United States,,40
2826084,Romain Savarit,M,2646,184 reps,,184,France,CrossFit Vinkere,28
2108635,Joshua Ainsworth,M,1097,228 reps,,228,Australia,CrossFit Audax,30
2951665,Jedd Gordon,M,1097,228 reps,,228,Australia,CrossFit Arete,26
2662732,Geir Venz,M,1097,228 reps,,228,Norway,CrossFit Centrum,38
2939118,Joe Gannon,M,1097,228 reps,,228,Ireland,CrossFit Salt Strength,27
1935115,Stav Tal,M,1097,228 reps,,228,Israel,CrossFit Namal,28
2440010,Piotr Okulicz,M,1097,228 reps,,228,Poland,,43
727238,Jay Kim,M,1097,228 reps,,228,United States,CrossFit Real People Real Results,35
2908236,Luca Benedetti,M,1097,228 reps,,228,Italy,CrossFit Desenzano,42
323853,Max Hough,M,1097,228 reps,,228,Australia,CrossFit Athletic,29
2690493,Nicolas Morlin,M,1097,228 reps,,228,Ireland,CrossFit Limitless,38
2600260,Luke Nekic,M,1111,227 reps,,227,Australia,CrossFit Underway,32
2907476,Alex Broad,M,1112,227 reps,,227,Australia,CrossFit Tide Athletic,26
2820765,martin clark,M,1113,227 reps,,227,Australia,CrossFit Torian,33
2883921,Reuben King,M,1114,227 reps,,227,Australia,Rocks CrossFit,21
2943172,Bret Zimmerman,M,1115,227 reps,,227,United States,South Beach CrossFit SI,35
2128857,Ryan Campbell,M,1116,227 reps,,227,United States,Bombers CrossFit,30
888382,Ervin Ng,M,1117,227 reps,,227,Singapore,CrossFit Claremont,31
2696187,Tom Fogerty,M,1118,227 reps,,227,United Kingdom,CrossFit Bath,31
2481921,hanul cho,M,1119,227 reps,,227,Korea (the Republic of),Moonlight CrossFit,33
2831419,Shane Cock,M,1120,227 reps,,227,Australia,,50
2166920,Yehudi Nakache,M,1121,227 reps,,227,France,CrossFit de la Paix,32
1994531,Mads Kremmer,M,1122,227 reps,,227,Denmark,CrossFit Aptior 1,43
2925823,Myles Bebbington,M,1123,227 reps,,227,United Kingdom,CrossFit MeWellness,32
2772459,Ewin Teo,M,1124,227 reps,,227,Singapore,CrossFit TFM,45
2674348,Bordat David,M,1125,227 reps,,227,France,CrossFit Brest,41
2960470,Tyronne Stephens,M,1126,227 reps,,227,Australia,CrossFit 4165,22
2685169,Niclas Priess,M,1126,227 reps,,227,Denmark,CrossFit Butcher's Lab,35
2811517,João Lucas,M,1126,227 reps,,227,Brazil,CrossFit Forvy,26
1535715,Theo Missios,M,1129,226 reps,,226,Australia,CrossFit Reclaim,37
2971831,Jackson Dahlenburg,M,1130,226 reps,,226,Australia,CrossFit 4720,28
1254106,Joel Adair,M,1131,226 reps,,226,United States,CrossFit Kakou,39
2782564,Brad Gayler,M,1132,226 reps,,226,United Kingdom,Gymnasium CrossFit Brixton,31
1849316,Simon Harratt,M,1133,226 reps,,226,United Kingdom,CrossFit Disruption,53
2599759,Mikita Avekau,M,1134,226 reps,,226,Australia,CrossFit Tempered Ormeau,26
2195354,Phil Jones,M,1135,226 reps,,226,United Kingdom,CrossFit Pi,39
2482456,Daniel Bosley,M,1136,226 reps,,226,Australia,CrossFit Minerva,40
769416,Matteo Rossetti,M,1137,226 reps,,226,Italy,CrossFit Team 059,37
2745271,Ervin Ng,M,1138,226 reps,,226,Singapore,CrossFit RagTag,32
2845138,Aaron Dickens,M,1139,226 reps,,226,United States,Bear Republic CrossFit,44
213124,Carlos Miranda,M,1139,226 reps,,226,United States,Reto CrossFit,45
2700196,Mitchell Obryan,M,1141,226 reps,,226,Australia,CrossFit DECK,34
1885228,Garth Roe,M,1142,226 reps,,226,Australia,CrossFit Chocolate Box,53
2961242,Horatiu-Gabriel Daringa,M,1143,226 reps,,226,Romania,CrossFit Fabric,39
1213850,Corwin In den Eng,M,1144,226 reps,,226,Netherlands,CrossFit Vondelgym East,36
2701282,Nicholas Jouin,M,1145,226 reps,,226,Australia,CrossFit Salt Strength,47
1530155,Erikas Kymantas,M,1146,226 reps,,226,Lithuania,Amber CrossFit,50
2931797,Tom Richard,M,1146,226 reps,,226,France,CrossFit Des Monts,23
1908569,Christophe Puyou,M,1146,226 reps,,226,France,CrossFit Oloron Sainte Marie,46
2584310,Thomas Vincent,M,1146,226 reps,,226,France,CrossFit Novelty,26
2823342,Kwang Ho Lee,M,1146,226 reps,,226,Korea (the Republic of),The KILL CrossFit,33
2601830,Florent Tirilly,M,901,234 reps,,234,France,CrossFit Callisto,27
2811347,Conner van Turnhout,M,902,233 reps,,233,Australia,CrossFit 25,29
2935049,Dom Sinclair,M,903,233 reps,,233,Australia,CrossFit 4165,40
2447432,Jacob Parnell,M,904,233 reps,,233,Australia,CrossFit TWA,30
2254457,Alexandre Mantellato,M,905,233 reps,,233,France,Farmer CrossFit,33
2646692,Christopher Pearce,M,906,233 reps,,233,Australia,CrossFit 168 Alexandria,41
2211887,Niall Hardiman,M,906,233 reps,,233,Ireland,CrossFit Hawthorn East,35
2608999,BangYong Lee,M,908,233 reps,,233,Korea (the Republic of),Poss CrossFit,37
2937750,Marc Striebel,M,908,233 reps,,233,France,TRIBOK CrossFit,39
1143926,Andrew Ausse,M,910,233 reps,,233,United States,CrossFit Distinction,23
2412437,Baptiste AVRIL,M,911,233 reps,,233,France,CrossFit Gratte-Ciel,33
109184,Shawn Yong,M,912,233 reps,,233,Singapore,CrossFit Mobilus Clarke Quay,39
640371,Lachlan Learg,M,913,233 reps,,233,Australia,CrossFit Canobolas,36
2804023,Pawlos Campbell,M,913,233 reps,,233,United States,Centered CrossFit,34
1359604,Marcel Seitz,M,915,233 reps,,233,Germany,CrossFit 63,27
2807574,donghwan park,M,915,233 reps,,233,Korea (the Republic of),CrossFit Igong,33
1691029,Eric Barr,M,917,233 reps,,233,United States,CrossFit CrownTown,51
2185844,Salman Nazari,M,917,233 reps,,233,Australia,Freezing Hot CrossFit,27
2530686,Daniel Sykes,M,919,233 reps,,233,Australia,Brick CrossFit,37
1767794,Aaron Dunn,M,920,233 reps,,233,United States,CrossFit Cataclysm,34
2173856,An Seongyeol,M,921,233 reps,,233,Korea (the Republic of),CrossFit Baegot,34
2964880,Daniel Harrington,M,922,233 reps,,233,Australia,CrossFit Woodford,26
2963171,Hedley Donges,M,922,233 reps,,233,Australia,,19
2832994,Max Dardengo,M,922,233 reps,,233,Australia,CrossFit Centaur Valor,30
1567464,Justin Fricke,M,922,233 reps,,233,United States,CrossFit 507,46
748688,Janusz Mazur,M,922,233 reps,,233,Poland,Second City CrossFit,40
2698757,Brad Cendroski,M,922,233 reps,,233,United States,CrossFit Big House,29
2632421,Thierry Miceli,M,922,233 reps,,233,France,CrossFit Grenoble,43
1967381,Elijah Wu,M,922,233 reps,,233,China,CrossFit Bondi,33
2918837,Sam Morley,M,922,233 reps,,233,United Kingdom,Snake CrossFit,34
2871269,Levan Gudiashvili,M,922,233 reps,,233,Georgia,,36
2808732,Josh Sainsbury,M,922,233 reps,,233,United Kingdom,Dragon CrossFit,32
1999764,Peter Hopfinger,M,933,232 reps,,232,Australia,BRIKK CrossFit,52
2399578,Craig Pearce,M,934,232 reps,,232,Australia,CrossFit Bondi,45
2473712,Marcos Díaz,M,935,232 reps,,232,Spain,CrossFit Urquijo,39
2935413,Thomas Lenquette,M,935,232 reps,,232,France,Virtus Honor CrossFit,22
1472870,Charles Stepp,M,937,232 reps,,232,United States,Rushmore CrossFit,29
2824027,Declan Cotter,M,938,232 reps,,232,Australia,CrossFit Generate,25
2940796,Bart Vermeulen,M,938,232 reps,,232,Netherlands,CrossFit Den Bosch,29
2228944,Bernd Murrenhoff,M,938,232 reps,,232,Germany,CrossFit Main Taunus,34
1490812,Tom Breguet,M,941,232 reps,,232,Australia,CrossFit Barwon,21
1680821,Nick Janssen,M,942,232 reps,,232,Denmark,Aarhus CrossFit,35
2944998,Jon García,M,943,232 reps,,232,Spain,Indar CrossFit,21
1966571,Matthew Cann,M,943,232 reps,,232,Australia,CrossFit Sisyphus,27
242726,Patrick Zeiher,M,943,232 reps,,232,United States,CrossFit MNC,39
2670905,Drew Ward,M,946,232 reps,,232,Australia,RFX Athletic CrossFit Bibra Lake,35
534785,Micheal Grabinger,M,946,232 reps,,232,United States,Seven Devils CrossFit,49
1785023,Chris Hammond,M,946,232 reps,,232,United Kingdom,CrossFit PRL,41
2364163,Guilherme Albano,M,949,232 reps,,232,Brazil,CrossFit Manticore,32
2954485,Wouter Staats,M,949,232 reps,,232,Netherlands,CrossFit Piushaven,28
2923871,宗哲 張,M,2551,186 reps,,186,Chinese Taipei,CrossFit UltiLife,32
2946409,leo xu,M,2552,186 reps,,186,China,No One CrossFit,35
2922808,Cory Moody,M,2553,186 reps,,186,Australia,CrossFit Uplift,38
2783123,Morné Kruger,M,2553,186 reps,,186,Australia,CrossFit Wangaratta,30
2958609,Harry Marten,M,2555,186 reps,,186,Australia,CrossFit Huey,30
2439468,Jamie Millgate,M,2556,186 reps,,186,United Kingdom,CrossFit Humber,44
2961481,Dickson Chu,M,2557,186 reps,,186,Singapore,Team Secret CrossFit,34
958667,Robert Walsh,M,2558,186 reps,,186,United States,CrossFit Megalodon,43
2401280,Chi Hung HSIEH,M,2559,186 reps,,186,Chinese Taipei,CrossFit Six-Forty,32
2463922,Dominic Beddis,M,2560,186 reps,,186,United Kingdom,CrossFit Trowbridge,47
2537405,Stan Melgies,M,2561,186 reps,,186,New Zealand,CrossFit EXF,38
2965037,Andrew Robson,M,2562,186 reps,,186,Australia,Iron Body CrossFit,38
1178465,Josh Cook,M,2563,186 reps,,186,Australia,Cornerstone CrossFit,32
2340634,Tristin Crane,M,2563,186 reps,,186,United States,,26
246142,Adam Royle,M,2565,186 reps,,186,Australia,CrossFit CrossAxed,43
1763515,Kaur Lõhmus,M,2565,186 reps,,186,Estonia,CrossFit Kuubik,39
1973023,Andre Ganswindt,M,2567,186 reps,,186,South Africa,,54
839453,Matthew Brown,M,2568,186 reps,,186,Australia,CrossFit Colossus,42
2655744,Jacob Peterson,M,2569,186 reps,,186,United States,CrossFit Mobile,28
2929701,Pim de Groot,M,2570,186 reps,,186,Netherlands,CrossFit Uden,30
1274603,Seungsu Jo,M,2571,186 reps,,186,Korea (the Republic of),CrossFit Cheongna,46
2906743,Jamie Shone,M,2572,186 reps,,186,United Kingdom,CrossFit Cann Woods,37
2498700,Josh Peterson,M,2573,186 reps,,186,United States,,49
2682214,Chris Lee,M,2574,186 reps,,186,United States,CrossFit Ho'ola,41
1993803,Ryan Hickman,M,2575,186 reps,,186,United States,NXT Level CrossFit,42
909812,Mark Douglas,M,2576,186 reps,,186,Australia,Macarthur CrossFit,36
2963298,Corin Wharerau,M,2577,186 reps,,186,New Zealand,CrossFit Mecca,38
2823586,Ryan LaPerriere,M,2577,186 reps,,186,United States,Blacksheep CrossFit,41
2495623,John Czerwinski,M,2577,186 reps,,186,United States,CrossFit Petram,46
2830275,Calvin Anderson,M,2577,186 reps,,186,South Africa,Koshin CrossFit,25
734852,Uguen Gael,M,2577,186 reps,,186,France,CrossFit Saint Pierre,36
618365,Darryn Symes,M,2577,186 reps,,186,Australia,CrossFit Craigieburn,45
2822693,Denis Colamonico,M,2577,186 reps,,186,France,CrossFit Saint-Emilion,33
843009,Jonathan Perdomo,M,2577,186 reps,,186,United States,CrossFit LYFE,46
2414066,Chris OLoughlan,M,2577,186 reps,,186,Australia,CrossFit Unbound Athletic,39
2473750,Yann Gandon,M,2577,186 reps,,186,France,Stonehenge CrossFit,44
1794002,Vincent Percheron,M,2577,186 reps,,186,France,La Defense Factory CrossFit,52
1765464,Jonathan Greenall,M,2577,186 reps,,186,United Kingdom,CrossFit Northumbria,52
1897990,Joshua Dicapua,M,2589,185 reps,,185,United States,,26
2641380,Jake Koehn,M,2590,185 reps,,185,United States,CrossFit Vokse,35
2970513,Myungseok Park,M,2591,185 reps,,185,Korea (the Republic of),CrossFit Namsan,35
2603260,Daisuke Yokoyama,M,2592,185 reps,,185,Japan,CrossFit Aoyama,37
2948708,Brendan Hebda,M,2593,185 reps,,185,Australia,CrossFit Cartel,31
2856424,Mike Thorson,M,2593,185 reps,,185,United States,FCA CrossFit,41
2700763,Kane McNamara,M,2595,185 reps,,185,Australia,CrossFit Braybrook,26
2513329,Tom Cunninghame,M,2595,185 reps,,185,Australia,CrossFit Script,34
1719639,Bogdan Tz-u Preda,M,2597,185 reps,,185,Romania,CrossFit Fabric,44
2656717,Adam Harradine,M,2598,185 reps,,185,Australia,CrossFit United Bundaberg,43
2920365,Tyson McCauley,M,2599,185 reps,,185,Australia,HomeFront CrossFit,34
2832832,John-Paul Williams,M,2600,185 reps,,185,Australia,CrossFit 168,34
2783950,André Theron,M,4201,102 reps,,102,South Africa,CrossFit Mossel Bay,40
2950276,彭 政賢,M,4202,101 reps,,101,Chinese Taipei,CrossFit Lilian,30
2953843,Troy Stuart,M,4203,101 reps,,101,Australia,CrossFit Braybrook,22
1867439,Michal Grno,M,4204,101 reps,,101,Slovakia,CrossFit Proton,39
2971914,彥洋 林,M,4205,100 reps,,100,Chinese Taipei,CrossFit Lilian,28
2949550,Cody May,M,4206,99 reps,,99,United Kingdom,CrossFit 258,18
2930665,Abishek Suresh,M,4207,99 reps,,99,India,CrossFit HITEC City,28
1518965,Rafael Rivas,M,4208,98 reps,,98,United States,,30
2937306,Eui Chul Jung,M,4209,98 reps,,98,Korea (the Republic of),CrossFit Arcade,33
2787879,Victor Wang,M,4210,98 reps,,98,Australia,CrossFit Young,39
2601827,Arnaud Nazzari,M,4211,98 reps,,98,France,Virtus Honor CrossFit,48
2903096,Piotr Toczko,M,4211,98 reps,,98,Poland,CrossFit Mazury,43
2964215,훈식 오,M,4213,96 reps,,96,Korea (the Republic of),CrossFit Vulcan,33
2682818,Darren Powell,M,4214,96 reps,,96,Australia,CrossFit Narellan,53
732135,Christopher Nicoll,M,4214,96 reps,,96,Australia,CrossFit Noosa,47
1784448,Stephane Arrachard,M,4216,96 reps,,96,France,CrossFit Autricum,47
2636956,Tim Law,M,4217,95 reps,,95,United States,Ft. Wright CrossFit,42
2915668,Korneel Caron,M,4218,93 reps,,93,Belgium,CrossFit Jester,41
2784752,Grégory JEAN-DELMOTTE,M,4219,90 reps,,90,France,CrossFit Mougins,40
2921634,Or Brosh,M,4220,90 reps,,90,Israel,CrossFit Hatira,36
2885405,Asher Hougo,M,4221,88 reps,,88,United States,CrossFit Santa Ynez Valley,23
2794075,Mudit Garg,M,4222,88 reps,,88,India,CrossFit Mend,32
1385080,Micah Kimsey,M,4223,86 reps,,86,United States,CrossFit Pushin Weight,49
2656973,Corey Pham,M,4224,86 reps,,86,Australia,CrossFit Underway,36
1967616,Ruairi Mackinnon,M,4225,86 reps,,86,United Kingdom,CrossFit SAR,36
2958470,Nikita Shubin,M,4225,86 reps,,86,Russian Federation,CrossFit Udarnik,28
2842168,Jérôme DELLI GATTI,M,4227,86 reps,,86,France,CrossFit Thônes,54
2941180,Yossi Gur Arie,M,4228,85 reps,,85,Israel,CrossFit Via Maris,46
1582894,Sharan Jm,M,4229,82 reps,,82,India,CrossFit Lah,36
736595,Brent Kelly,M,4230,81 reps,,81,Australia,,40
2241422,Chris Chu,M,4231,77 reps,,77,Australia,CrossFit Braybrook,45
2505519,Ross Murray,M,4232,76 reps,,76,United Kingdom,Peak Fitness CrossFit,44
2499890,Adam Keil,M,4233,76 reps,,76,Samoa,CrossFit Fatu Toa,41
2940615,Tom Howard,M,4234,75 reps,,75,United Kingdom,CrossFit Onen,32
2971503,Harsha A,M,4235,73 reps,,73,Canada,CrossFit Mend,39
2961008,Rhys Wigley,M,4236,73 reps,,73,United Kingdom,179 CrossFit,46
2828451,Dmitrii Zhidkov,M,4237,68 reps,,68,Thailand,CrossFit Q7,33
12341,Justin Strevig,M,4238,21 reps,,21,United States,Battle CrossFit,48
116920,Christopher Dagnan,M,4239,1 reps,,1,United Kingdom,CrossFit Bath,54
1986185,Laurence Derbyshire,M,4240,286 reps - s,,286,United Kingdom,CrossFit Islington,39
2458091,Daniele Caleca,M,4241,276 reps - s,,276,Italy,Reebok CrossFit Alcamo,39
2962441,Noah Goulder,M,4242,275 reps - s,,275,Australia,Fitness Alley CrossFit,19
1940746,Eduart Pajollari,M,4243,273 reps - s,,273,Albania,,22
2619881,Celso Virgínio Bonetto,M,4244,271 reps - s,,271,Brazil,Republica CrossFit,52
2455062,Adam Senta,M,4245,271 reps - s,,271,United States,CrossFit Devotion,43
2944267,Ultan McAdam,M,4246,255 reps - s,,255,Ireland,CrossFit Porirua,32
2971048,JungHwan Eom,M,4247,253 reps - s,,253,Korea (the Republic of),,35
2936877,Filipe Colombo Dal Pozzolo,M,4248,252 reps - s,,252,Brazil,Republica CrossFit,38
2597973,Luciano Sauer,M,4249,251 reps - s,,251,Brazil,SuperForce CrossFit,50
2483100,Carl Wastie,M,4250,248 reps - s,,248,South Africa,NorSub CrossFit,40
2084416,Carlo Milano,M,1001,230 reps,,230,United States,CrossFit Big House,30
1365408,Ugo Scognamiglio,M,1002,230 reps,,230,Italy,CrossFit Udine,44
616195,Andy Lawrence,M,1002,230 reps,,230,United Kingdom,CrossFit Wirral,50
2701653,James Wilkinson,M,1004,230 reps,,230,Australia,CrossFit Encircle,30
2939236,Jowi Powa,M,1004,230 reps,,230,Jamaica,White Grizzly CrossFit,31
2934863,nam wooseung,M,1006,230 reps,,230,Korea (the Republic of),CrossFit Moai,23
2520631,DONGJAE YEO,M,1006,230 reps,,230,Korea (the Republic of),CrossFit Jeongeup,30
1858381,Paul Baillie,M,1006,230 reps,,230,United Kingdom,CrossFit Skirmish,34
2548843,Cameren Ogilvie,M,1009,230 reps,,230,Australia,CrossFit CQ,28
2240209,Miguel Gálvez Hernandez,M,1009,230 reps,,230,Spain,Full CrossFit,50
2813027,Yun jiin,M,1011,230 reps,,230,Korea (the Republic of),CrossFit 101,26
2413789,Eliot Foye,M,1011,230 reps,,230,New Zealand,Mount CrossFit,36
2702439,Rory Wintle,M,1011,230 reps,,230,Australia,CrossFit Magnus,18
1006210,Namsun Kim,M,1011,230 reps,,230,Korea (the Republic of),CrossFit Depth,32
2968964,Peter Lundy,M,1015,230 reps,,230,United Kingdom,CrossFit Lisburn,34
2958281,Filipe Aquery,M,1015,230 reps,,230,Brazil,Go Piatã CrossFit,27
2679878,Tauno Randmaa,M,1015,230 reps,,230,Estonia,CrossFit Viljandi,34
1638836,Bertrand Thollot,M,1015,230 reps,,230,France,CrossFit GLHF Craponne,37
772054,Trung Ho,M,1015,230 reps,,230,Germany,Riginal CrossFit Nürnberg,38
2695178,Maxime Jehanno,M,1015,230 reps,,230,France,CrossFit Khaleesi,40
2446142,Ross Harrison,M,1015,230 reps,,230,United Kingdom,CrossFit 3D,33
2610793,David Acheson,M,1015,230 reps,,230,United Kingdom,CrossFit Moira,39
612334,Enzo Garcia,M,1023,229 reps,,229,Brazil,CrossFit City Wolves,28
1872956,Mark Smith,M,1024,229 reps,,229,Australia,CrossFit Arete,37
2840208,Igor Sonnier,M,1025,229 reps,,229,France,CrossFit Munera,32
2420283,Dongwan Ha,M,1025,229 reps,,229,Korea (the Republic of),CrossFit Yeongtong,34
958832,Davis Elkins,M,1025,229 reps,,229,United States,The Method Muscatine CrossFit,33
1036558,Rui Fonseca,M,1025,229 reps,,229,Portugal,Rust CrossFit,41
2904538,Matthew French,M,1025,229 reps,,229,United Kingdom,CrossFit Thame,45
2972142,Daniel Messer,M,1030,229 reps,,229,Australia,CrossFit Coorparoo,34
2619533,Charlie Heffernan,M,1030,229 reps,,229,United Kingdom,Sea City CrossFit,32
2358818,David Luscombe,M,1030,229 reps,,229,United States,CrossFit Monadnock,41
2943219,Kim Yunwan,M,1030,229 reps,,229,Korea (the Republic of),CrossFit Rooster,24
2951065,Michael Journet,M,1030,229 reps,,229,France,CrossFit LXII,34
2553995,Stefano Moncada,M,1030,229 reps,,229,Malta,,49
2400705,James Webber,M,1030,229 reps,,229,United States,CrossFit Soda City,29
2005828,Jin Sato,M,1037,229 reps,,229,Japan,A Plus CrossFit Umeda West,30
2837872,changhyeon kim,M,1037,229 reps,,229,Korea (the Republic of),CrossFit Vulcan,29
2960248,Sheldon Wihongi,M,1037,229 reps,,229,New Zealand,CrossFit 3216,31
112236,Dustin Hamm,M,1037,229 reps,,229,United States,CrossFit 66,41
912137,Guy Cohen,M,1037,229 reps,,229,Israel,CrossFit Judaean Mountains,33
982474,Dan Shannon,M,1037,229 reps,,229,United Kingdom,CrossFit Penzance,49
2593394,Alan Guider,M,1037,229 reps,,229,Ireland,Ore CrossFit,47
127709,Beau Bibb,M,1044,229 reps,,229,United States,CrossFit ProVerb,41
2623714,Matt Spargo,M,1044,229 reps,,229,United States,CrossFit Soda City,27
2948896,ROBERTIERE Paul,M,1044,229 reps,,229,France,CrossFit Maignon,33
237588,Zak Lane,M,1044,229 reps,,229,Canada,CrossFit All Level,46
2934269,wonpyo hong,M,1044,229 reps,,229,Korea (the Republic of),CrossFit SP,25
2140652,James Edwards,M,1044,229 reps,,229,United States,Sugar Creek CrossFit,26
552259,Tiago Oliveira,M,1044,229 reps,,229,Portugal,Rust CrossFit,35
1052618,Louis-Michel Raby,M,450,252 reps,,252,Canada,CrossFit St-Basile-le-Grand,49
1961941,Kiseok Kim,M,452,251 reps,,251,Korea (the Republic of),CrossFit KingGom,34
456904,Mateusz Maruszczak,M,453,251 reps,,251,Poland,CrossFit Poznan,46
1542851,Anthony Reid,M,454,251 reps,,251,Australia,CrossFit Virtuous,41
2871767,Thomas Donehue,M,455,251 reps,,251,Australia,CrossFit Singleton,21
285019,Dylan Blair,M,456,251 reps,,251,Australia,Raw Iron CrossFit,31
1743750,David Sidwell,M,456,251 reps,,251,United Kingdom,Southern Quarter CrossFit,32
2016929,Timothy Hichak,M,458,251 reps,,251,United States,Ardent CrossFit,40
1989170,Shannon McEwen,M,458,251 reps,,251,Australia,CrossFit TWA,31
993292,Brock Bassett,M,458,251 reps,,251,United States,,39
2077133,Josh Mountain,M,461,251 reps,,251,United Kingdom,CrossFit Preston,35
1421214,Louis Spencely,M,461,251 reps,,251,Australia,CrossFit North Carlton,30
2181067,Theo Bertrand,M,463,251 reps,,251,France,FWA CrossFit,28
1948925,Richard Gilbert,M,464,251 reps,,251,Australia,CrossFit Coorparoo,44
2972433,Matthew Lindley Harris,M,465,251 reps,,251,Australia,CrossFit TPF,30
2497029,Benoit Ducarouge,M,465,251 reps,,251,France,CrossFit Littoral,34
2203212,Matthew Smith,M,465,251 reps,,251,United Kingdom,CrossFit Wessex,33
2392759,hugo villain,M,465,251 reps,,251,France,CrossFit F621,30
2941951,Nick Fisher,M,465,251 reps,,251,Australia,,32
2618303,Rada Sovljanski,M,465,251 reps,,251,Australia,CrossFit Bil Athletic,28
1044348,Jackson Abraham,M,471,250 reps,,250,Australia,,25
2802907,Jaxon Dell'Oro,M,472,250 reps,,250,Australia,,23
1145881,Aaron Garza,M,473,250 reps,,250,United States,Pantera CrossFit,43
2684754,John Baigrie,M,474,250 reps,,250,United Kingdom,CrossFit JXL,46
2922768,涼 長渡,M,474,250 reps,,250,Japan,,21
2154816,Taeyang Seo,M,476,250 reps,,250,Korea (the Republic of),CrossFit Sanbon,32
1949720,Ash Wallis,M,477,250 reps,,250,United Kingdom,CrossFit Sisyphus,27
1961102,Jack Hinds,M,477,250 reps,,250,Australia,CrossFit CADC,26
218758,Hong Bae Son,M,479,250 reps,,250,Korea (the Republic of),Musclespoon CrossFit,40
123803,Thomas Johnson,M,480,250 reps,,250,Australia,CrossFit Cessnock,31
2952797,Joe Gargett,M,481,250 reps,,250,United Kingdom,,28
2823662,Evan Van Geel,M,482,250 reps,,250,Canada,TEAMLDN CrossFit,26
2001353,Hoohyeon Jeong,M,483,250 reps,,250,Korea (the Republic of),VX CrossFit,33
771894,Mike Murphy,M,483,250 reps,,250,United Kingdom,Dragon CrossFit,36
474742,Alexandre Grenier,M,485,250 reps,,250,France,CrossFit Santa Apolonia,32
1467167,Hyeon min Kim,M,486,250 reps,,250,Korea (the Republic of),CrossFit SteamPunk,29
2501191,이 성우,M,487,250 reps,,250,Korea (the Republic of),CrossFit Boom,33
1551469,Jarred Rodgers,M,488,250 reps,,250,Australia,CrossFit TPF,36
2932037,José Luis Pérez,M,488,250 reps,,250,Spain,Bai CrossFit Deusto,33
1874379,Maxence Jouve,M,490,250 reps,,250,France,CrossFit L'Ondaine,33
2854904,Trey Smith,M,490,250 reps,,250,United States,CrossFit Harrogate,41
2518977,Joubert Du Toit,M,490,250 reps,,250,South Africa,WellFit CrossFit,29
2671879,Christiaan S,M,490,250 reps,,250,Netherlands,CrossFit Duketown,35
2910926,Jason Plummer,M,494,249 reps,,249,Australia,Fuse CrossFit,38
1592745,Andrew Bohn,M,495,249 reps,,249,Vanuatu,,43
501527,Daniel Sterni,M,496,249 reps,,249,United States,SUBU CrossFit,37
937341,Jonathan Lynn,M,497,249 reps,,249,United States,CrossFit Vox,44
1549123,Shawn Thompson,M,498,249 reps,,249,United States,,37
1404881,Greg Hall,M,499,249 reps,,249,United States,Southlake Dragon CrossFit,34
2168948,Jonathan Lewis,M,500,249 reps,,249,United States,All In CrossFit,27
1776345,Viktor Vaskin,M,2700,183 reps,,183,Russian Federation,CrossFit Udarnik,33
2682927,CHUNYEN TSAI,M,2700,183 reps,,183,Chinese Taipei,Hongtai CrossFit,41
893066,Gouthaman Tharmathasan,M,2700,183 reps,,183,United Kingdom,CrossFit Epsom,38
2174027,Vic Brady,M,2704,182 reps,,182,Australia,Rocks CrossFit,47
2672994,Christian Hadgraft,M,2705,182 reps,,182,United Kingdom,CrossFit Humber,23
2768748,Andrew Sicard,M,2706,182 reps,,182,United States,,30
2956891,JIHUN YOO,M,2707,182 reps,,182,Korea (the Republic of),,28
2447494,Bailey Wilce,M,2708,182 reps,,182,Australia,CrossFit HBZ,24
2970628,Doojin Nam,M,2709,182 reps,,182,Korea (the Republic of),CrossFit Namsan,32
2751025,Joshua Rasure,M,2709,182 reps,,182,United States,CrossFit Retro,25
2905653,Riley Sanders,M,2711,182 reps,,182,Australia,CrossFit New Beginning,20
1163179,Juan Paulo Gultiano,M,2712,182 reps,,182,New Zealand,CrossFit St Kilda,40
2189348,Guilhem Barrial,M,2712,182 reps,,182,France,CrossFit Saint Georges d'Orques,37
2655621,Chris Berry,M,2714,182 reps,,182,Australia,CrossFit DECK,37
2952546,Alfredo González Franco,M,2715,182 reps,,182,Spain,NAMA CrossFit,26
2937531,Shunichi Morioka,M,2716,182 reps,,182,Japan,CrossFit Roppongi,34
1912449,Cedric Vong,M,2716,182 reps,,182,France,CrossFit Kinêma,34
2822817,Antony Paleni,M,2718,182 reps,,182,France,CrossFit Albertville,36
1795820,Mario Calvaruso,M,2719,182 reps,,182,Italy,Reebok CrossFit Alcamo,38
1422819,Arron Elfverson,M,2720,182 reps,,182,United Kingdom,CrossFit SAR,36
2911090,Filippo Bandini,M,2721,182 reps,,182,Italy,CrossFit Iron Kings,39
2799157,Eliott DURAND,M,2722,182 reps,,182,France,CrossFit Vesoul,30
1963880,Daniel García,M,2723,182 reps,,182,Spain,CrossFit CFSL San Lorenzo de El Escorial,39
2912851,Neil Hitchinson,M,2723,182 reps,,182,United Kingdom,CrossFit 1298,36
2659150,Aiden Reis,M,2725,182 reps,,182,Australia,CrossFit Zenith,27
651873,Dongmin Shin,M,2726,182 reps,,182,Korea (the Republic of),CrossFit BTP,45
1786943,Celian Lecomte,M,2727,182 reps,,182,France,CrossFit Shenron,30
2968766,Emil Erichsen,M,2728,182 reps,,182,Norway,CrossFit Grimstad,16
1950384,Jonathan James,M,2729,182 reps,,182,United Kingdom,CrossFit Rudis,35
2968208,Wesley Fung,M,2730,182 reps,,182,South Africa,NorSub CrossFit,45
2952017,Clément Laure,M,2731,182 reps,,182,France,CrossFit Mayol,24
2195593,Jack McMahon,M,2731,182 reps,,182,Australia,CrossFit CrossAxed,33
2831222,Michael Church,M,2731,182 reps,,182,United Kingdom,CrossFit Glasgow,41
1755939,Brunno Nascimento Lopes,M,2731,182 reps,,182,Brazil,RedMob CrossFit 03,45
2443834,Rhys Thomas,M,2735,181 reps,,181,United Kingdom,179 CrossFit,29
2145701,Aryldo Gentil Russo Junior,M,2736,181 reps,,181,Brazil,CrossFit Rengō Valenciennes,53
2647696,Padraig Ferris,M,2737,181 reps,,181,Ireland,CrossFit Leixlip,36
2672132,Alexandre Kalfas,M,2738,181 reps,,181,France,CrossFit Grande Arche Station,34
2814704,Bryce Fontenot,M,2739,181 reps,,181,United States,Hurricane CrossFit,26
2736379,Hosoo Han,M,2740,181 reps,,181,Korea (the Republic of),Golden Crown CrossFit Seodaemun,35
2913613,Romain Boillot,M,2741,181 reps,,181,Switzerland,CrossFit Rapace,24
2956950,Moonyeong Do,M,2742,181 reps,,181,Korea (the Republic of),CrossFit Yeongtong,30
2956770,Jeong Hun Kim,M,2743,181 reps,,181,Korea (the Republic of),,33
2918123,Piotr Mochocki,M,2743,181 reps,,181,Poland,CrossFit New Dogs Gym,40
756049,Haeyun Jung,M,2745,181 reps,,181,Korea (the Republic of),CrossFit Gangnam,37
1282162,Steve Zamuner,M,2745,181 reps,,181,Australia,HomeFront CrossFit,44
696426,Rernard Allen,M,2745,181 reps,,181,United States,CrossFit Lake Wylie,40
2789179,Jung Sungwon,M,2748,181 reps,,181,Korea (the Republic of),CrossFit Peanut Butter,38
2910746,Nathan Stuart,M,2749,181 reps,,181,Australia,Grandstand CrossFit,38
2835197,Pietro Iesce,M,2749,181 reps,,181,Italy,CrossFit HideNest,33
2929865,Chris Ward,M,4151,115 reps,,115,United Kingdom,CrossFit SAR,51
2518223,Kim Sungeun,M,4152,114 reps,,114,Korea (the Republic of),,48
2948672,Kim Youngje,M,4153,114 reps,,114,Korea (the Republic of),CrossFit Yeowol,30
2972809,Stephane Debez,M,4154,114 reps,,114,France,CrossFit Sunway,50
768621,Michael Carroll,M,4154,114 reps,,114,United States,CrossFit Obsession,42
2595625,Adam Adolph,M,4156,114 reps,,114,United States,Kinetic Grit CrossFit,37
2210438,Darius-Ionuț Anghel,M,4157,114 reps,,114,United Kingdom,CrossFit Huntsman,36
2068036,George Nye,M,4158,113 reps,,113,United Kingdom,CrossFit Yate,37
2900986,Goncalo Gomes,M,4159,113 reps,,113,Portugal,Kayi CrossFit Keston,33
2951806,CHANG-HAN YU,M,4160,113 reps,,113,Chinese Taipei,CrossFit Lilian,28
2402166,Ariel Penkower,M,4161,113 reps,,113,Israel,CrossFit Gush Etzion,46
2830715,William Boyd,M,4162,113 reps,,113,United Kingdom,CrossFit Tweedbank,45
2783144,Niev Schiller,M,4163,113 reps,,113,Israel,CrossFit REL,27
1986885,Kaoru Nagatsuka,M,4164,112 reps,,112,Japan,CrossFit Daikanyama,35
2926094,John Fyrogenis,M,4165,112 reps,,112,Greece,Dark Ace CrossFit,26
2949434,Luan Steenkamp,M,4166,112 reps,,112,South Africa,CrossFit 10 Star,37
2937859,Daniel Sánchez Reina,M,4167,111 reps,,111,Spain,CrossFit Kudasai,39
2603871,Shashidharan Shanmugam,M,4168,111 reps,,111,India,CrossFit Stadion 1926,41
2532141,Jonathan Wade Whaley,M,4169,111 reps,,111,United States,CrossFit Calabash,42
2922266,RENATO AMARAL DONATO,M,4170,110 reps,,110,Brazil,131 CrossFit Diadema,37
2961426,Arthur Amice,M,4171,110 reps,,110,France,CrossFit Montauroux,30
2504448,Steven Murray,M,4172,110 reps,,110,United Kingdom,Peak Fitness CrossFit,44
346146,Alan Gomez,M,4173,110 reps,,110,Australia,Charge CrossFit Reservoir,52
2968340,Alexander Praller,M,4174,110 reps,,110,Germany,CrossFit 63,43
2955917,Dongmin Kang,M,4175,110 reps,,110,Korea (the Republic of),CrossFit Knoxfield,34
2825167,Sudeep Debnath,M,4175,110 reps,,110,India,I Think CrossFit,39
2948434,Brian Zielinski-Smith,M,4177,109 reps,,109,United Kingdom,CrossFit 115,43
2949639,Weston Moreau,M,4178,109 reps,,109,United States,Cajun CrossFit,51
2843534,Vipul Singh,M,4179,108 reps,,108,India,TD CrossFit,38
2700979,Jai Watarawi,M,4180,108 reps,,108,New Zealand,CrossFit 2795,16
2863098,Rich Andrews,M,4181,108 reps,,108,United Kingdom,CrossFit Welshpool,40
2546628,David Lane,M,4182,108 reps,,108,Australia,CrossFit Aftermath,54
2933561,서 주성,M,4183,107 reps,,107,Korea (the Republic of),CrossFit Hound,28
2496899,Andrew Rocke,M,4184,106 reps,,106,United Kingdom,CrossFit Chew Valley,45
2628552,Douglas Santana Michelini,M,4185,106 reps,,106,Brazil,CrossFit 411,53
1054215,Scott Bradford,M,4186,106 reps,,106,United States,CrossFit Doors of Daring,38
2819553,Henry van Rooyen,M,4187,106 reps,,106,South Africa,CrossFit Radium,51
2957379,Taisei Ieda,M,4188,105 reps,,105,Japan,CrossFit Roppongi,28
2915264,Ken McConville,M,4189,105 reps,,105,New Zealand,CrossFit 7010 Nelson,29
1181579,Salvador Cabrera,M,4190,104 reps,,104,El Salvador,CrossFit Horus,38
2637884,Sacha Green,M,4191,104 reps,,104,Australia,Sagitta CrossFit Forrestdale,40
2912441,Kurt Jang,M,4192,104 reps,,104,Korea (the Republic of),CrossFit Hannam,30
2830654,Biff Lee,M,4193,104 reps,,104,United States,CrossFit Okefenokee,39
2944166,Henrik Thing,M,4194,104 reps,,104,Denmark,CrossFit Heaven,34
2819293,Brian Merrill,M,4195,104 reps,,104,Australia,CrossFit Geo,51
2392635,Chang-Ping Lin,M,4196,103 reps,,103,Chinese Taipei,WP ZouHui CrossFit,46
2963503,Jackson Curcio,M,4197,103 reps,,103,Australia,CrossFit Shellharbour City,21
2460430,dheeraj reddy,M,4198,103 reps,,103,India,CrossFit Mend,39
2227257,Angelo Ardito,M,4199,103 reps,,103,Italy,Letz CrossFit,36
2450629,Ken TANIFUJI,M,4200,102 reps,,102,Japan,CrossFit Roppongi,50
1231350,Stian Engseth,M,2801,180 reps,,180,Norway,,40
2108686,Tyler Flavell,M,2802,180 reps,,180,Australia,CrossFit Cranbourne,32
2972946,Yusaku Nagata,M,2803,180 reps,,180,Japan,Seto CrossFit,24
2513126,Patrick Last,M,2804,180 reps,,180,Australia,CrossFit Northbound,31
2839604,Matt Starace,M,2805,180 reps,,180,United Kingdom,CrossFit Structure,33
1267698,Franklin Perez Azcona,M,2806,180 reps,,180,Dominican Republic,,42
1253808,Alex Bruce,M,2807,180 reps,,180,United States,CrossFit Kokua,40
2935577,Shane Reddy,M,2807,180 reps,,180,Ireland,CrossFit Solas,38
1965573,Ben Prior,M,2809,180 reps,,180,Australia,CrossFit Burleigh,50
2863461,Sihu Jung,M,2810,180 reps,,180,Korea (the Republic of),,22
2952070,Yan Uiterwijk,M,2811,180 reps,,180,France,CrossFit Pleasure,30
684114,Jason Schneck,M,2811,180 reps,,180,Australia,CrossFit CrossAxed,38
1912510,Andrew Bush,M,2813,180 reps,,180,United Kingdom,,42
2400360,Kevin Debusschere,M,2813,180 reps,,180,France,CrossFit Sainte Suzanne,41
2268455,James Ilott,M,2813,180 reps,,180,United Kingdom,No One CrossFit,39
2618222,Iban Moreno,M,2813,180 reps,,180,Spain,CrossFit Llucmajor,36
2794158,현종 남궁,M,2813,180 reps,,180,South Sudan,CrossFit Plan B,31
2806203,Sylvain Boury,M,2813,180 reps,,180,France,CrossFit Trévoux,35
2955591,Ramond Jérôme,M,2819,179 reps,,179,France,Sunny CrossFit Cintegabelle,30
2663464,Kip Laverack,M,2820,179 reps,,179,Australia,CrossFit Athletic City,35
2920149,Patrick Williamson,M,2821,179 reps,,179,Australia,CrossFit Reclaim,41
2411045,Randall Pearl,M,2822,179 reps,,179,United States,Redemption Road CrossFit Sanctvm,46
2915061,Matthieu Bandelier,M,2822,179 reps,,179,France,CrossFit Rapace,28
935506,Philipp Bless,M,2824,179 reps,,179,Switzerland,CrossFit HelvetiX,40
2885973,Conrad Edmonds,M,2824,179 reps,,179,United Kingdom,732 CrossFit,35
1820366,Matt McIver,M,2824,179 reps,,179,Australia,CrossFit Allsorts,33
2826460,Hong JunPyo,M,2827,179 reps,,179,Korea (the Republic of),CrossFit Hoguk,23
2270487,Hélder Marques,M,2828,179 reps,,179,Portugal,CrossFit Montijo,52
2242099,David Malherbe,M,2828,179 reps,,179,South Africa,REF CrossFit Jozi,48
25757,Colin Gill,M,2828,179 reps,,179,Australia,City 4051 CrossFit,48
2972086,Adrian Méndez Perez,M,2831,179 reps,,179,Spain,Tenax CrossFit,31
2966210,Goto Daita,M,2832,179 reps,,179,Japan,A Plus CrossFit Hommachi,37
2638447,yechan Kim,M,2832,179 reps,,179,Korea (the Republic of),CrossFit Gangnam,25
2923583,Adrien Pineau,M,2834,179 reps,,179,France,Kitsune CrossFit,37
2922998,Maxence Agez,M,2835,179 reps,,179,France,CrossFit LXII,33
1754514,James Bennett,M,2835,179 reps,,179,United States,,46
685492,Paul Alderson,M,2837,179 reps,,179,United Kingdom,CrossFit Northumbria,52
2939837,Theo Van Stryp,M,2838,179 reps,,179,South Africa,CrossFit Artaxes,48
1694374,Dan Simpson,M,2839,179 reps,,179,United Kingdom,CrossFit RTV,42
2972041,Shane Pritchard,M,2840,179 reps,,179,Australia,CrossFit CADC,45
2925572,이 영호,M,2841,179 reps,,179,Korea (the Republic of),CrossFit Vulcan,24
2919247,Stuart james,M,2841,179 reps,,179,United Kingdom,Cattle Dog CrossFit,45
2911051,Raffaele Galluccio,M,2843,179 reps,,179,Italy,CrossFit Iron Kings,34
491355,Kelvin Duran,M,2844,179 reps,,179,United States,Starr Village CrossFit,42
2671605,Roi Zentner,M,2845,179 reps,,179,Israel,CrossFit Pardes Hana Karkur,43
2465381,Kevin Walter,M,2845,179 reps,,179,United States,CrossFit AR Strength,40
2936906,Alberto Flores,M,2847,179 reps,,179,Spain,M8 CrossFit,34
1611683,Paul Valentine,M,2848,179 reps,,179,Australia,CrossFit DECK,37
116280,Robert Lewis,M,2849,179 reps,,179,United States,CrossFit 845,40
2754879,Arana McDonnell,M,2850,179 reps,,179,Australia,CrossFit 4720,32
2948355,Gonzalo Sanz Zaballos,M,4251,248 reps - s,,248,Spain,Informa CrossFit,39
236699,Raymond Trangmar,M,4252,246 reps - s,,246,New Zealand,,52
2849161,Marc Letienne,M,4253,245 reps - s,,245,France,CrossFit Embrun,33
2866594,Kevin Parslow,M,4254,243 reps - s,,243,United Kingdom,CrossFit NAS,47
2885548,Muhammad Alif Haikal Bin Takim,M,4255,243 reps - s,,243,Malaysia,Informa CrossFit,36
2583780,Gil Almeida,M,4256,240 reps - s,,240,Portugal,5.7 CrossFit,49
2896271,영민 김,M,4257,239 reps - s,,239,Korea (the Republic of),CrossFit Up Down,33
2598773,Jérémy Merlier,M,4258,238 reps - s,,238,France,CrossFit Dunkerque,38
1772372,Rich Tea,M,4259,238 reps - s,,238,Ireland,CrossFit Moira,54
2968252,Mark Manning,M,4260,238 reps - s,,238,United Kingdom,CrossFit Leeds,44
2956421,Theo Kelly,M,4261,237 reps - s,,237,Australia,HomeFront CrossFit,28
521134,Junho Jung,M,4262,236 reps - s,,236,Korea (the Republic of),CrossFit Gangnam,44
1693460,Abhi Biswas,M,4263,236 reps - s,,236,United States,Summit CrossFit,45
2949775,Stian Grytting,M,4264,235 reps - s,,235,Norway,CrossFit Lilleaker,40
2218967,Jim Morton,M,4265,235 reps - s,,235,United States,Unfiltered CrossFit,51
2959211,Gonzalo Calvo Sánchez,M,4266,235 reps - s,,235,Spain,CrossFit Wezone Almagro,30
2711048,William De La Cruz Zayas,M,4267,234 reps - s,,234,Dominican Republic,Puerto Plata CrossFit,38
2930190,Michael Hand,M,4268,233 reps - s,,233,United Kingdom,CrossFit Chiltern,52
2919757,Jesus Fernandez Gomez,M,4269,233 reps - s,,233,Spain,CrossFit Arteixo,40
2527624,William Amaral,M,4270,232 reps - s,,232,Brazil,Republica CrossFit,37
2922331,Mike SAINT-DIZIER,M,4271,232 reps - s,,232,France,CrossFit TeamWolf,35
2618832,Alexis Baird,M,4272,232 reps - s,,232,Australia,Snake CrossFit,40
2922854,CHEOLHYUN KANG,M,4273,231 reps - s,,231,Korea (the Republic of),,37
1989171,Reinhardt Van Zyl,M,4274,231 reps - s,,231,Mauritius,CrossFit Grand Baie,42
2415131,Carlos Villalba,M,4275,231 reps - s,,231,Paraguay,GTC CrossFit,37
488960,Juan Delard de Rigoulières,M,4276,230 reps - s,,230,Australia,CrossFit Athletic City,48
2790809,Adai Colom,M,4277,230 reps - s,,230,Spain,Red Grizzly CrossFit,43
2351368,John McDermott,M,4277,230 reps - s,,230,United Kingdom,CrossFit Tactical,45
2679042,Jan L Hornedo Medina,M,4279,228 reps - s,,228,Puerto Rico,CrossFit 53,28
949252,Sebastien Heddebaut,M,4280,228 reps - s,,228,France,CrossFit Le Troisieme Endroit,46
2913630,Alessio Bortoletto,M,4281,228 reps - s,,228,Italy,CrossFit Arcadia,31
2903374,Pascal Van Huffel,M,4282,227 reps - s,,227,South Africa,CrossFit Moira,35
2930598,Monchai Kooakachai,M,4283,226 reps - s,,226,Thailand,CrossFit Peak 365,37
2911201,Guilherme Mendes,M,4284,226 reps - s,,226,Brazil,CrossFit Sinos,32
2495626,Beckam Golike,M,4285,224 reps - s,,224,United States,CrossFit 926,17
2651430,Pierrick Roman,M,4286,224 reps - s,,224,France,CrossFit Embrun,39
2918761,Luke Roberts,M,4287,224 reps - s,,224,United Kingdom,BearWalden CrossFit,33
2573236,Tiago Martins,M,4287,224 reps - s,,224,Portugal,5.7 CrossFit,37
1942813,Mikey Peyton,M,4289,223 reps - s,,223,Ireland,CrossFit Limitless,42
2972432,David Roqueplan,M,4290,223 reps - s,,223,France,CrossFit LE PUY,39
2945448,Dan Broughton,M,4291,223 reps - s,,223,United Kingdom,CrossFit Tyneside,24
2923925,Olly Brand,M,4291,223 reps - s,,223,United Kingdom,CrossFit Truro,44
2833354,Marc Frost,M,4293,222 reps - s,,222,United Kingdom,CrossFit Thame,50
1703731,Felix Braun,M,4294,222 reps - s,,222,Germany,CrossFit KH,35
2806221,Murilo Santos,M,4295,222 reps - s,,222,Brazil,MAD CrossFit,35
2265675,Jp Pablo,M,4296,221 reps - s,,221,United States,South Beach CrossFit SI,42
2182979,Michael Spence,M,4297,221 reps - s,,221,Ireland,CrossFit Moira,43
2953963,Tim Graham,M,4298,220 reps - s,,220,United Kingdom,,48
2958553,Paul Davidson,M,4299,220 reps - s,,220,United Kingdom,CrossFit 57 North,30
2946618,Adam Howells,M,4300,219 reps - s,,219,United Kingdom,,29
2911372,Jon Jacobs,M,4401,190 reps - s,,190,United Kingdom,CrossFit Shenley,44
2972650,kai miyagi,M,4402,190 reps - s,,190,Japan,GANJUU CrossFit,32
2958822,Christophe T,M,4403,190 reps - s,,190,France,CrossFit Carnotzet,32
2972914,Axton Ryda,M,4404,190 reps - s,,190,Australia,CrossFit 35 Degrees South,33
2958954,Michael Smyth,M,4405,189 reps - s,,189,Ireland,CrossFit Pioneer,28
2603406,Nick Broderick,M,4406,189 reps - s,,189,Ireland,CrossFit Lár na Tíre,33
2822524,Carlos Levano Rayme,M,4407,189 reps - s,,189,Spain,M8 CrossFit,42
2960629,Alexandre Assouad,M,4408,189 reps - s,,189,France,CrossFit Nostradamus,42
2956752,James Tonna,M,4408,189 reps - s,,189,Australia,Inner West CrossFit,40
2136942,Donny Davie,M,4408,189 reps - s,,189,Australia,,54
2913239,Shlomi Bismut,M,4408,189 reps - s,,189,Israel,YV CrossFit Afula,45
2911371,Chris Rutter,M,4408,189 reps - s,,189,United Kingdom,CrossFit Northumbria,42
2972544,Jake Drinkwater,M,4413,188 reps - s,,188,United Kingdom,CrossFit Thame,41
2936103,Jamie MacPherson,M,4414,188 reps - s,,188,Australia,CrossFit Release,51
2972255,Rana Nalluri,M,4415,188 reps - s,,188,Australia,Reebok CrossFit Frankston,34
2828898,Mauricio Tavares de Oliveira Albuquerque,M,4416,188 reps - s,,188,Brazil,KAZA CrossFit,37
2969975,Sébastien Courteix,M,4417,188 reps - s,,188,France,M34 CrossFit Initial,29
2626055,Juan Jose Cobos,M,4417,188 reps - s,,188,Spain,CrossFit Cordoba,40
2195243,Enrico Quaglia,M,4417,188 reps - s,,188,Italy,CrossFit Acqui,48
2915345,Joseph Crick,M,4420,187 reps - s,,187,Australia,CrossFit TWA,27
2829877,NICOLAS RAGOT,M,4421,187 reps - s,,187,France,CrossFit Louviers,41
2945480,patrick bens,M,4422,187 reps - s,,187,Netherlands,,52
2821769,Roman Novacek,M,4422,187 reps - s,,187,Czechia,Metronome CrossFit,38
2929127,Dylan Boyd,M,4422,187 reps - s,,187,Australia,,26
2911463,Martin Louw,M,4425,186 reps - s,,186,South Africa,CrossFit 10 Star,34
464398,Piotr Kania,M,4426,186 reps - s,,186,Poland,CrossFit Elektromoc,42
2950233,Miguel Angel Rubio,M,4427,186 reps - s,,186,Spain,,36
2963297,Michael Thompson,M,4428,186 reps - s,,186,United Kingdom,CrossFit Moira,27
2972784,David Ross,M,4429,185 reps - s,,185,United Kingdom,CrossFit Glasgow,46
2931314,Andrei Vasenin,M,4430,185 reps - s,,185,Spain,CrossFit Wezone Almagro,37
2918925,Felipe Colombo,M,4431,185 reps - s,,185,Brazil,Republica CrossFit,33
1804224,Paul Brockmann,M,4432,184 reps - s,,184,United States,CrossFit ONE Nation,35
2968838,George Knott,M,4433,184 reps - s,,184,United Kingdom,CrossFit Freesol,25
2623340,Maurizio Tavarone,M,4434,184 reps - s,,184,Italy,CrossFit Acqui,47
2607729,Marcos Daninger,M,4435,184 reps - s,,184,Brazil,131 CrossFit Diadema,24
2917925,Dylan Bamber,M,4436,184 reps - s,,184,United Kingdom,CrossFit Wigan,23
2959648,Jacob DiMario,M,4437,183 reps - s,,183,United States,CrossFit Loco Ocho,31
2952894,Michael Hanson,M,4438,183 reps - s,,183,United Kingdom,,46
671088,Nav Nouhi,M,4439,183 reps - s,,183,United States,Metronome CrossFit,45
2828784,Sacha Karsenty,M,4440,183 reps - s,,183,Sweden,F4L CrossFit SoFo,36
1237373,Giuseppe De Ruvo,M,4441,182 reps - s,,182,Italy,CrossFit Glasgow,41
2903495,Tommy Conboy,M,4442,182 reps - s,,182,United Kingdom,CrossFit 57 North,38
2922852,Sreeram Udayan,M,4443,181 reps - s,,181,India,CrossFit Drumcondra,35
2469016,Johan Nader,M,4444,181 reps - s,,181,France,CrossFit Dunkerque,38
2933964,Eddie Wills,M,4445,181 reps - s,,181,United Kingdom,CrossFit Huntsman,43
2427395,Guillaume Freminet,M,4446,181 reps - s,,181,France,CrossFit Shenron,46
2966940,Noah Palmer,M,4447,181 reps - s,,181,United States,Perry Hall CrossFit,23
2954059,Eric MEJIA,M,4448,180 reps - s,,180,France,CrossFit Nakama,41
2907103,Juan Carlos Hernandez,M,4449,180 reps - s,,180,Spain,CrossFit LILS 28044,53
371738,John Moore,M,4450,180 reps - s,,180,United States,CrossFit Surge,45
101601,Neil Collins,M,2651,184 reps,,184,United Kingdom,CrossFit Brough,46
420303,Tom Hewitt,M,2652,184 reps,,184,United Kingdom,CrossFit Rudis,39
2927493,Carmine Corsini,M,2653,184 reps,,184,Italy,CrossFit Zola Predosa,43
1545390,Joe Golden,M,2654,184 reps,,184,United States,CrossFit Danbury,37
2793255,Shaun Habibi,M,2655,184 reps,,184,South Africa,Movement Crew CrossFit,50
2785185,David Morolli,M,2655,184 reps,,184,France,CrossFit Graoully,50
2501395,Jordan Gallagher,M,2657,184 reps,,184,United Kingdom,CrossFit Resplendent,33
1764285,Juraj Svincak,M,2658,184 reps,,184,Slovakia,CrossFit Trnava,38
2604872,Greg Stewart,M,2659,184 reps,,184,United Kingdom,CrossFit Dundee,45
2823257,Trey Dill,M,2660,184 reps,,184,United States,CrossFit Lanier,31
2626899,Lachlan Cocks,M,2661,184 reps,,184,Australia,CrossFit Virtuous,40
2213362,Adam West,M,2662,184 reps,,184,United Kingdom,CrossFit Talisman,42
2941270,Christopher Pinville,M,2663,184 reps,,184,France,CrossFit La Roche sur Yon,36
2957921,Johan Pivert,M,2664,184 reps,,184,France,CrossFit Sorgues,44
2626332,David Hayes,M,2664,184 reps,,184,Australia,,47
2277803,Daniel Harding,M,2666,184 reps,,184,United Kingdom,,29
2972399,Bailey Altenhof,M,2666,184 reps,,184,Australia,CrossFit Bairnsdale,16
1959382,Guy Shadmi,M,2666,184 reps,,184,Israel,CrossFit Hamaccabiah Panda,37
2965088,Liam Floyd,M,2666,184 reps,,184,New Zealand,,32
2832692,Markus Oosthuizen,M,2666,184 reps,,184,South Africa,CrossFit Alberton 2.0,28
1592142,Bradley Kirkland,M,2666,184 reps,,184,United States,CrossFit Fitness Coliseum,50
2830760,Eric Lee,M,2666,184 reps,,184,Canada,CrossFit Neuro,34
2809520,Moosa Mahsoom,M,2666,184 reps,,184,India,CrossFit 9 One,28
2798580,William Nicolaidis,M,2666,184 reps,,184,Australia,CrossFit HBZ,29
2920764,Dewald de Villiers,M,2675,183 reps,,183,South Africa,CrossFit Ira,25
2796995,BRANGER BINET Mathis,M,2676,183 reps,,183,France,CrossFit Second Souffle,20
2678569,Sean Hayes,M,2677,183 reps,,183,Australia,CrossFit 505,34
2461564,Fabiano Junior,M,2678,183 reps,,183,Brazil,Monai CrossFit,32
2406226,Edgaras Artemčiukas,M,2679,183 reps,,183,Lithuania,,38
2791114,hyukkyu Han,M,2680,183 reps,,183,Korea (the Republic of),Jinju CrossFit,29
2622184,Israel Perez,M,2681,183 reps,,183,United States,CrossFit 696,31
2820255,Matt Lawler,M,2682,183 reps,,183,Australia,Area 61 CrossFit,34
2601181,Yohwan Han,M,2682,183 reps,,183,Korea (the Republic of),CrossFit RAON3,33
1058100,Ben Eldridge,M,2684,183 reps,,183,Australia,CrossFit Facilitate,28
2804479,Scott McKinstry,M,2685,183 reps,,183,United Kingdom,CrossFit MTN,34
789003,David Gizzi,M,2686,183 reps,,183,Australia,CrossFit Three Flow,40
1403476,Michael Gray,M,2687,183 reps,,183,United Kingdom,CrossFit Humber,38
1702160,Cameron Swift,M,2688,183 reps,,183,Australia,Freezing Hot CrossFit,39
1943458,Cameron Mclaughlin,M,2688,183 reps,,183,United Kingdom,Marlborough CrossFit,43
1837161,Kristian Aroutsidis,M,2690,183 reps,,183,Australia,CrossFit Reclaim,34
2833263,Peter Kucins,M,2691,183 reps,,183,United Kingdom,CrossFit Blackpool,33
19967,Paul Warren-Tape,M,2692,183 reps,,183,Australia,CrossFit Burleigh,48
2407794,Matt Coulthard,M,2692,183 reps,,183,United Kingdom,CrossFit Solent,41
2416636,Jordan Davis,M,2694,183 reps,,183,United States,Bars on Fire CrossFit,28
2538510,Kwon Oseong,M,2695,183 reps,,183,Korea (the Republic of),CrossFit Leben,30
2815918,도현 안,M,2696,183 reps,,183,Korea (the Republic of),CrossFit Team H,32
1617788,Billy Boone,M,2697,183 reps,,183,United States,Bloodline CrossFit,52
2782369,Clarke Laubscher,M,2698,183 reps,,183,South Africa,CrossFit Vredenburg,39
2870854,Miles Davies,M,2699,183 reps,,183,United Kingdom,CrossFit Oakham,28
2962719,Tom Frake,M,2700,183 reps,,183,United Kingdom,BKW CrossFit,33
1988350,Rhenio Moletta,M,1146,226 reps,,226,Brazil,CrossFit Barigui,35
2673668,Rick Sakamoto,M,1152,225 reps,,225,Australia,Wolfe Den CrossFit,27
2913116,Tommaso Lazzari,M,1153,225 reps,,225,Italy,CrossFit 3056,29
2178919,Taebeom Hwang,M,1154,225 reps,,225,Korea (the Republic of),Get It CrossFit,32
2496323,Luis Carlos Krupinski,M,1155,225 reps,,225,Brazil,Republica CrossFit,35
341287,Matt Meddows,M,1156,225 reps,,225,Australia,CrossFit Camden Valley,49
365531,Steven Dupuy,M,1156,225 reps,,225,France,CrossFit Frankton,41
1563720,Christopher Dunning,M,1158,225 reps,,225,Australia,CrossFit Sapphire,36
1521556,Andrew Mora,M,1159,225 reps,,225,United States,Atascadero CrossFit,40
2965275,Ryan Trathen,M,1160,225 reps,,225,United Kingdom,CrossFit Penzance,30
1333080,Philip Bowley,M,1161,225 reps,,225,United Kingdom,CrossFit West Melbourne,37
2951844,영우 이,M,1162,225 reps,,225,Korea (the Republic of),BASALT CrossFit,24
2878053,Geun young Park,M,1163,225 reps,,225,Korea (the Republic of),CrossFit Peanut Butter,38
2838756,Jong hoon Kim,M,1163,225 reps,,225,Korea (the Republic of),CrossFit Vulcan,33
802568,Anthony Bebic,M,1165,225 reps,,225,Australia,CrossFit Barwon,36
2949830,Seung min Mok,M,1166,225 reps,,225,Korea (the Republic of),CrossFit PALPAL,24
1674052,Anton Tiutriumov,M,1167,225 reps,,225,Russian Federation,CrossFit Udarnik,42
1062635,Mark Lawton,M,1168,225 reps,,225,United States,Strong Body CrossFit,49
723432,Neal Geluck,M,1169,225 reps,,225,United States,,41
2165128,Charbel Maatouk,M,1170,225 reps,,225,Australia,,32
2923998,Nick Long,M,1171,225 reps,,225,United Kingdom,CrossFit Bristol North,28
272108,Luke Thomson,M,1172,225 reps,,225,Australia,CrossFit Woden,35
1988274,Jake Turner,M,1173,225 reps,,225,United Kingdom,Iron Body CrossFit,32
2614683,Nathan Pron,M,1174,225 reps,,225,France,Vinea Fortis CrossFit,23
2180565,Amir Cohen,M,1175,225 reps,,225,Israel,CrossFit Via Maris,38
1204068,Jonathan Howell,M,1176,225 reps,,225,United Kingdom,CrossFit Southampton,44
1135261,Cheng Shang,M,1177,225 reps,,225,China,CrossFit Up Up,37
2972476,Thomas Marett,M,1178,225 reps,,225,United Kingdom,Iron Body CrossFit,30
2482971,Jongbo KIM,M,1178,225 reps,,225,Korea (the Republic of),CrossFit Choongjun,34
2225775,Maugan Bertaux,M,1178,225 reps,,225,France,CrossFit Littoral,30
2913182,Andrea Quattrociocchi,M,1178,225 reps,,225,Italy,Prenestina CrossFit,30
2138249,Frederic Garcia,M,1178,225 reps,,225,France,CrossFit Fréjus,36
2837833,송 호성,M,1178,225 reps,,225,Korea (the Republic of),CrossFit Sanbon,31
2599678,Maxime Loiseau,M,1184,224 reps,,224,France,CrossFit CPX,35
1632023,Kelly Morgan,M,1185,224 reps,,224,Australia,,54
738816,Andrew Peat,M,1185,224 reps,,224,Australia,CrossFit Uplift,36
2840616,Aaron Wise,M,1187,224 reps,,224,Australia,Dialogue CrossFit,41
2787426,Daniel Shimshon,M,1188,224 reps,,224,Israel,CrossFit Beit Hillel,35
2267757,Anton Matschek,M,1189,224 reps,,224,New Zealand,Thorndon CrossFit,34
2476956,Stephen Donnelly,M,1190,224 reps,,224,Australia,CrossFit Prolific,51
2915849,Wonseok Tae,M,1191,224 reps,,224,Korea (the Republic of),CrossFit Chiang Mai,43
2963875,Josh Palmer,M,1192,224 reps,,224,Australia,CrossFit Geo,31
2465215,Liam Ebert,M,1192,224 reps,,224,Australia,Iron Body CrossFit,29
1955994,Sho Nagata,M,1194,224 reps,,224,Japan,CrossFit Setagaya,37
2972515,Jeremy Gledhill,M,1195,224 reps,,224,Australia,CrossFit Bunbury,38
1665441,Robin Steyn,M,1196,224 reps,,224,South Africa,CrossFit Alberton 2.0,43
2617851,Petrus Hoikkala,M,1196,224 reps,,224,Finland,CrossFit Kaarina,41
1931630,Sunghoon Kim,M,1198,224 reps,,224,Korea (the Republic of),BASALT CrossFit,36
333072,Thomas Clark,M,1199,224 reps,,224,United States,CrossFit Fusion,38
2490429,Cian-You Kang,M,1200,224 reps,,224,Chinese Taipei,CrossFit Lilian,32
2836586,Ben Falconer,M,2851,179 reps,,179,Australia,CrossFit Arete,37
2920326,Corentin Voitot,M,2851,179 reps,,179,France,100 Pourcent CrossFit,31
2191564,Kyle Ramsing,M,2851,179 reps,,179,South Africa,CrossFit Juggernaut,30
2902498,Michael Kerr,M,2851,179 reps,,179,United Kingdom,CrossFit Haddington,37
2438710,nathan beard,M,2851,179 reps,,179,Australia,CrossFit 2795,47
933519,Liam Coates,M,2856,178 reps,,178,United Kingdom,CrossFit Peckham,38
2203056,Enrico Hermann,M,2857,178 reps,,178,Germany,CrossFit Halle,38
2934706,Lee Dowon,M,2858,178 reps,,178,Korea (the Republic of),CrossFit Cheongna,29
2473032,Rourke Armstrong,M,2859,178 reps,,178,Australia,CrossFit Wollongong,27
2971956,Benjamin Hass,M,2860,178 reps,,178,Australia,CrossFit Confront,23
2823127,Giwon Ryu,M,2861,178 reps,,178,Korea (the Republic of),CrossFit Team H,45
2803751,Gal Yonatan,M,2861,178 reps,,178,Israel,CrossFit Eilat,23
250407,Matthew Forbes,M,2863,178 reps,,178,United States,CrossFit Warrior Legion,43
2840825,jinhyun so,M,2864,178 reps,,178,Korea (the Republic of),CrossFit FLEEK,37
2926938,Bryan Hubert,M,2865,178 reps,,178,France,CrossFit Autricum,30
2392586,Nicholas Blewett,M,2865,178 reps,,178,United States,Natural Selection CrossFit,37
2972770,Simon Dickson,M,2867,178 reps,,178,United Kingdom,CrossFit Evolving Kilburn,36
2198040,Antony Tartenson,M,2868,178 reps,,178,France,CrossFit Lognes,47
839534,Jean-Pierre Parant,M,2869,178 reps,,178,France,CrossFit Initium,46
2442642,Michele D'Eredità,M,2870,178 reps,,178,Italy,CrossFit Treviso,48
2967949,Pino Carrola,M,2871,178 reps,,178,Mexico,CrossFit Louvre,48
2792740,Mathieu labbé,M,2872,178 reps,,178,Canada,CrossFit STKN,44
2729222,Julien Van-gansbeke,M,2873,178 reps,,178,France,MADMA CrossFit,30
2955910,Park DuEun,M,2874,178 reps,,178,Korea (the Republic of),,32
2834037,Spencer Lyman,M,2875,178 reps,,178,United States,CrossFit Jaglion,30
2921847,Raj Saundh,M,2876,178 reps,,178,United Kingdom,CrossFit OzBox,42
2972345,NOH Gyeongmin,M,2877,178 reps,,178,Korea (the Republic of),CrossFit Vulcan,27
2837056,Freeman Gamble,M,2878,178 reps,,178,Australia,CrossFit Kirrawee,27
2174344,Duran Mickael,M,2878,178 reps,,178,France,CrossFit Teli 300,45
795012,Alistair Grice,M,2880,178 reps,,178,United Kingdom,CrossFit Tunbridge Wells,33
2478359,Sean Kevan,M,2881,178 reps,,178,Australia,Demon CrossFit,37
2422051,Sungmin Park,M,2882,178 reps,,178,Korea (the Republic of),CrossFit YeonSinNae,35
2491433,Ronen Mor,M,2882,178 reps,,178,Israel,CrossFit Eilat,51
696979,Adam Alexander,M,2884,178 reps,,178,United States,,36
1163244,Geoff Zinberg,M,2885,178 reps,,178,United States,CrossFit Crossing,41
2909492,Joel Spencer,M,2886,178 reps,,178,United Kingdom,732 CrossFit,45
2783033,Richard Dollimore,M,2887,178 reps,,178,United Kingdom,CrossFit Wessex,50
2972406,Arturas Lapinskas,M,2888,178 reps,,178,Lithuania,SunCity CrossFit,43
2269491,Remi Piffre,M,2888,178 reps,,178,France,CrossFit St Dizier,35
2967370,Martyn Howson,M,2888,178 reps,,178,United Kingdom,CrossFit Cardiff,37
2964830,Joshua Benjamin,M,2888,178 reps,,178,Ireland,CrossFit Chocolate Box,32
2956437,Ted English,M,2888,178 reps,,178,United Kingdom,First Point CrossFit,27
2951975,Marc NOBLINS,M,2888,178 reps,,178,France,CrossFit Montpellier,46
2932440,Thomas Nemeth,M,2888,178 reps,,178,Austria,CrossFit Eisenstadt,39
2792059,Nikolai Morozov,M,2888,178 reps,,178,Russian Federation,CrossFit Udarnik,34
2904252,Lee Scott,M,2888,178 reps,,178,United Kingdom,CrossFit Scunthorpe,41
766280,Damian Quinn,M,2888,178 reps,,178,United Kingdom,CrossFit Ampthill,53
2965521,KIM KYOUNGROK,M,2898,177 reps,,177,Korea (the Republic of),CrossFit SP,29
2437786,Mauricio Lima,M,2899,177 reps,,177,Brazil,CrossFit do Beco,49
2597469,Philip Burn,M,2900,177 reps,,177,United Kingdom,CrossFit 17,41
1790176,Davey Prider,M,1351,219 reps,,219,Australia,CrossFit Greater West,35
2907292,Izrayl Devitt,M,1352,219 reps,,219,New Zealand,Injustice CrossFit,32
2782419,Phil Parkinson,M,1353,219 reps,,219,United Kingdom,CrossFit Northumbria,28
2601023,Daniel Cairns,M,1354,219 reps,,219,United Kingdom,CrossFit 8020,31
1950479,Paulo Martins,M,1355,219 reps,,219,Portugal,CrossFit Claremont,32
2238871,Zoran Varga,M,1356,219 reps,,219,Romania,CrossFit Fabric,38
2244787,Anthony Nicot,M,1356,219 reps,,219,France,CrossFit Serval,30
1326886,William Mooney,M,1358,219 reps,,219,United States,CrossFit Hard Knox,38
2650958,Youngjin Ryu,M,1359,219 reps,,219,Korea (the Republic of),VX CrossFit,26
2631917,Daniele Maiettini,M,1359,219 reps,,219,Italy,CrossFit Officine,39
1174762,Chang Hong Wei,M,1361,219 reps,,219,Chinese Taipei,CrossFit UltiLife,38
2653429,Riley Austin,M,1361,219 reps,,219,United States,CrossFit Cask Strength,25
2171045,Vasseur Andy,M,1363,219 reps,,219,France,Rupella CrossFit,34
2768773,Samuel Moose,M,1363,219 reps,,219,United States,CrossFit Kokua,34
2663409,Matthew Slager,M,1365,219 reps,,219,Australia,CrossFit Toowoomba,29
2404578,Charlie McAnea,M,1366,219 reps,,219,Ireland,CrossFit Leixlip,31
8796,Alex Raethke,M,1367,219 reps,,219,Australia,CrossFit Western Front,34
903365,Damien Lanchantin,M,1368,219 reps,,219,France,CrossFit Krios,45
234747,Christopher Loftus,M,1368,219 reps,,219,Australia,CrossFit Claremont,34
1347077,Andrew Baker,M,1370,219 reps,,219,New Zealand,CrossFit CrossAxed,37
655491,Guillaume Bouzige,M,1371,219 reps,,219,France,CrossFit Le Troisieme Endroit,46
2465211,Brendon Walsh,M,1372,219 reps,,219,New Zealand,H1 CrossFit,46
2230809,Jake Forsythe,M,1373,219 reps,,219,Australia,Snake CrossFit,38
2598166,Martin Blatsky,M,1373,219 reps,,219,Czechia,CrossFit Stadion 1926,36
897552,Chris Iodice,M,1375,218 reps,,218,Australia,Snake CrossFit,42
2395686,Ryan Conner,M,1376,218 reps,,218,United States,CGX CrossFit,31
2963223,Treveon Govan,M,1377,218 reps,,218,United States,CrossFit R.I.F.L.,33
25634,Jahn Åge E. Tordal,M,1378,218 reps,,218,Australia,CrossFit Nook,37
2897496,Thomas Traill,M,1379,218 reps,,218,Australia,CrossFit Hastings,29
2596142,Nicolas Medyk,M,1380,218 reps,,218,France,CrossFit Cordée,25
2806356,Jack Lane,M,1381,218 reps,,218,United Kingdom,CrossFit 1298,39
2934972,Grzegorz Redman,M,1382,218 reps,,218,Poland,CrossFit New Dogs Gym,45
1083500,Chris Watson,M,1383,218 reps,,218,Australia,CrossFit Chemistry,47
2968366,Hayden S,M,1383,218 reps,,218,Australia,Fitness Alley CrossFit,28
2823142,GD Koch,M,1383,218 reps,,218,South Africa,CrossFit Ira,18
2490453,Cristiano Souza,M,1386,218 reps,,218,Brazil,CrossFit W950,39
1264335,Andrew Douglas,M,1387,218 reps,,218,Australia,CrossFit Tide Athletic,47
2971070,Ko taejin,M,1388,218 reps,,218,Korea (the Republic of),CrossFit Fit Force,21
2911706,Richard Bekoe,M,1389,218 reps,,218,United Kingdom,CrossFit Southampton,30
787062,Grant Stephens,M,1390,218 reps,,218,United States,CrossFit Willis,28
2844185,Mitchell McKinnon,M,1391,218 reps,,218,Australia,CrossFit Narellan,31
2441886,Matthew Diener,M,1392,218 reps,,218,Australia,CrossFit Woolgoolga,41
776050,Matteo Meneghesso,M,1393,218 reps,,218,Italy,CrossFit Iron Kings,38
2675330,Michael Thomas,M,1394,218 reps,,218,South Africa,CrossFit Moreton Bay,27
1130211,Toby Peacock,M,1395,218 reps,,218,Australia,CrossFit 505,46
2794148,Dahun Jung,M,1396,218 reps,,218,Korea (the Republic of),Jinju CrossFit,29
1296934,Clifton White,M,1397,218 reps,,218,United States,CrossFit WV,37
2852047,Matt Hill,M,1398,218 reps,,218,Australia,Inbound CrossFit,25
1696869,Luiz Felipe C Fantin,M,1399,218 reps,,218,Brazil,Reino CrossFit,42
223855,Adam Jones,M,1400,218 reps,,218,United Kingdom,CrossFit Witham,41
2182860,Bertrand Kuhn,M,501,249 reps,,249,France,CrossFit Krios,40
2661787,nicolas vedel,M,502,249 reps,,249,France,CrossFit Albi,29
15968,Tim Kozina,M,502,249 reps,,249,United States,CrossFit Shorebreak,37
1551342,Connor Hall,M,504,249 reps,,249,United States,CrossFit Invictus Back Bay,33
2200662,Clément Leschelet,M,504,249 reps,,249,France,CrossFit Bourg-en-Bresse,38
2851014,Yoon Young Woong,M,506,249 reps,,249,Korea (the Republic of),CrossFit MATE,24
1270180,Michael Thomas,M,507,249 reps,,249,United States,CrossFit Nashville,29
499617,Steve Webster,M,507,249 reps,,249,Australia,Wolfe Den CrossFit,47
2791864,Nicholas Simones,M,507,249 reps,,249,United States,Centered CrossFit,32
2388317,Rylee Kent,M,510,249 reps,,249,Australia,CrossFit Muswellbrook,17
1934128,Justin Horine,M,511,249 reps,,249,United States,CrossFit Southie,29
2618434,Alex Cunnington,M,512,249 reps,,249,Australia,Samford Valley CrossFit,25
2241106,Dean Kennedy,M,512,249 reps,,249,Australia,CrossFit Arete,27
2363148,Dane Conboy,M,514,249 reps,,249,Australia,CrossFit Knoxfield,33
2963805,Corey McDevitt,M,514,249 reps,,249,Australia,CrossFit Currumbin,32
2405212,Teddy Arnaud Goddet,M,514,249 reps,,249,France,Irok CrossFit,29
1289133,Tom Cockerham,M,517,248 reps,,248,United Kingdom,CrossFit Embsay Mills,39
2398613,Jack Button,M,518,248 reps,,248,United Kingdom,CrossFit Onen,28
2839492,David Kirwan,M,519,248 reps,,248,Ireland,CrossFit Maroubra,28
644571,Matthew Bush,M,520,248 reps,,248,United States,CrossFit Glen Burnie,41
2850788,Weng Fong Pang,M,521,248 reps,,248,Singapore,,32
1488361,Jake Cardinal,M,522,248 reps,,248,Australia,CrossFit Dauntless,33
1741166,Adam Turner,M,522,248 reps,,248,United Kingdom,CrossFit Chiltern,47
2500182,Mason Cummings,M,524,248 reps,,248,Australia,CrossFit Hunted Fitness,20
2445931,Cain Lovering,M,525,248 reps,,248,Australia,,27
968724,Kenneth Weiser,M,526,248 reps,,248,United States,8th Day CrossFit,39
2638146,남 도윤,M,527,248 reps,,248,Korea (the Republic of),CrossFit Respect,22
2477928,Nick Bell,M,528,248 reps,,248,Australia,CrossFit Southern Highlands,28
2128585,Henry Brisland,M,529,248 reps,,248,United Kingdom,CrossFit Dire Wolf,33
2191705,Rémi Berthoud,M,530,248 reps,,248,France,CrossFit Corte,24
2802598,Wilson Gerry,M,531,248 reps,,248,United States,Natural Selection CrossFit,20
2961312,Junsik Kim,M,532,248 reps,,248,Korea (the Republic of),We CrossFit Seocho,29
2205194,Louis Murray,M,533,248 reps,,248,South Africa,CrossFit Ira,28
94535,Tyler Friedl,M,534,248 reps,,248,United States,CrossFit Backland,35
1937508,Jan Kupčík,M,534,248 reps,,248,Czechia,Colliery CrossFit Ostrava,34
2265524,Ayden Haller,M,534,248 reps,,248,United States,Pine Mountain CrossFit,19
1652089,Moritz Ruffing,M,537,248 reps,,248,Germany,CrossFit Main Taunus,40
2954526,Nicolas Coudroy,M,538,248 reps,,248,France,CrossFit Shinsekai,31
2833007,Sergey Atcapkin,M,539,248 reps,,248,Russian Federation,KT CrossFit,36
2690313,Andrew Nicholl,M,540,248 reps,,248,Ireland,CrossFit Southend,29
2945094,Ugo Van smevoorde,M,540,248 reps,,248,France,,20
2926268,David Ireland,M,540,248 reps,,248,United Kingdom,CrossFit Wigan,31
2659745,Douglas Ross,M,540,248 reps,,248,United Kingdom,CrossFit Astraea,32
2908681,Matthew Crow,M,540,248 reps,,248,United Kingdom,CrossFit Wigan,33
1960283,Eric van Tilburg,M,540,248 reps,,248,Netherlands,CrossFit Amersfoort,39
2898528,Guy West,M,540,248 reps,,248,United Kingdom,CrossFit Oxford Originals,31
2277213,Alexander Neil,M,540,248 reps,,248,United Kingdom,CrossFit Jacana,21
2409191,Alan Coquelle,M,540,248 reps,,248,France,Darioritum CrossFit,24
978266,Parker Foster,M,549,247 reps,,247,United States,Koda CrossFit Norman,28
1974240,William Silvey,M,550,247 reps,,247,United Kingdom,White Cliffs CrossFit,35
2942809,Francisco Javier Sánchez Gómez,M,4301,219 reps - s,,219,Spain,White Grizzly CrossFit,43
1575462,Nelson Lam,M,4302,219 reps - s,,219,Australia,CrossFit Athletic City,53
2912514,Francisco Pinto,M,4303,218 reps - s,,218,Portugal,5.7 CrossFit,24
2669605,Bruno Conte,M,4304,218 reps - s,,218,Italy,CrossFit 569,38
2972490,Paul Clarke,M,4305,218 reps - s,,218,United Kingdom,FFD CrossFit,50
2810831,Thibault Bobenrieth,M,4306,217 reps - s,,217,France,CrossFit Renégat,32
2708626,Kim Seungsang,M,4307,217 reps - s,,217,Korea (the Republic of),CrossFit Cheongna,30
2928660,Michel Matias Bach,M,4308,216 reps - s,,216,Brazil,Republica CrossFit,35
2914496,Paulo Alves,M,4309,216 reps - s,,216,Portugal,5.7 CrossFit,36
2935221,Cédric Villevot,M,4310,216 reps - s,,216,France,CrossFit Epinal,42
2928763,Clément DELAUNAY,M,4311,216 reps - s,,216,France,CrossFit Naoned,32
2010107,Darrell Wallace,M,4312,216 reps - s,,216,Australia,CrossFit Shellharbour City,48
2971533,Dongli Han,M,4313,215 reps - s,,215,Australia,CrossFit 168 II,36
2177479,Zachary Sutton,M,4314,214 reps - s,,214,United States,,46
2916468,Frank Shen,M,4315,212 reps - s,,212,Singapore,CrossFit Mobilus Clarke Quay,35
2968831,Anthony Dartayre,M,4316,212 reps - s,,212,France,CrossFit Louvre,37
2831597,Nomar Juan,M,4317,212 reps - s,,212,Puerto Rico,CrossFit Naranjito,36
2785050,Vicente Costa Garcia,M,4318,212 reps - s,,212,Spain,,34
2970088,Daniel Bourke,M,4319,211 reps - s,,211,Australia,Fitness Alley CrossFit,50
2937687,Rick Mistry,M,4320,211 reps - s,,211,United Kingdom,Cattle Dog CrossFit,31
2946632,Matt Hurst,M,4321,211 reps - s,,211,United Kingdom,,28
2951289,Cedrick Everaert,M,4322,211 reps - s,,211,United States,CrossFit Elizabethtown,27
2611199,Diogo Abreu,M,4322,211 reps - s,,211,Portugal,5.7 CrossFit,37
2971033,김 승현,M,4324,210 reps - s,,210,Korea (the Republic of),CrossFit Up Down,35
2910630,Jeff Capanan,M,4325,210 reps - s,,210,New Zealand,H1 CrossFit,38
2177673,Kevin Young,M,4326,210 reps - s,,210,United Kingdom,,48
1647872,Clotaire Gaillard,M,4327,210 reps - s,,210,France,CrossFit Clermont l' Hérault,47
2814448,Sung-Soo Park,M,4328,210 reps - s,,210,Korea (the Republic of),CrossFit Bomun,51
2588823,Ben Sweet,M,4329,210 reps - s,,210,United Kingdom,CrossFit Bristol North,46
2909567,Alfred Hopkinson,M,4330,210 reps - s,,210,United Kingdom,I Am The Project CrossFit,19
2247963,Sarab Massoun,M,4331,210 reps - s,,210,United States,CrossFit Rancho Cucamonga,52
2006992,Michael Kriesen,M,4331,210 reps - s,,210,United States,Erie Shore CrossFit,40
1459833,Joe Wyllie,M,4331,210 reps - s,,210,United Kingdom,Second City CrossFit,30
2819191,Blake Newman,M,4334,209 reps - s,,209,Australia,CrossFit Three Flow,37
2937631,Takuya Nakamoto,M,4335,209 reps - s,,209,Japan,CrossFit Roppongi,37
501434,Kerry Atherton,M,4336,208 reps - s,,208,United States,CrossFit Wash Park,44
2961868,Jérémy LE BRIS,M,4337,208 reps - s,,208,France,L'Arene CrossFit Fontenay Sous Bois,35
2782,Jeff Portemont,M,4338,207 reps - s,,207,United States,New Day CrossFit,45
2941571,Paul OLeary,M,4339,207 reps - s,,207,New Zealand,CrossFit NAS,34
1549932,Alex Hryb,M,4340,207 reps - s,,207,France,CrossFit La Croix-Valmer,49
1786150,Slade Daniel,M,4341,206 reps - s,,206,United States,CrossFit Sulphur Springs,41
2960320,Benjamin Gonet,M,4342,205 reps - s,,205,France,Berus CrossFit,28
2932534,Allen Mayer,M,4343,204 reps - s,,204,United Kingdom,CrossFit Chiltern,43
2961058,남형 김,M,4344,204 reps - s,,204,Korea (the Republic of),CrossFit TBT,31
2648702,Tony Dowling-watts,M,4345,204 reps - s,,204,Australia,CrossFit Moreton Bay,50
2952762,Roland Spindelbock,M,4346,204 reps - s,,204,Austria,,50
2852303,Joe Ferriero,M,4347,204 reps - s,,204,United States,Blacksheep CrossFit,34
2956423,José Matos Laureano,M,4348,203 reps - s,,203,Puerto Rico,CrossFit Desvio 142,35
2937403,Nikolas Stegelmann,M,4349,203 reps - s,,203,Australia,,48
2457326,Armando Cardona,M,4350,202 reps - s,,202,Puerto Rico,CrossFit 53,45
1257740,Aaron Turnbull,M,1201,224 reps,,224,New Zealand,CrossFit 4178,32
2790456,Alvaro Navarro,M,1202,224 reps,,224,Spain,CrossFit KKUK,28
2050884,Cameron Brown,M,1203,224 reps,,224,Australia,CrossFit Aftermath,33
2821728,Roji Nicolas,M,1204,224 reps,,224,France,CrossFit Narbonne,40
2796069,Roy Domen,M,1205,224 reps,,224,Netherlands,CrossFit Weert,46
2553230,Ryan Doherty,M,1206,224 reps,,224,Ireland,CrossFit Magherafelt,26
2648108,sean forgetta,M,1207,224 reps,,224,Italy,CrossFit Pordenone,37
2391502,Lucas Leal,M,1208,224 reps,,224,Brazil,SuperForce CrossFit,31
697419,Jason Thompson,M,1209,224 reps,,224,United States,CrossFit Steadfast,46
2510461,Maximilian Zajonz,M,1210,224 reps,,224,Germany,CrossFit Neuss,33
2972440,Jamie Lewis,M,1211,224 reps,,224,United Kingdom,CrossFit IOM,36
2245505,Sam Hodkinson,M,1211,224 reps,,224,United Kingdom,CrossFit 3D,33
76212,Leon Wallace,M,1211,224 reps,,224,United States,,39
2648269,Joshua McCauley,M,1211,224 reps,,224,Australia,CrossFit Wollongong,27
947815,Kurt Nicolaisen,M,1211,224 reps,,224,United States,CrossFit GUTS,35
2355403,Ryosuke Kawamoto,M,1211,224 reps,,224,Japan,CrossFit Roppongi,32
2487783,George Papoutsakis,M,1211,224 reps,,224,Australia,CrossFit Bil Athletic,36
2612387,Indrek Traks,M,1211,224 reps,,224,Estonia,,45
2620315,Mario Erni-Geisseler,M,1211,224 reps,,224,Switzerland,,42
779635,Matteo Fornasier,M,1211,224 reps,,224,Italy,Workshop CrossFit,43
2789754,Gareth Barlow-Smith,M,1221,223 reps,,223,Australia,CrossFit Currumbin,29
2661387,Bailey Shelford,M,1222,223 reps,,223,New Zealand,CrossFit Kia Kaha,20
2397305,Stefan Howard,M,1223,223 reps,,223,United Kingdom,CrossFit DeltaFox,35
2413763,Marc Roby,M,1224,223 reps,,223,United Kingdom,CrossFit Against the Fire,38
2971478,Wilson Chen,M,1225,223 reps,,223,Australia,CrossFit Knoxfield,33
1405760,Jinyoung Kang,M,1226,223 reps,,223,Korea (the Republic of),CrossFit Baegot,32
695349,Michael Batten,M,1227,223 reps,,223,Australia,,48
2783860,Andy Tunnicliffe,M,1228,223 reps,,223,United Kingdom,Westmorland CrossFit,39
2137008,Addison Lands,M,1228,223 reps,,223,Australia,CrossFit Adelaide,33
2468707,Dylan Green,M,1230,223 reps,,223,Australia,CrossFit TPF,27
1604457,Ryan Filippi,M,1231,223 reps,,223,Australia,CrossFit Reclaim,39
2608222,Thibaut Lefevre,M,1232,223 reps,,223,France,CrossFit Saint Quentin,35
1639967,Arkadiusz Drożdż,M,1233,223 reps,,223,Poland,CrossFit Ursynow,46
2657488,Tim Clarke,M,1233,223 reps,,223,United Kingdom,CrossFit Deviant,31
2225066,Hugo Rebelo,M,1233,223 reps,,223,Portugal,CrossFit Parque das Nações,40
2574448,Arthur Ripoll,M,1233,223 reps,,223,Australia,,30
2643394,Mathieu Courbon,M,1233,223 reps,,223,France,100 Pourcent CrossFit,37
2947989,Gabriel Petry,M,1233,223 reps,,223,Brazil,CrossFit Sinos,30
602793,Sam Watson,M,1233,223 reps,,223,Australia,Freezing Hot CrossFit,40
2810721,Bruno Luis Soares,M,1233,223 reps,,223,Brazil,CrossFit Sinos,27
2268503,Patrick Griffin,M,1241,222 reps,,222,United Kingdom,CrossFit Asphodel Kai Tak,33
2510534,Rob Walsh,M,1242,222 reps,,222,Australia,Reebok CrossFit Frankston,33
2790032,Harry Coates,M,1243,222 reps,,222,United Kingdom,179 CrossFit,27
1578125,Owen Clifford,M,1244,222 reps,,222,Australia,CrossFit Athletic,34
379069,Adonai Armstrong,M,1245,222 reps,,222,Brazil,Arbo CrossFit,48
2473932,Justin Spouse,M,1245,222 reps,,222,Australia,CrossFit Access,37
2593248,Caio Santos,M,1247,222 reps,,222,Brazil,CrossFit Mahalo,29
2828794,Lee Williams,M,1248,222 reps,,222,Australia,Wolfe Den CrossFit,48
2160416,Steven Buchet,M,1248,222 reps,,222,Thailand,CrossFit Peak 365,40
2166594,Paul Scott,M,1250,222 reps,,222,United States,,33
1979174,Luke Fairbairn,M,1250,222 reps,,222,New Zealand,CrossFit VFL,41
230360,Travis Pribula,M,1252,222 reps,,222,United States,CrossFit Vokse,37
380852,Scott Yates,M,1253,222 reps,,222,Australia,CrossFit Torian,41
2461737,Sean Lamb,M,1254,222 reps,,222,United States,CrossFit Iron Hammer,39
2804960,Bastien THORAL,M,1255,222 reps,,222,France,CrossFit Montpellier,45
2387556,Spilios Kaloudis,M,1256,222 reps,,222,Greece,Steel Foundry CrossFit,32
2391807,Anthony Pugh,M,1257,222 reps,,222,United Kingdom,CrossFit Moira,36
2972666,Jang Hobin,M,1258,222 reps,,222,Korea (the Republic of),CrossFit BYOH,34
2832978,Brenton Keast,M,1259,222 reps,,222,Australia,CrossFit North Carlton,35
2469073,Cyril Sacchetti,M,1260,222 reps,,222,France,CrossFit Sainte Consorce,24
2170019,James Purcell,M,1261,222 reps,,222,United Kingdom,Wakefield CrossFit,41
2654602,Landon Tong,M,1262,222 reps,,222,United States,CrossFit Vox,37
267439,Peter Stewart,M,1263,222 reps,,222,Ireland,CrossFit Coleraine,41
2005192,Josh Siemens,M,1264,222 reps,,222,United States,East Dallas CrossFit,33
959345,Christopher Brown,M,1265,222 reps,,222,United States,CrossFit Coordinate,41
2753397,Micky Seymour,M,1266,222 reps,,222,New Zealand,CrossFit Kia Kaha,37
2469165,Guillaume Bettas Regalin,M,1267,222 reps,,222,France,CrossFit Atom,46
752529,Duane Boylan,M,1267,222 reps,,222,Australia,CrossFit 4165,44
573036,Cameron Staggard,M,1269,222 reps,,222,Australia,,53
494812,Alistair Groves,M,1270,222 reps,,222,Australia,CrossFit 168,45
2908575,Brian OCarroll,M,1271,222 reps,,222,Australia,Wolfe Den CrossFit,41
2009796,Jackson Moye,M,1272,222 reps,,222,Australia,,33
1743911,Petr Hoskovec,M,1272,222 reps,,222,Czechia,CrossFit 168,35
2960372,Matt Perks,M,1272,222 reps,,222,New Zealand,,28
2249012,youngbin son,M,1272,222 reps,,222,Korea (the Republic of),CrossFit South Swell,43
960390,Gal Garty,M,1272,222 reps,,222,Israel,YV CrossFit Afula,37
2648264,Jérôme Brault,M,1272,222 reps,,222,Canada,CrossFit BCFJ,38
2674553,Nicholas Oakford,M,1272,222 reps,,222,United Kingdom,CrossFit Full Moon,31
2595574,Youngkyun jo,M,1272,222 reps,,222,Korea (the Republic of),Golden Crown CrossFit Seodaemun,36
2213879,Han Kim,M,1272,222 reps,,222,United States,CrossFit Dwala,38
2896088,Matthew Griffiths,M,1272,222 reps,,222,Ireland,CrossFit 8020,28
2728897,Louka Mennecart,M,1282,221 reps,,221,France,CrossFit Callisto,17
2944730,Seung jae Kang,M,1283,221 reps,,221,Korea (the Republic of),CrossFit Gonggam,22
939814,David Courbon,M,1284,221 reps,,221,France,CrossFit Brisbane,40
2651977,James Mclaughlin,M,1284,221 reps,,221,United States,Apache CrossFit,37
2095877,Nathan Dickey,M,1286,221 reps,,221,Australia,Macarthur CrossFit,42
2468971,KIM YoungChan,M,1287,221 reps,,221,Korea (the Republic of),VX CrossFit,31
2082147,Steven van Zuilichem,M,1288,221 reps,,221,Netherlands,CrossFit KRL1,40
884947,Caleb Barley,M,1289,221 reps,,221,United States,BOSS Mentality CrossFit,29
27320,Scott Cavagnaro,M,1290,221 reps,,221,United States,CrossFit Never Doubt,38
2905361,Nick Canfield,M,1291,221 reps,,221,United Kingdom,CrossFit Huntsman,35
849612,Henrique Oliveira,M,1292,221 reps,,221,Brazil,CrossFit Barigui,33
2904367,Paul Primavera,M,1293,221 reps,,221,Australia,CrossFit Release,32
2637957,Callum Evans,M,1294,221 reps,,221,Australia,CrossFit Chocolate Box,27
2459772,Anthony Shaw,M,1295,221 reps,,221,Australia,CrossFit Narellan,38
1763569,Jang Ho Kim,M,1296,221 reps,,221,Korea (the Republic of),,33
2904784,Ryan Selkis,M,1297,221 reps,,221,United States,CrossFit PCR,40
2528921,vianney lekieffre,M,1298,221 reps,,221,France,,29
116587,Jeffrey Lyttle,M,1298,221 reps,,221,United States,Three Kings CrossFit,41
2616227,Fabio Carnelos,M,1300,221 reps,,221,Italy,CrossFit Pordenone,35
2490723,soonjoon hwang,M,2751,181 reps,,181,Korea (the Republic of),CrossFit TBT,31
2928685,Ben MacGregor,M,2751,181 reps,,181,United Kingdom,CrossFit Talisman,29
2311197,Seth Peek,M,2753,181 reps,,181,United States,Atascadero CrossFit,40
788838,Christoph Krampl,M,2754,181 reps,,181,Australia,CrossFit Burleigh,41
1614904,David Logan,M,2755,181 reps,,181,Australia,CrossFit Rumble,38
2841010,Simon Green,M,2755,181 reps,,181,United Kingdom,CrossFit Huntsman,46
1287187,Damon Rowley,M,2755,181 reps,,181,United States,CrossFit Kokua,52
2423614,Kristian Quinan,M,2758,181 reps,,181,Australia,Sonder CrossFit,35
2960804,Al Hicks,M,2759,181 reps,,181,United Kingdom,CrossFit Thame,37
2231415,Ben Loo,M,2760,181 reps,,181,Singapore,Team Secret CrossFit,29
2452260,Peter Greenhalgh,M,2760,181 reps,,181,United Kingdom,CrossFit Solent,49
1109425,Raz Shany,M,2762,181 reps,,181,Israel,CrossFit Hatira,53
202491,Jacob Wellock,M,2763,181 reps,,181,United States,Double Edge CrossFit,34
2954940,Simon Larose,M,2764,181 reps,,181,Canada,CrossFit NCR,28
2525532,junho Yoon,M,2765,181 reps,,181,Korea (the Republic of),CrossFit Shut Up and Go,33
2597379,Steven Cawley,M,2766,181 reps,,181,Ireland,CrossFit Leixlip,50
246081,Patrick Didier,M,2767,181 reps,,181,United States,CrossFit Castle Rock,47
2915623,Brian Gault,M,2768,181 reps,,181,Ireland,CrossFit 6714,45
1211644,Chad Koss,M,2769,181 reps,,181,United States,CrossFit Edge 94,47
2965268,Toby Royston,M,2769,181 reps,,181,Australia,CrossFit Athletic,22
2254291,Jamie Pierce,M,2769,181 reps,,181,United States,CrossFit LKW,43
2217825,Dorian Barot,M,2769,181 reps,,181,France,CrossFit Oloron Sainte Marie,33
2145930,Guillaume Abtouche,M,2769,181 reps,,181,France,CrossFit Naveli Atlanta,33
2952123,Liam Brinck,M,2769,181 reps,,181,Australia,CrossFit Hallam,24
2904610,Joseph Burchell,M,2769,181 reps,,181,Australia,PBTL CrossFit,30
2806114,Davi Medeiros,M,2776,180 reps,,180,Brazil,CrossFit Mairipora,38
2960249,minki KIM,M,2777,180 reps,,180,Korea (the Republic of),We CrossFit Seocho,26
2492000,Jorge Zimbron,M,2778,180 reps,,180,United Kingdom,CrossFit Structure,45
726477,Jaemin Kim,M,2779,180 reps,,180,Korea (the Republic of),CrossFit PartyOn,44
2946563,Lee Chapman,M,2779,180 reps,,180,United Kingdom,CrossFit Claremont,38
2923393,Rhys Davies-Barrass,M,2779,180 reps,,180,United Kingdom,CrossFit WDN,36
1907918,Kurt Brutton,M,2782,180 reps,,180,Australia,CrossFit Aftermath,39
2913428,Tim Reynolds,M,2782,180 reps,,180,United Kingdom,CrossFit Whitchurch,45
2420248,HeeDong Yun,M,2784,180 reps,,180,Korea (the Republic of),CrossFit Arcade,32
2916088,Pedro Carini,M,2784,180 reps,,180,Brazil,Republica CrossFit,26
1731412,Chad Tew,M,2786,180 reps,,180,United Kingdom,CrossFit Solent,50
2672613,Florent Lacressonniere,M,2787,180 reps,,180,France,CrossFit Nakama,34
2783135,Ian Rosseel,M,2787,180 reps,,180,Belgium,CrossFit Jester,28
2914623,sunghoon jeon,M,2789,180 reps,,180,Korea (the Republic of),CrossFit Redwood,36
2948376,Adam Conway,M,2790,180 reps,,180,Australia,CrossFit Tannum Sands,36
2952808,Marian Matei,M,2791,180 reps,,180,Romania,CrossFit Fabric,37
2914455,Devon Pattle,M,2792,180 reps,,180,Canada,York County CrossFit,30
2089310,Vinicius Nunes,M,2793,180 reps,,180,Brazil,CrossFit Lençois Paulista,25
2836674,Romain Jauhers,M,2794,180 reps,,180,France,CrossFit LOBET,29
2717227,Will Boxshall,M,2795,180 reps,,180,Australia,CrossFit New Beginning,16
2972943,Gary Wilson,M,2796,180 reps,,180,United Kingdom,Wakefield CrossFit,45
2168455,James Cooper,M,2796,180 reps,,180,United Kingdom,Sea City CrossFit,43
1557674,Jack Vening,M,2798,180 reps,,180,United Kingdom,CrossFit Northumbria,29
932095,Darrick Smith,M,2799,180 reps,,180,United States,CrossFit 926,42
2175517,Michael Parsons,M,2799,180 reps,,180,Australia,CrossFit Larrikins,34
2945656,David Dumont,M,4351,200 reps - s,,200,France,CrossFit Morteau,39
1404705,Toby Bowditch,M,4352,200 reps - s,,200,Australia,CrossFit TWA,26
2941714,Jack Squires,M,4353,200 reps - s,,200,Australia,Fitness Alley CrossFit,19
2972425,Konrad Hernik,M,4354,200 reps - s,,200,Poland,CrossFit Poznan,33
2837791,Shawn Luo,M,4354,200 reps - s,,200,China,CrossFit Roppongi,33
2947354,Aranit Badronja,M,4356,199 reps - s,,199,Italy,CrossFit Pordenone,38
1930923,Chris Pitkin,M,4357,199 reps - s,,199,United Kingdom,CrossFit Chiltern,47
1121762,Weicong Tew,M,4358,199 reps - s,,199,Singapore,CrossFit TFM,32
2790310,Dennis Perez,M,4359,199 reps - s,,199,United States,,33
2942123,Daryl Lum,M,4360,199 reps - s,,199,Malaysia,Informa CrossFit,32
2970407,Jeremy Corcino,M,4361,199 reps - s,,199,United States,,30
2816942,sanghyun park,M,4362,199 reps - s,,199,Korea (the Republic of),CrossFit Yain,50
2970831,DONGYEOP KIM,M,4363,198 reps - s,,198,Korea (the Republic of),CrossFit Cheongna,39
2948405,Francisco Sousa,M,4364,197 reps - s,,197,Portugal,5.7 CrossFit,34
1772309,Maxime Sanctorum,M,4365,197 reps - s,,197,France,CrossFit Dunkerque,40
2965066,Sam Anderson-Brown,M,4366,197 reps - s,,197,United Kingdom,Six Hills CrossFit,37
2921609,Jacob Sessim Filho,M,4367,197 reps - s,,197,Brazil,KAZA CrossFit,44
2845655,SEAN LAND,M,4368,197 reps - s,,197,United States,,40
2948638,Andrey Souza,M,4369,196 reps - s,,196,Brazil,Reserva Campolim CrossFit,26
2920870,CRISTIANO LUCENA,M,4370,195 reps - s,,195,Brazil,131 CrossFit Diadema,46
2946452,Mathieu Vasseur,M,4371,195 reps - s,,195,France,CrossFit Morteau,34
2929756,jaseung koo,M,4372,195 reps - s,,195,Korea (the Republic of),CrossFit SP,40
2672571,Paul Darby,M,4373,195 reps - s,,195,United Kingdom,Six Hills CrossFit,46
2967040,Stefan Falcusan,M,4374,195 reps - s,,195,Romania,Magnum Opus CrossFit,27
2453902,Fabián Aponte,M,4375,195 reps - s,,195,Puerto Rico,CrossFit 53,47
2955996,Jamie Martin,M,4375,195 reps - s,,195,Australia,CrossFit Huski,45
2887615,Pierre Nouaille-Degorce,M,4375,195 reps - s,,195,France,CrossFit Brest,42
350195,Marc Vandamme,M,4378,194 reps - s,,194,Belgium,Black Oak CrossFit,40
2972953,Gurvan Delamotte,M,4379,194 reps - s,,194,France,,28
2606152,Adrien Maton,M,4380,194 reps - s,,194,France,CrossFit Dunkerque,43
1379696,Damian Caeiro,M,4381,194 reps - s,,194,Australia,CrossFit Unrest,41
2948158,Johnny Tao,M,4382,194 reps - s,,194,Australia,CrossFit Young,45
2929592,Jonathan ETIENNE,M,4383,193 reps - s,,193,France,CrossFit Epinal,39
2910998,Alessio Moro,M,4384,193 reps - s,,193,Italy,CrossFit Arcadia,36
2906652,Matthew Richards,M,4384,193 reps - s,,193,United Kingdom,CrossFit Bristol North,28
1534035,Isaac Fees,M,4386,192 reps - s,,192,United States,CrossFit Wash Park,36
2904980,Dominik Souter,M,4387,192 reps - s,,192,United Kingdom,I Am The Project CrossFit,37
2963831,quentin cordle,M,4388,192 reps - s,,192,United States,100 Proof CrossFit,25
1753633,Salomón Barrientos,M,4389,192 reps - s,,192,Mexico,CrossFit Chiang Mai,30
2906637,DAVID PEREIRA,M,4390,192 reps - s,,192,France,CrossFit Des Pentes,37
2935139,Iain Beattie,M,4390,192 reps - s,,192,United Kingdom,CrossFit Airdrie,45
2929444,Damien Wood,M,4392,191 reps - s,,191,Australia,Two Wolf CrossFit,42
2957231,Leandro Masotina,M,4393,191 reps - s,,191,Italy,CrossFit HideNest,34
2955488,Ander Ruiz de Veye,M,4394,191 reps - s,,191,Spain,CrossFit KKUK,24
2962091,Jérémy Dethyre,M,4395,191 reps - s,,191,France,ELJI CrossFit,37
2407273,Darren Marshall-Sewell,M,4396,191 reps - s,,191,United Kingdom,CrossFit Cumbria,53
118269,William Mueller,M,4397,191 reps - s,,191,United States,Down South CrossFit,39
2800143,Bertrand Hotton,M,4397,191 reps - s,,191,Belgium,CrossFit Mind Steel,44
2921720,Hyeonhui LEE,M,4399,190 reps - s,,190,Korea (the Republic of),CrossFit SP,25
2616862,hyunjun kim,M,4400,190 reps - s,,190,Korea (the Republic of),CrossFit Ole,40
2633523,Joshua Klein,M,4451,180 reps - s,,180,United States,Guerrilla Fitness CrossFit Paramus,38
2956880,Lior Yeshurun,M,4452,180 reps - s,,180,Israel,YV CrossFit Afula,44
2813282,Ilan Rosiner,M,4453,179 reps - s,,179,Israel,CrossFit Dino,54
2935091,Jonathan García macho,M,4454,179 reps - s,,179,Spain,White Grizzly CrossFit,43
2805007,Tyler Held,M,4455,179 reps - s,,179,Canada,Kaos CrossFit,52
2902165,Yoshiaki Katayama,M,4456,179 reps - s,,179,Japan,CrossFit Roppongi,32
1289041,Shannon Caldwell,M,4457,179 reps - s,,179,Australia,CrossFit Hallam,44
2935030,David Knox,M,4458,179 reps - s,,179,United Kingdom,CrossFit Lisburn,37
2952976,Alvaro Vargas Dengra,M,4459,178 reps - s,,178,Spain,Full CrossFit,35
933550,Kevin Hickey,M,4460,178 reps - s,,178,Ireland,CrossFit Lár na Tíre,49
2692620,Thomas Benso,M,4461,178 reps - s,,178,United States,CrossFit Zeal,37
2972408,Richard Barton,M,4462,178 reps - s,,178,Ireland,CrossFit Navitas,41
2259673,Christian Rowold,M,4463,178 reps - s,,178,Germany,CrossFit Erlangen,33
2926477,Yann Phémius,M,4464,178 reps - s,,178,France,Silvaticus CrossFit,36
2818568,Miras Melvin,M,4465,177 reps - s,,177,France,CrossFit Le Troisieme Endroit,33
2922062,Mark Rocks,M,4466,177 reps - s,,177,United Kingdom,CrossFit Glasgow,30
2915603,Craig Leadbeater,M,4467,177 reps - s,,177,United Kingdom,CrossFit Chippenham,41
2622170,Francisco Quiej,M,4467,177 reps - s,,177,Guatemala,,32
1866237,Michele Gallo,M,4469,177 reps - s,,177,Malta,,41
2906276,Darren Raymond,M,4470,177 reps - s,,177,United States,Rockaway CrossFit,47
2952012,Eliott Tellenbach,M,4471,177 reps - s,,177,Switzerland,CrossFit 1163,23
2814232,Tim Wease,M,4471,177 reps - s,,177,Australia,CrossFit Woodford,49
2790434,Marco Picchioni,M,4473,176 reps - s,,176,Italy,CrossFit Iris,37
2560820,Anthony PEUVREL,M,4474,176 reps - s,,176,France,Berus CrossFit,52
2960437,Miguel Becerra,M,4475,176 reps - s,,176,Spain,CrossFit Cordoba,30
2924689,Tony Mccormack,M,4475,176 reps - s,,176,Australia,Raw Iron CrossFit,53
2903286,Sukhdeep Tuhan,M,4475,176 reps - s,,176,United Kingdom,CrossFit Raeda,44
2957114,윤재 남,M,4478,175 reps - s,,175,Korea (the Republic of),CrossFit Vulcan,18
2664127,Thibaut Horemans,M,4479,175 reps - s,,175,France,CrossFit Saint Quentin,33
1268046,Craig Lees,M,4480,175 reps - s,,175,United Kingdom,CrossFit Moira,36
2959731,Anuar Martínez,M,4481,175 reps - s,,175,Dominican Republic,Quisqueya CrossFit,31
2954512,hyunsik yoon,M,4482,174 reps - s,,174,Korea (the Republic of),CrossFit TBT,36
2817801,Simon Dimarcq,M,4483,174 reps - s,,174,France,CrossFit Samarobriva,24
2960276,Lucas Beavon,M,4484,174 reps - s,,174,United Kingdom,CrossFit 258,38
2912605,Cesare Pagone,M,4485,174 reps - s,,174,Italy,CrossFit il Tempio,30
2650343,Elvin Magsino,M,4486,174 reps - s,,174,Australia,CrossFit 4720,51
2485494,Luca Cucchi,M,4487,174 reps - s,,174,Italy,CrossFit Triple Tail,48
956340,Josh McMahon,M,4487,174 reps - s,,174,Australia,CrossFit Warrnambool,31
2966308,태현 권,M,4487,174 reps - s,,174,Korea (the Republic of),CrossFit Howdy,33
2936547,Liam Canter,M,4487,174 reps - s,,174,United Kingdom,Dragon CrossFit,35
2411400,Antonio Botti,M,4491,173 reps - s,,173,Italy,West Union CrossFit,42
2917331,Pascal Pierre-charles,M,4492,173 reps - s,,173,France,CrossFit LXII,34
2484131,Bertrand Madamour,M,4493,173 reps - s,,173,France,CrossFit Ternay,52
1988430,Josh Penney,M,4494,173 reps - s,,173,United States,CrossFit Rhema,32
2798684,argaman zuntz,M,4495,173 reps - s,,173,Israel,YV CrossFit Afula,35
2816712,Ernesto-Lee Ceymolen,M,4496,172 reps - s,,172,France,CrossFit Le Mans,17
2807669,Glenn Gonzalez,M,4497,172 reps - s,,172,Dominican Republic,Puerto Plata CrossFit,35
2960842,Marco Arnaboldi,M,4497,172 reps - s,,172,Switzerland,CrossFit Black Dahlia,35
2946599,Ben Chadwick,M,4499,172 reps - s,,172,United Kingdom,CrossFit Preston,27
2807054,Kelsey West,M,4500,172 reps - s,,172,United States,Switchback CrossFit,45
1985478,Kuo Kai-Feng,M,1401,218 reps,,218,Chinese Taipei,CrossFit Zing,33
710833,Rory Tighe,M,1402,218 reps,,218,United Kingdom,CrossFit JST,41
2385153,Dogab KIM,M,1403,218 reps,,218,Korea (the Republic of),CrossFit TBT,31
1477721,Jesse Kerrison,M,1404,218 reps,,218,Australia,,32
2882039,luke de jong,M,1405,218 reps,,218,New Zealand,Tasman Bay CrossFit,28
1253691,Jacob West,M,1406,218 reps,,218,Australia,CrossFit Active,34
2451941,Stephen Wallace,M,1406,218 reps,,218,Australia,CrossFit Kirrawee,30
2238173,Ari Elbaum,M,1406,218 reps,,218,United States,CrossFit Enapay,43
2645678,Jón Snorri Jóhannsson,M,1406,218 reps,,218,Iceland,CrossFit Katla Lambhaga,30
2160071,Hans Werner Köhn,M,1406,218 reps,,218,Germany,,29
2708709,Jared Hall,M,1406,218 reps,,218,Australia,CrossFit Bil Athletic,31
2942615,Travis Gillian,M,1406,218 reps,,218,United States,Salty Hive CrossFit,28
1673410,Sam Brown,M,1406,218 reps,,218,Australia,CrossFit Armidale,36
2850593,Conley Pinette,M,1406,218 reps,,218,Canada,,26
2689093,Yifan Du,M,1406,218 reps,,218,China,CrossFit Young,29
2454225,Freddie Leung,M,1406,218 reps,,218,"Hong Kong, China",CrossFit Asphodel Kai Tak,34
1923863,Chris Fulton-Danks,M,1406,218 reps,,218,United Kingdom,Fort47 CrossFit,36
2931872,Thomas Jones,M,1418,217 reps,,217,Australia,CrossFit Huski,28
1296992,Aaron Caelli,M,1419,217 reps,,217,Australia,CrossFit Singleton,37
2784470,Justin Tyler Ellison,M,1420,217 reps,,217,United States,CrossFit Venezia,33
2821039,Adam Anthony,M,1421,217 reps,,217,United Kingdom,Crossfit TGS,41
1949356,Stephen Jones,M,1422,217 reps,,217,United Kingdom,Wakefield CrossFit,47
2965269,HAN DONGHYUN,M,1423,217 reps,,217,Korea (the Republic of),CrossFit Gangnam,32
1218112,Isaac Wood,M,1423,217 reps,,217,Australia,CrossFit Chocolate Box,28
1607181,Liam Panizzon,M,1425,217 reps,,217,Australia,CrossFit Aftermath,40
2956960,Edoardo Romagnuolo,M,1426,217 reps,,217,Italy,CrossFit Iris,36
286188,Marco Diallo,M,1427,217 reps,,217,Peru,CrossFit Peru,44
1251601,Steven Talbot,M,1428,217 reps,,217,United States,CrossFit Santa Cruz,35
1551328,David Chua,M,1429,217 reps,,217,Australia,,38
1631424,Youngdo Seo,M,1429,217 reps,,217,Korea (the Republic of),,38
2179704,Nate Abraham,M,1431,217 reps,,217,United States,Feast CrossFit,32
2084878,Paul Luck,M,1432,217 reps,,217,Australia,CrossFit Western Front,34
1039679,Andrew Griffiths,M,1432,217 reps,,217,United Kingdom,Dragon CrossFit,39
1770194,Matt Pinto,M,1434,217 reps,,217,United States,Blacksheep CrossFit,34
311645,Andrew Schafter,M,1434,217 reps,,217,United States,Train Harder CrossFit,40
2669961,Gordon Moller,M,1436,217 reps,,217,South Africa,REF CrossFit Jozi,45
1059852,Justin Blazejewski,M,1437,217 reps,,217,United States,CrossFit Fernandina,34
2272276,Andy Hosking,M,1438,217 reps,,217,United Kingdom,CrossFit OzBox,39
1498674,Thomas Slager,M,1439,217 reps,,217,United States,Wildfire CrossFit,37
1549741,Elliott Boreham,M,1440,217 reps,,217,Australia,Demon CrossFit,37
1246091,Christopher Sherriff,M,1440,217 reps,,217,United States,CrossFit Diehard,42
2261699,Jay Poggenpohl,M,1442,217 reps,,217,United States,CrossFit Arvada,35
2972836,Jussi Toitturi,M,1443,217 reps,,217,Finland,,26
2666702,Simon DEGUEE,M,1444,217 reps,,217,Belgium,Project Mars CrossFit,29
2750757,James Mckee,M,1444,217 reps,,217,Australia,CrossFit Minerva,31
2875042,Vince de Graaf,M,1444,217 reps,,217,Netherlands,,24
1905203,Thibaut Renoux,M,1444,217 reps,,217,France,CrossFit Trévoux,39
2104164,Ace Alongalay,M,1444,217 reps,,217,Australia,CrossFit Dungeon,30
2834375,Jérémy LEROY,M,1444,217 reps,,217,France,CrossFit Orion,35
2179540,Jamie Stam,M,1444,217 reps,,217,Netherlands,ISA CrossFit,34
2400558,Christian Philip Opsahl,M,1301,221 reps,,221,Norway,CrossFit Oslo Kriger,44
2197289,Gabriel Papineau,M,1302,221 reps,,221,France,CrossFit Colors,30
2844190,Connor Finnegan,M,1303,221 reps,,221,United States,CrossFit Explode,33
2519758,Morten Gaardbye Andersen,M,1304,221 reps,,221,Denmark,CrossFit Butcher's Lab,44
2651200,Przemyslaw Michalski,M,1305,221 reps,,221,Poland,CrossFit Leicester,45
2962364,simone pancottini,M,1306,221 reps,,221,Italy,CrossFit Team 059,37
1257674,Josh Zimmer,M,1307,221 reps,,221,Australia,CrossFit Athletic,44
2197775,Matt Hall,M,1307,221 reps,,221,United Kingdom,CrossFit Deviant,47
2784807,Michael Kelly,M,1307,221 reps,,221,Australia,HomeFront CrossFit,33
2468964,Linus Grelich,M,1307,221 reps,,221,Germany,CrossFit Grenzgänger,40
483361,Joshua Tullos,M,1311,220 reps,,220,United States,CrossFit Alice Springs,30
2946767,Yunho CHOI,M,1312,220 reps,,220,Korea (the Republic of),CrossFit 101,26
2482037,Ruairi Mcgrade,M,1313,220 reps,,220,Australia,CrossFit Southend,33
2970973,Speirs West,M,1314,220 reps,,220,United States,,17
2824530,Daniel Molloy,M,1315,220 reps,,220,United Kingdom,CrossFit Maidenhead,32
2796793,Liam Taggart,M,1315,220 reps,,220,United Kingdom,CrossFit 1298,31
2644466,Finlay Thompson,M,1317,220 reps,,220,Australia,CrossFit 4720,17
2637226,Aurélien Ducrocq,M,1318,220 reps,,220,France,CrossFit LXII,38
2925703,Riccardo Baldissin,M,1318,220 reps,,220,Italy,CrossFit Treviso,28
2794682,Rylan Henry,M,1320,220 reps,,220,United States,CrossFit Believe,20
2080766,Ash Mangini,M,1321,220 reps,,220,Australia,CrossFit Union Ellenbrook,42
1461966,Adam Callis,M,1322,220 reps,,220,United States,CrossFit Huntsville,30
2231083,Lincoln Comans,M,1323,220 reps,,220,Australia,CrossFit TWA,38
2834636,Anartz Duoandikoetxea,M,1323,220 reps,,220,Spain,CrossFit KKUK,22
2648173,Trent Kline,M,1325,220 reps,,220,United States,Bombers CrossFit,34
2701010,Adel Fernandez,M,1326,220 reps,,220,United Kingdom,CrossFit Aptior 1,45
2490161,Luke Jasper,M,1327,220 reps,,220,Australia,PBTL CrossFit,36
980010,Timothy Gardner,M,1328,220 reps,,220,United States,Venture CrossFit,54
693287,Jarad Ruprecht,M,1329,220 reps,,220,Australia,CrossFit Audax,35
2484872,Yohann Coudry,M,1330,220 reps,,220,France,CrossFit Genas,36
2944250,Angel Fontova,M,1331,220 reps,,220,Spain,CrossFit Box Castelldefels,33
1173978,Christopher Wheeler,M,1331,220 reps,,220,United States,CrossFit Megalodon,50
1764773,Adam Riesenberg,M,1333,220 reps,,220,United States,CrossFit Strong Island,39
2208004,Hojae Jeon,M,1334,220 reps,,220,Korea (the Republic of),CrossFit RAON,39
1352447,Elliot Miller,M,1335,220 reps,,220,United Kingdom,CrossFit Chester Le Street,35
2181413,Hyeonjik Yang,M,1336,220 reps,,220,Korea (the Republic of),CrossFit Sejong,31
326561,Peter Thompson,M,1337,220 reps,,220,United Kingdom,CrossFit Aldgate,45
1587309,Andy Park,M,1338,220 reps,,220,United Kingdom,CrossFit Kirkintilloch,47
2788942,Danny Ard,M,1339,220 reps,,220,United Kingdom,CrossFit Moira,37
987053,Dimitris Theodoridis,M,1340,220 reps,,220,United Kingdom,CrossFit Thessaloniki,35
2799090,Hugo Poulet,M,1340,220 reps,,220,France,CrossFit Pleasure,26
2701263,Jamie Bedford,M,1342,220 reps,,220,United Kingdom,Unit15 CrossFit,45
2498891,Jonathan Herpy Sr.,M,1342,220 reps,,220,United States,CrossFit Backland,40
2453036,Axel Buchet dit Carron,M,1342,220 reps,,220,France,CrossFit Azalea,32
1418518,Matthew Roberts,M,1342,220 reps,,220,Australia,CrossFit 2400,32
2789353,giyoung Choi,M,1342,220 reps,,220,Korea (the Republic of),Team Flow CrossFit,36
2803805,Hans de Boer,M,1342,220 reps,,220,Netherlands,CrossFit North Carlton,39
1190827,Sandro Beer,M,1342,220 reps,,220,Germany,CrossFit Munich,38
2475990,Sebastian Strand,M,1342,220 reps,,220,Sweden,CrossFit Sodra Wattern,34
1036272,Will Beech,M,1350,219 reps,,219,United States,JH CrossFit,27
2906008,Adrian Cuadros,M,4601,151 reps - s,,151,Mexico,CrossFit Lava,28
2972475,Parent Mathieu,M,4602,151 reps - s,,151,France,CrossFit Rapace,45
2946460,Isaac Vila,M,4603,151 reps - s,,151,United States,Samurai CrossFit,26
2939162,Dave Dube,M,4604,151 reps - s,,151,United States,Everproven CrossFit,53
1798386,Rahul Jhamb,M,4604,151 reps - s,,151,Australia,CrossFit West Melbourne,44
2930751,Chris Sophocli,M,4606,150 reps - s,,150,Australia,CrossFit 3056,53
2808835,Chris O neill,M,4607,150 reps - s,,150,Ireland,CrossFit Leixlip,47
2831013,Jon Dahl,M,4607,150 reps - s,,150,Australia,Flat White CrossFit Rhodes,30
2970951,Wontai Kong,M,4609,150 reps - s,,150,Korea (the Republic of),CrossFit TSF,32
2961803,Gareth Scott,M,4610,150 reps - s,,150,South Africa,Lions Bay CrossFit,34
2425817,Ernest Millares,M,4611,150 reps - s,,150,United States,CrossFit LYFE,47
2909115,Jason Rutenberg,M,4612,150 reps - s,,150,South Africa,CrossFit Alberton 2.0,37
2956627,Reynard Rossouw,M,4613,149 reps - s,,149,South Africa,CrossFit Vredenburg,31
2954435,Bennie Greylning,M,4614,149 reps - s,,149,Australia,Sagitta CrossFit Forrestdale,40
1542295,Rj Adan,M,4615,149 reps - s,,149,Philippines,CrossFit Prime Ape Club,47
2959380,Charles Berardi,M,4615,149 reps - s,,149,United States,Smokey Hollow CrossFit,38
2422598,Pierre Zoro,M,4615,149 reps - s,,149,France,CrossFit Rodumna,42
2908869,Tommy Coutts,M,4618,148 reps - s,,148,New Zealand,Tasman Bay CrossFit,36
881700,Neil Lefley,M,4619,147 reps - s,,147,United Kingdom,Steel Foundry CrossFit,38
471512,Ryan Post,M,4620,147 reps - s,,147,United States,CrossFit Serve,39
2954156,James Walker,M,4621,147 reps - s,,147,United Kingdom,RH10 CrossFit,36
2972546,Andrew Wheeldon,M,4622,146 reps - s,,146,United Kingdom,CrossFit DeltaFox,38
979065,Saleem Alhabash,M,4623,146 reps - s,,146,United States,East Lansing CrossFit,44
2914398,Chanhoi Kim,M,4624,146 reps - s,,146,Korea (the Republic of),CrossFit GoodDay,31
2919570,Sukil Yoon,M,4625,146 reps - s,,146,Korea (the Republic of),We CrossFit Seocho,38
2101500,Per Arne Solend,M,4626,146 reps - s,,146,Norway,CrossFit Lilleaker,44
2902812,Steve Campbell,M,4626,146 reps - s,,146,United Kingdom,Second City CrossFit,53
2920630,ZAIHAO YU,M,4628,144 reps - s,,144,China,CrossFit Roppongi,29
2916589,Alban Kadriu,M,4629,144 reps - s,,144,Kosovo,CrossFit Tokë E Mirë,39
2971380,Ash Rayner,M,4630,144 reps - s,,144,Australia,Area 61 CrossFit,31
2955137,Daniel Alon,M,4630,144 reps - s,,144,Israel,CrossFit Rishon City,35
2839567,david Williams,M,4632,144 reps - s,,144,United Kingdom,CrossFit Fort Ashton,45
2394045,Noah Esplin,M,4633,144 reps - s,,144,Australia,Cornerstone CrossFit,17
2972766,Christophe Paternoster,M,4634,144 reps - s,,144,Belgium,H5 CrossFit,52
2660320,Rafael Tinelli,M,4634,144 reps - s,,144,Brazil,4T CrossFit,32
2423818,Nino Lozé,M,4636,144 reps - s,,144,France,CrossFit L'Entrepot,22
2925887,Axel Dos Santos,M,4636,144 reps - s,,144,France,CrossFit L'Entrepot,28
2421714,Jonas San Buenaventura,M,4636,144 reps - s,,144,United States,,44
2645824,Gabriel Colon,M,4639,143 reps - s,,143,Puerto Rico,CrossFit 53,34
1758776,Johan Wehnes,M,4640,143 reps - s,,143,Netherlands,CrossFit SoWieSo,45
2927200,Kevin Negron Quiñones,M,4641,142 reps - s,,142,Puerto Rico,Reto CrossFit,28
2949029,Jeremy Videix,M,4642,142 reps - s,,142,France,CrossFit Le Mans,40
2971722,Chen Ping chou,M,4643,142 reps - s,,142,Chinese Taipei,CrossFit Six-Forty,38
1814165,Leo Shine,M,4644,142 reps - s,,142,United Kingdom,CrossFit Navalia,35
2934642,Donnie Green,M,4645,141 reps - s,,141,United States,CrossFit Fort Walton Beach,52
2638501,Pim Scharstuhl,M,4646,141 reps - s,,141,Netherlands,CrossFit 071,52
2928320,Nicholas Robertson,M,4647,141 reps - s,,141,United States,CrossFit No Regrets,37
2960335,Matt Bishop,M,4648,140 reps - s,,140,United Kingdom,732 CrossFit,41
1231967,Ricardo Lopez,M,4649,138 reps - s,,138,El Salvador,,40
2224455,Connor Matthews,M,4650,138 reps - s,,138,Canada,CrossFit NCR,28
2087751,Triss AW,M,2995,175 reps,,175,Australia,CrossFit Manticore,35
2636891,Marcel du Maire,M,2995,175 reps,,175,Germany,,33
2971856,羽伯 鄭,M,3003,174 reps,,174,Chinese Taipei,CrossFit Lilian,26
44922,Zj Poirier,M,3004,174 reps,,174,United States,CrossFit 310,43
2972152,Juan Manchon,M,3005,174 reps,,174,United Kingdom,,24
2822991,Nikolas Mezher,M,3006,174 reps,,174,Canada,CrossFit NCR,23
2966617,Paul Willemse,M,3007,174 reps,,174,South Africa,Red X CrossFit,46
2964427,Thomas Tukana,M,3007,174 reps,,174,Australia,CrossFit DECK,24
2447028,Tyler Chapin,M,3007,174 reps,,174,United States,CrossFit 386,39
2805725,Fernando Sordo,M,3007,174 reps,,174,Mexico,CrossFit Lava,29
1567874,Chris Fusca,M,3011,174 reps,,174,Australia,CrossFit Narlie,47
2921934,Ludovic STOESSER,M,3012,174 reps,,174,France,CrossFit Hiringa,39
2913165,Lachlan Clarke,M,3013,174 reps,,174,Australia,CrossFit Huski,25
2907429,Lucas Hayes,M,3014,174 reps,,174,Canada,CrossFit Zone,28
2425549,Emanuele Bertocchi,M,3015,174 reps,,174,Italy,CrossFit Begin,44
820827,Jason Feldman,M,3016,174 reps,,174,Australia,CrossFit Moose Fitness,34
2972905,Klever Velez,M,3017,174 reps,,174,United States,CrossFit Jaglion,33
2267639,Federico Tirone,M,3017,174 reps,,174,Italy,,46
2913526,Geraldo Hisao,M,3017,174 reps,,174,Brazil,CrossFit High Pulse,34
2655440,Flynn Diener,M,3020,174 reps,,174,Australia,CrossFit Woolgoolga,16
2695505,Paul James,M,3021,174 reps,,174,United Kingdom,CrossFit Bath,37
1896237,Brian Herron,M,3022,174 reps,,174,United Kingdom,CrossFit Resplendent,41
1732947,Sérgio Pereira,M,3023,174 reps,,174,Portugal,CrossFit Montijo,44
2960175,Thomas Marks,M,3024,174 reps,,174,New Zealand,Sagitta CrossFit,42
2904374,Dale Smith,M,3025,174 reps,,174,United Kingdom,CrossFit Eccentric,34
1643391,Brendan Ohara,M,3026,174 reps,,174,Australia,CrossFit Cranbourne,35
2965835,Daniel Wilcock,M,3026,174 reps,,174,United Kingdom,CrossFit PRL,32
529628,Kévin Lumineau,M,3028,174 reps,,174,France,Rupella CrossFit,36
2255197,Seung Beom Lee,M,3029,174 reps,,174,Korea (the Republic of),,46
520554,Paulino Sanchez,M,3030,174 reps,,174,United States,CrossFit Identity,47
1046214,Brandon Clemens,M,3031,174 reps,,174,United States,CrossFit White River,38
2909072,matteo vizzoni,M,3032,174 reps,,174,Italy,CrossFit 55049 Viareggio,40
2602941,Fernando Scapucin Ramalho,M,3033,174 reps,,174,Brazil,CrossFit Tyranno,42
2478235,Michael Cook,M,3034,174 reps,,174,United Kingdom,CrossFit OzBox,33
1018580,Gareth Ash,M,3035,174 reps,,174,United States,CrossFit MWM,43
2249364,Keir Smith,M,3036,174 reps,,174,United Kingdom,FFD CrossFit,41
2650225,James Bryan Lagarto,M,3036,174 reps,,174,Philippines,FitDaily CrossFit,40
2952121,Clay Graham,M,3036,174 reps,,174,Australia,CrossFit Shellharbour City,32
2773481,Michael Baker,M,3036,174 reps,,174,United States,CrossFit Shatter,24
2674016,Lee Waddle,M,3036,174 reps,,174,United States,,43
2592357,Oscar Fantini,M,3036,174 reps,,174,France,Calade CrossFit,41
2782357,Ryan Cameron,M,3036,174 reps,,174,Australia,CrossFit Remi,39
2947576,Renato Puglia,M,3043,173 reps,,173,Italy,CrossFit Iris,34
910534,Amos Rojter,M,3044,173 reps,,173,Australia,Charge CrossFit,43
2926734,Connor Rice,M,3045,173 reps,,173,New Zealand,CrossFit 3216,27
2906240,Graeme Klayh,M,3046,173 reps,,173,Canada,CrossFit Chiang Mai,35
2094462,Grant Schipper,M,3047,173 reps,,173,United States,Tonka CrossFit,32
2954132,Braedyn Tirant,M,3048,173 reps,,173,Australia,CrossFit Western Front,26
2940974,Mizuki Okuyama,M,3049,173 reps,,173,Japan,CrossFit Setagaya,33
2807420,Claudio Sousa,M,3050,173 reps,,173,Portugal,5.7 CrossFit,30
2431391,Callum Evans,M,2901,177 reps,,177,United Kingdom,Injustice CrossFit,28
2970567,Gavin Harris,M,2902,177 reps,,177,United States,CrossFit Plant City,22
2793966,Cantekin Baysal,M,2902,177 reps,,177,Türkiye,CrossFit Shellharbour City,34
2831804,Oliver Conway,M,2904,177 reps,,177,New Zealand,CrossFit 7010 Nelson,32
2962676,Lincoln Kaden,M,2905,177 reps,,177,Australia,CrossFit Altitude,47
2917747,Ollie Hanks,M,2905,177 reps,,177,United Kingdom,CrossFit Yate,24
1565685,christophe rossini,M,2907,177 reps,,177,France,CrossFit GaliléÔ,46
1608782,Henrik Moum,M,2908,177 reps,,177,Norway,,36
2147357,K Watts,M,2909,177 reps,,177,Australia,CrossFit Reclaim,33
2059160,Manuel Gonzalez,M,2909,177 reps,,177,Mexico,369 CrossFit,42
2968219,João Victor Ferreira Fernandes,M,2911,177 reps,,177,Brazil,Dumont CrossFit,25
2436385,Curtis Haase,M,2912,177 reps,,177,United States,CrossFit Vokse,34
2961149,Moritz Hopp,M,2913,177 reps,,177,Austria,CrossFit Area 23,28
2866984,Michael Lee,M,2914,177 reps,,177,United Kingdom,CrossFit West Melbourne,34
2832948,Nick Jones,M,2914,177 reps,,177,United Kingdom,CrossFit Llanelli,44
872116,Darrell David,M,2916,177 reps,,177,United States,Iron Shell CrossFit,43
1263724,Rudi van Eden,M,2917,177 reps,,177,South Africa,CrossFit Alberton 2.0,48
2954315,Juan Diego Garcia,M,2918,177 reps,,177,Colombia,Metronome CrossFit,33
908677,Sami Kayhko,M,2919,177 reps,,177,Finland,CrossFit VKV,31
1404105,Chris Thibaut,M,2920,177 reps,,177,United States,Corn Country CrossFit,30
2965424,Craig Wright,M,2921,177 reps,,177,United Kingdom,Wakefield CrossFit,43
1379157,Christian Staps,M,2922,177 reps,,177,Germany,Frankfurt CrossFit,54
660565,Nicolas Noel,M,2922,177 reps,,177,France,CrossFit F621,40
939205,Kal AlBader,M,2924,177 reps,,177,Kuwait,,49
2832322,Ryan Joseph Magtibay,M,2925,177 reps,,177,Philippines,CrossFit Infinitas,36
2972140,Felix Jebb,M,2926,177 reps,,177,United Kingdom,CrossFit RNA,25
1210708,Lee Mortimer,M,2926,177 reps,,177,United Kingdom,CrossFit Colchester,51
2966467,Joey Stancombe,M,2928,177 reps,,177,United States,CrossFit Winter Haven,26
2393594,Philip John Arguelles,M,2929,177 reps,,177,Philippines,CrossFit WH,41
2726143,Oscar Rodriguez,M,2929,177 reps,,177,United States,Oso CrossFit,26
2954548,Hannu Hara,M,2929,177 reps,,177,Norway,Offline CrossFit,36
2788548,Johno Connell,M,2929,177 reps,,177,Australia,CrossFit Coastal Edge,42
2798745,Eros Masci,M,2929,177 reps,,177,Italy,CrossFit Triple Tail,40
2762633,Francesco Riccadonna,M,2929,177 reps,,177,Italy,CrossFit Scaligera,31
2360055,Rob Smiles,M,2929,177 reps,,177,United Kingdom,CrossFit Northumbria,30
2785115,Chris Bates,M,2936,176 reps,,176,United Kingdom,CrossFit Moira,39
2955667,LEE JUNHA,M,2937,176 reps,,176,Korea (the Republic of),CrossFit Arcade,29
2866881,Davide Pirovano,M,2938,176 reps,,176,Italy,CrossFit Raise Hell,32
2215199,Angelo Di Maria,M,2939,176 reps,,176,Italy,CrossFit Trigoria,37
2845940,Eung-Seok Song,M,2940,176 reps,,176,Korea (the Republic of),CrossFit Hannam,31
2945285,CORENTIN LESUR,M,2941,176 reps,,176,France,CrossFit Lyon,29
2695464,Nicolas Blanc,M,2942,176 reps,,176,France,Aries CrossFit,40
2186229,Nathan Bonneau,M,2943,176 reps,,176,France,CrossFit Histía,26
941145,Graeme Richardson,M,2944,176 reps,,176,New Zealand,Remuera CrossFit,52
2600109,Hiromi Fujita,M,2945,176 reps,,176,United States,Boombox CrossFit North,31
1953601,Jonathan Lebrun,M,2946,176 reps,,176,France,,36
2928097,Aaron Chin,M,2947,176 reps,,176,Malaysia,CrossFit Active,34
1189775,Thanakrit Jongchuwong,M,2947,176 reps,,176,Thailand,CrossFit DCHKT,36
2795826,Connall Humphreys,M,2949,176 reps,,176,Australia,CrossFit Margaret River,23
2162537,Mathieu COINDET,M,2950,176 reps,,176,France,CrossFit CSLG Melun,41
2961566,Miguel Gomez,M,4551,162 reps - s,,162,Bolivia (Plurinational State of),CrossFit Midtown,24
2640020,Sylvain Avellaneda,M,4552,162 reps - s,,162,France,CrossFit Ternay,51
950228,Brent Riches,M,4552,162 reps - s,,162,Australia,Area 61 CrossFit,38
2949458,Dan Holland,M,4554,162 reps - s,,162,United Kingdom,CrossFit 258,37
2930768,John Myatt,M,4555,161 reps - s,,161,United Kingdom,CrossFit Bath,50
2928417,Bruno Barlat,M,4556,161 reps - s,,161,France,CrossFit Mougins,50
2950625,Dale Coomber,M,4557,161 reps - s,,161,Australia,CrossFit Release,54
2836231,Kevin Zahn,M,4558,161 reps - s,,161,Germany,CrossFit Live and Lift,31
2905981,Nicholas Choiniere,M,4559,161 reps - s,,161,United States,CrossFit Charlton,36
2911105,Samuele Zanusso,M,4560,161 reps - s,,161,Italy,CrossFit Arcadia,44
2971984,Sandro Venetz,M,4561,161 reps - s,,161,Switzerland,CrossFit A4 Affoltern am Albis,46
2732868,JIN IN,M,4561,161 reps - s,,161,Korea (the Republic of),CrossFit CNTRVL,40
2797344,Jason Dooley,M,4563,160 reps - s,,160,Australia,Daylesford CrossFit,53
2918639,Tom Bouvé,M,4564,159 reps - s,,159,Belgium,Black Oak CrossFit,52
22146,Gabriel Avilla,M,4565,159 reps - s,,159,United States,CrossFit Inclusion,46
2941137,Kosuke Munakata,M,4566,159 reps - s,,159,Japan,CrossFit Roppongi,33
2935102,Scott Leadbeater,M,4567,159 reps - s,,159,United Kingdom,CrossFit Chippenham,38
2915567,Trent Schafer,M,4568,159 reps - s,,159,Australia,CrossFit St Kilda,39
2965954,Chen YenChou,M,4569,159 reps - s,,159,Chinese Taipei,CrossFit Six-Forty,33
2933432,Euan MacDonald,M,4569,159 reps - s,,159,United Kingdom,FFD CrossFit,28
2921239,Nathan Wigan,M,4569,159 reps - s,,159,Australia,,29
2434979,Anderson Rodrigues de Lima,M,4572,158 reps - s,,158,Brazil,Reserva Campolim CrossFit,44
2904393,Pieter Ringlever,M,4573,158 reps - s,,158,United States,CrossFit Corso,42
2943870,Daniel Kronenbitter,M,4574,158 reps - s,,158,Germany,CrossFit Wangen,46
2970876,Jiyong Kim,M,4575,157 reps - s,,157,Korea (the Republic of),CrossFit Cheongna,35
2944930,Lee Spencer,M,4576,157 reps - s,,157,Australia,CrossFit Iron Lion,48
1548976,Zachary Sawyer,M,4577,157 reps - s,,157,United States,CrossFit Kokua,47
2620330,Ben Gillooly,M,4578,157 reps - s,,157,United Kingdom,CrossFit Glossop,39
2839756,Alexander Broux,M,4579,157 reps - s,,157,Netherlands,CrossFit Den Bosch,30
2896298,Fengchen Chen,M,4579,157 reps - s,,157,China,Master Key CrossFit,33
2955177,Yeong Sheng Ng,M,4581,156 reps - s,,156,Malaysia,Informa CrossFit,35
2969926,Nicolas Hautem,M,4582,156 reps - s,,156,Belgium,CrossFit Sauvage,36
2841298,Josh Wernick,M,4583,156 reps - s,,156,United States,CrossFit Merrick,34
2905630,Markus Kruse,M,4583,156 reps - s,,156,Germany,CrossFit Smile Itzehoe,44
2905948,José Armando Rodríguez Cruceta,M,4585,155 reps - s,,155,Dominican Republic,STI CrossFit,32
2905839,Marc Peters,M,4586,155 reps - s,,155,Germany,CrossFit Smile Itzehoe,45
2957691,Tom Allman,M,4587,155 reps - s,,155,United Kingdom,CrossFit Alpha Wolf,33
2877986,Bjørn Arne Winsnes,M,4588,154 reps - s,,154,Norway,CrossFit Lilleaker,47
2876525,Brian McCormick,M,4589,154 reps - s,,154,Ireland,CrossFit Navitas,46
2929237,Adrian Rivas,M,4589,154 reps - s,,154,United States,Oso CrossFit,33
2827029,Rafael DOS SANTOS,M,4591,153 reps - s,,153,France,The Carbet CrossFit,31
2915537,Caio Ribeiro,M,4592,153 reps - s,,153,Brazil,CrossFit Carcará,34
1807321,Anderson Damasceno de Freitas,M,4593,153 reps - s,,153,Brazil,Vila CrossFit,47
2970312,Fred Huggins,M,4594,152 reps - s,,152,Australia,,16
2936283,Cristian Barucco,M,4595,152 reps - s,,152,Italy,West Union CrossFit,51
2964081,CHUYAO KUNG,M,4596,152 reps - s,,152,Chinese Taipei,CrossFit Roppongi,35
2928504,Eiji Seto,M,4597,152 reps - s,,152,Japan,CrossFit Setagaya,37
2182559,Greg Fraisse,M,4598,152 reps - s,,152,France,CrossFit LXII,44
2903569,Nadeem Patel,M,4599,152 reps - s,,152,United Kingdom,Second City CrossFit,40
1695730,Paolo Pirrone,M,4600,151 reps - s,,151,Italy,Reebok CrossFit Alcamo,46
1629988,Colin Drafts,M,1500,215 reps,,215,United States,Full Steam CrossFit,38
2652861,Nick Harrison,M,1502,215 reps,,215,Australia,Freezing Hot CrossFit,44
2657846,Denis Lascu,M,1503,215 reps,,215,United States,CrossFit Coney Island,41
2072841,Casey Bell,M,1504,215 reps,,215,Australia,CrossFit Moose Fitness,34
2599505,Everett Barr,M,1505,215 reps,,215,United States,CrossFit CrownTown,16
2471916,Fabian Wloka,M,1505,215 reps,,215,Germany,CrossFit Erlangen,45
2815546,Jarred Delauney,M,1507,215 reps,,215,Australia,CrossFit Narellan,31
2792243,Iñaki Labayru,M,1508,215 reps,,215,Spain,Black Grizzly CrossFit,37
2839773,Andy Fairweather,M,1509,215 reps,,215,United Kingdom,CrossFit Reading,48
2496511,Darren Milne,M,1509,215 reps,,215,United Kingdom,CrossFit Aberdeen,37
2965059,Cameron Sullini,M,1511,215 reps,,215,Australia,MSF CrossFit,38
2697661,Breshan Peter Jones,M,1512,215 reps,,215,Australia,CrossFit Geelong,30
120090,Tom veasey,M,1513,215 reps,,215,Australia,CrossFit 505,40
2343493,craig Petzer,M,1513,215 reps,,215,New Zealand,CrossFit 0435,41
884024,Luca Codeluppi,M,1515,215 reps,,215,Italy,CrossFit Tamarin,35
2613715,Eneko Garbi Pequeño,M,1516,215 reps,,215,Spain,CrossFit KKUK,43
227268,David Porras,M,1517,215 reps,,215,Costa Rica,CrossFit Chisel,33
2438580,Daniel Van der Vaart,M,1518,215 reps,,215,South Africa,CrossFit PFC,34
1594908,Calum Macpherson,M,1518,215 reps,,215,Australia,Grit Performance CrossFit,29
1229865,Kevin Wood,M,1518,215 reps,,215,United States,CrossFit Claddagh,36
275833,Jonathan Pedlow,M,1521,215 reps,,215,Ireland,Equip CrossFit,40
674317,Liam Campbell,M,1522,215 reps,,215,New Zealand,Carbon Method CrossFit,26
878912,Tim Labinsky,M,1522,215 reps,,215,Australia,Peak Project CrossFit,35
2710598,Alexandre Martin,M,1522,215 reps,,215,France,CrossFit Portes du Tarn,31
978914,Jannick Leven,M,1525,215 reps,,215,Germany,FFM CrossFit,34
1380935,Lee Taegon,M,1526,215 reps,,215,Korea (the Republic of),CrossFit Dongtan Base,34
2960683,Kim Gyeongmin,M,1527,215 reps,,215,Korea (the Republic of),CrossFit South Swell,25
2972461,Björn Dillien,M,1528,215 reps,,215,Belgium,CrossFit Dragons Den,36
2971826,Angus Bowen,M,1528,215 reps,,215,Australia,CrossFit 168 II,29
2613017,Matthew Suckling,M,1528,215 reps,,215,United Kingdom,CrossFit IOM,41
2964103,JI SANG LEE,M,1528,215 reps,,215,Korea (the Republic of),CrossFit Shot,35
2172718,Sam Lee,M,1528,215 reps,,215,Korea (the Republic of),CrossFit Warragul,28
1946442,Roni Zidbeck,M,1528,215 reps,,215,Finland,,35
2785952,Roberto Viloria luciani,M,1528,215 reps,,215,Spain,CrossFit Llucmajor,39
2910202,Jerome Ferrandez,M,1528,215 reps,,215,France,Ascension CrossFit,39
1845577,B-J Freeme,M,1528,215 reps,,215,Australia,CrossFit 505,40
2804944,Matthew KEÏTA,M,1537,214 reps,,214,France,Crossfit Oyonnax L'olympe,34
2172452,Minchul Lee,M,1538,214 reps,,214,Korea (the Republic of),,42
1607130,Justin Tucker,M,1539,214 reps,,214,United States,Centered CrossFit,39
2944530,SEUNG HEON LEE,M,1540,214 reps,,214,Korea (the Republic of),,29
2954595,Kiz ,M,1541,214 reps,,214,Australia,CrossFit Manticore,25
2597920,Mathew Boyle,M,1541,214 reps,,214,Australia,CrossFit Dauntless,39
2932628,GUNCHAN BAE,M,1543,214 reps,,214,Korea (the Republic of),CrossFit 8055,37
577994,Andrew Rios,M,1544,214 reps,,214,United States,Rayzor Ranch CrossFit,39
2828693,Lee ChanWoo,M,1545,214 reps,,214,Korea (the Republic of),CrossFit Vulcan,32
1310867,Michael Klaas,M,1546,214 reps,,214,United States,CrossFit Reverence,41
2613864,Yohan An,M,1547,214 reps,,214,Korea (the Republic of),CrossFit Just Be,31
650254,Francisco Jose Garcia Muriana,M,1547,214 reps,,214,Spain,,38
220239,Joe Aiello,M,1549,214 reps,,214,United States,Coefficient CrossFit,43
2563971,Christopher Figueroa Alvarez,M,1550,214 reps,,214,United States,CrossFit Liminal,31
705526,Dylan Leamon,M,3051,173 reps,,173,United States,Starr Village CrossFit,28
2791122,Stanislav Oshanin,M,3052,173 reps,,173,Russian Federation,CrossFit Udarnik,41
2832383,Takuma Muraki,M,3053,173 reps,,173,Japan,Port Tower CrossFit,51
2730646,Sunghee Kim,M,3053,173 reps,,173,Korea (the Republic of),CrossFit Ananta,45
904275,James Kyffin,M,3055,173 reps,,173,United Kingdom,CrossFit Welshpool,44
2559666,Christopher Bishop,M,3056,173 reps,,173,South Africa,Northcliff CrossFit,47
2965959,Lilian Avinenc,M,3057,173 reps,,173,France,Vienne CrossFit,25
2924526,James Hall,M,3057,173 reps,,173,United Kingdom,CrossFit Talisman,44
2466116,Jonny Scholes,M,3059,173 reps,,173,United Kingdom,CrossFit PRL,45
2938141,John Blackman Northwood,M,3060,173 reps,,173,United Kingdom,CrossFit Structure,48
2598986,Hwichan Jo,M,3061,173 reps,,173,Korea (the Republic of),CrossFit Aura,32
2466384,Marcos Alberto Soprani,M,3062,173 reps,,173,Brazil,Reino CrossFit,46
954022,Dave Stovall,M,3063,173 reps,,173,United States,NorBeau CrossFit,51
2969960,Justin Hickmott,M,3064,173 reps,,173,United States,CrossFit Edge 94,37
2644855,KENTO Miyoshi,M,3064,173 reps,,173,Japan,CrossFit Roppongi,28
2809755,nick faulds,M,3064,173 reps,,173,United Kingdom,CrossFit Haddington,36
2906883,Joshua Price,M,3064,173 reps,,173,Australia,CrossFit Cessnock,34
1302605,Jason Dahlman,M,3068,172 reps,,172,United States,CrossFit Gahanna,45
2957080,Harry Walker,M,3069,172 reps,,172,United Kingdom,CrossFit Stokesley,35
2944795,antoine debry,M,3070,172 reps,,172,France,CrossFit GLHF Craponne,38
2886265,Sebastian Streat,M,3071,172 reps,,172,Australia,,22
1954123,David Surridge,M,3072,172 reps,,172,United Kingdom,CrossFit Bedford,34
2965358,Peter Bowler,M,3073,172 reps,,172,Australia,CrossFit Sisyphus,33
2937731,Erxhan Hoti,M,3074,172 reps,,172,Germany,CrossFit Helden,38
2054304,Christopher Jardine,M,3075,172 reps,,172,Australia,CrossFit Brendale,29
2704305,Alejandro Alessio,M,3076,172 reps,,172,United States,CrossFit Fury,36
2721392,Jake Kirkpatrick,M,3077,172 reps,,172,United States,CrossFit Flora,27
416988,Cory Goguen,M,3078,172 reps,,172,United States,Shogun CrossFit,39
2971986,Fabien Tardit,M,3079,172 reps,,172,France,CrossFit de la Paix,39
2400002,Matt Howley,M,3080,172 reps,,172,Australia,CrossFit 3056,46
2837400,jaewoong lee,M,3081,172 reps,,172,Korea (the Republic of),CrossFit Baro,35
2953626,정균 김,M,3082,172 reps,,172,Korea (the Republic of),CrossFit Shout,27
2419105,Daniel Silva,M,3082,172 reps,,172,Portugal,5.7 CrossFit,30
2929557,Jacob Saville,M,3084,172 reps,,172,New Zealand,CrossFit Wild South,27
2941075,STAN HIRA,M,3085,172 reps,,172,New Zealand,CrossFit Mooloolaba,42
2611661,Angus Roberts,M,3086,172 reps,,172,Australia,CrossFit TPF,36
1785036,Adam McClain,M,3087,172 reps,,172,United States,NKY CrossFit,40
2441944,laurence Good,M,3088,172 reps,,172,United Kingdom,Inner City CrossFit,44
2851105,Jacob Starr,M,3089,172 reps,,172,New Zealand,CrossFit Selwyn,33
2929563,Axel Choumiloff,M,3090,172 reps,,172,France,CrossFit Lead Your Life,26
2418445,Chris Vo,M,3091,172 reps,,172,Australia,CrossFit North Carlton,40
620811,Christian Croce,M,3092,172 reps,,172,Australia,CrossFit Manticore,40
2456202,Marc Lauer,M,3092,172 reps,,172,Germany,CrossFit Heidelberg,49
2169473,Timothy McClain,M,3092,172 reps,,172,United States,Everproven CrossFit,41
647108,Tyler Sonkin,M,3095,172 reps,,172,United States,CrossFit Amplify,38
2656500,Tim Bugg,M,3096,172 reps,,172,Australia,CrossFit CrossAxed,53
1146618,Joshua Cayabyab,M,3097,172 reps,,172,United States,CrossFit Zeus,43
2816433,Quentin Caclatzis,M,3098,172 reps,,172,France,CrossFit Ampuis,31
2967352,Jairo Rodrigues,M,3099,172 reps,,172,Brazil,Urus CrossFit,29
2955317,Tristan Torr,M,3099,172 reps,,172,New Zealand,Raw BOP CrossFit,24
2751500,Brandon Scicluna,M,4701,108 reps - s,,108,Australia,CrossFit Greater West,31
2937576,Shono Ashimine,M,4702,106 reps - s,,106,Japan,CrossFit Roppongi,29
70684,Maxime LINARD de Guertechin,M,4703,106 reps - s,,106,Belgium,CrossFit Asterion,41
2811362,James Kelly,M,4704,103 reps - s,,103,Australia,CrossFit Bribie Island,35
2949372,Claudiu Darie,M,4705,101 reps - s,,101,Luxembourg,CrossFit Pantheon,36
264611,Steve Blyton,M,4706,100 reps - s,,100,Australia,CrossFit Gunnedah,44
1272152,Sonny Iese,M,4707,100 reps - s,,100,Australia,CrossFit Torian,41
2631738,Adriaan Smit,M,4708,99 reps - s,,99,Netherlands,CrossFit SoWieSo,48
2923640,Simon RAUV,M,4709,90 reps - s,,90,France,CrossFit Nakama,46
2941412,Marcelo Guimarães Garcia Junior,M,4710,89 reps - s,,89,Brazil,Republica CrossFit,31
2972811,AVIGNON Damien,M,4711,87 reps - s,,87,France,CrossFit Tarvos,42
2799780,David Monk,M,4712,74 reps - s,,74,United States,CrossFit Enforce,29
2960316,Yash Saxena,M,4713,59 reps - s,,59,India,CrossFit HITEC City,29
1076374,Antonio Mandujano,M,4714,38 reps - s,,38,United States,Locked n Loaded CrossFit,45
236625,David Simon,M,4715,1 reps - s,,1,United States,St. Peters CrossFit,46
1632697,Giovanni Drago,M,4716,11:34 - f,694.0,354,Italy,CrossFit Iron Kings,28
2406772,Peter Thornton,M,4717,229 reps - f,,229,Australia,CrossFit EXF,42
2641807,Simon Ridley,M,4718,217 reps - f,,217,Australia,CrossFit Iron Lion,44
2940667,Gadi Gamburg,M,4719,216 reps - f,,216,Israel,CrossFit Hatira,45
2959802,carlo lester ang,M,4720,215 reps - f,,215,Philippines,CrossFit Prime Ape Club,38
2958878,Aaron Edwards,M,4721,210 reps - f,,210,United States,CrossFit Kokua,46
2620008,Jerryson David Rodriguez Rodriguez,M,4722,205 reps - f,,205,Dominican Republic,Puerto Plata CrossFit,16
2833333,Luca Bianchi,M,4723,205 reps - f,,205,Italy,,43
2792407,Gopi Krishna Reddy Guntuku,M,4724,194 reps - f,,194,India,CrossFit HITEC City,46
2949285,mathieu Nicolle,M,4725,192 reps - f,,192,France,CrossFit Maignon,47
2906003,Alex Rodin,M,4726,190 reps - f,,190,United States,CrossFit HSP,40
2918362,Ido Han,M,4727,190 reps - f,,190,Israel,CrossFit Krayot,28
2972200,Gian Cruz,M,4728,188 reps - f,,188,Philippines,CrossFit Prime Ape Club,41
2905764,Alexandre Salas,M,4729,184 reps - f,,184,France,CrossFit Lesdiguières,27
2826585,Guillaume CHAMARD,M,4730,183 reps - f,,183,France,CrossFit Salon de Provence,43
2608669,ALMIR EMILIO DINIZ,M,4731,177 reps - f,,177,Brazil,Paracatu CrossFit,41
2972247,Pow Chavez,M,4732,174 reps - f,,174,Philippines,CrossFit Prime Ape Club,43
2953511,ALDOUS CANDA,M,4732,174 reps - f,,174,Philippines,CrossFit Prime Ape Club,49
2972362,Arman Soetanto,M,4734,171 reps - f,,171,Australia,CrossFit Southend,39
2920430,SUNGHUN CHOI,M,4735,170 reps - f,,170,Korea (the Republic of),CrossFit Teamlab,43
2966486,Enzo Torres,M,4736,169 reps - f,,169,Philippines,CrossFit Prime Ape Club,35
1638051,Mattias Karhunen,M,4737,168 reps - f,,168,Sweden,CrossFit Medis,39
2956410,Lucas Rocha,M,4738,160 reps - f,,160,Brazil,CrossFit Santana,37
2913580,Martin Cleland,M,4739,160 reps - f,,160,United Kingdom,CrossFit Pioneer,50
2972685,Yoshikata Aida,M,4740,158 reps - f,,158,Japan,CrossFit Aoyama,51
2937415,René Ronda,M,4741,157 reps - f,,157,Puerto Rico,CrossFit Rio Grande,45
2922858,Rhy Harper,M,4742,155 reps - f,,155,Australia,CrossFit Bairnsdale,42
2441312,Dennis Dent,M,4743,144 reps - f,,144,United States,CrossFit Jungle Gym,50
2954615,Pohsun Po,M,4744,144 reps - f,,144,Chinese Taipei,4SC CrossFit,29
2924778,RYUTARO TODA,M,4745,143 reps - f,,143,Japan,CrossFit Matsumoto,36
2964492,David Watts,M,4746,142 reps - f,,142,Australia,CrossFit 2400,50
2958242,Kishore Kotha,M,4747,141 reps - f,,141,India,CrossFit HITEC City,45
2928199,Yu Chuan Lin,M,4748,138 reps - f,,138,Chinese Taipei,CrossFit Six-Forty,25
2934915,Martin Harrison-Hoare,M,4749,136 reps - f,,136,United Kingdom,CrossFit Bodmin,38
2953452,Dan Auslander,M,4750,135 reps - f,,135,United States,CrossFit Doors of Daring,49
2011273,Bram De Wispelaere,M,2951,176 reps,,176,Belgium,Black Oak CrossFit,50
2780989,Francesco Stagno d Alcontres,M,2951,176 reps,,176,Italy,CrossFit Maddox,49
2822523,Dan-Florin Găvra,M,2953,176 reps,,176,Romania,Magnum Opus CrossFit,53
2940382,Gareth Morgan,M,2954,176 reps,,176,United Kingdom,CrossFit Llanelli,43
224599,Omri Cohen,M,2955,176 reps,,176,Israel,CrossFit Via Maris,45
2194312,Lee Whitfield,M,2956,176 reps,,176,United Kingdom,CrossFit Fort Ashton,43
512739,Matteo Malaspina,M,2957,176 reps,,176,Italy,CrossFit Alkimia,43
2159940,Ryan Miller,M,2958,176 reps,,176,United States,Redemption Road CrossFit Xrucible,42
2915525,Jack Jeffries,M,2959,176 reps,,176,United Kingdom,CrossFit Beowulf,38
2876690,Rami Jadoua,M,2960,176 reps,,176,Germany,Evope CrossFit,38
2701091,Sherman Koh,M,2960,176 reps,,176,Singapore,,37
2674838,Junpyo Kim,M,2960,176 reps,,176,Korea (the Republic of),CrossFit Hoguk,33
2943773,Michael Bork,M,2960,176 reps,,176,United States,CrossFit Kokua,19
2835286,Thomas Small,M,2960,176 reps,,176,United Kingdom,CrossFit Airdrie,30
2940562,De castelbajac Guillaume,M,2965,175 reps,,175,France,CrossFit Voiron,34
2736501,Euijoo Ki,M,2966,175 reps,,175,Korea (the Republic of),Beeline CrossFit,37
2946395,Lee Gillett,M,2967,175 reps,,175,Australia,CrossFit Escape,26
2907827,Brad Leaman,M,2968,175 reps,,175,United Kingdom,CrossFit Fort Ashton,28
2240650,Johnn Connelly,M,2969,175 reps,,175,United States,CrossFit 696,40
2820290,Juan Manuel De la Torre,M,2970,175 reps,,175,Mexico,CrossFit 520 Kairos,34
2229120,Travis Lane,M,2971,175 reps,,175,United States,,38
2957933,Oh Seung chul,M,2972,175 reps,,175,Korea (the Republic of),CrossFit Buff,32
2495244,James Skarke,M,2973,175 reps,,175,United States,CrossFit Revitalize,41
2938917,sungouk nam,M,2974,175 reps,,175,Korea (the Republic of),CrossFit Higher Gym,38
2957160,Francisco Javier Fernández Barrado,M,2975,175 reps,,175,Spain,CrossFit CFSL San Lorenzo de El Escorial,45
2940210,Trevor Koch,M,2975,175 reps,,175,United States,CrossFit Crave,32
2960400,Matt Clarricoates,M,2977,175 reps,,175,United Kingdom,CrossFit 115,27
2896161,Thibaut Lampaert,M,2978,175 reps,,175,France,CrossFit Saint Quentin,27
2684333,Stuart Cooney,M,2979,175 reps,,175,United Kingdom,CrossFit Bath,46
2460841,Thomas DAUBIZIT,M,2980,175 reps,,175,France,CrossFit Vallee du Gier,31
2016167,Jaehun Tak,M,2981,175 reps,,175,Korea (the Republic of),Poss CrossFit,36
2494821,Liam Dodd,M,2982,175 reps,,175,United Kingdom,Coastline CrossFit,40
2593149,Alessandro Nustrini,M,2983,175 reps,,175,Australia,CrossFit Christchurch,32
1549297,Mickael Godin,M,2984,175 reps,,175,France,CrossFit Orion,45
2960667,Franco Patagonale,M,2985,175 reps,,175,Italy,CrossFit Iris,50
2479107,Dario Santapaola,M,2986,175 reps,,175,Italy,CrossFit Misterbianco,32
2592477,Matt Berryman,M,2987,175 reps,,175,United Kingdom,CrossFit Solent,46
2592106,Alejandro tejada,M,2987,175 reps,,175,El Salvador,CrossFit Zoi,35
2620417,Stephane STOCK,M,2989,175 reps,,175,France,CrossFit Autricum,49
1074741,Matthew Muller,M,2990,175 reps,,175,Australia,CrossFit Torian,48
2839780,Andy Robinson,M,2991,175 reps,,175,United Kingdom,CrossFit Furnace Fitness,37
2696519,John Waggener,M,2992,175 reps,,175,United States,CrossFit SciCoh,53
2292075,Nils Rodefeld,M,2993,175 reps,,175,Germany,CrossFit GenGym,34
149746,Jon Anderson,M,2994,175 reps,,175,United States,CrossFit Glen Burnie,53
2961228,남기 손,M,2995,175 reps,,175,Korea (the Republic of),Jinju CrossFit,40
2644933,Liam Mills,M,2995,175 reps,,175,United Kingdom,,40
2622745,Han taeksoo,M,2995,175 reps,,175,Korea (the Republic of),,47
2398223,Romain Siri,M,2995,175 reps,,175,France,,37
2825385,Cyril Moulay,M,2995,175 reps,,175,France,CrossFit Grenoble,39
2475892,Jesus Fernandez Leon,M,2995,175 reps,,175,Spain,Riginal CrossFit Nürnberg,44
2886322,Elliott Millward,M,551,247 reps,,247,United Kingdom,CrossFit Portsea Island,33
1682367,Cody Stelmach,M,552,247 reps,,247,United States,CrossFit Green Bay,36
2784334,SeungHyeon Seo,M,553,247 reps,,247,Korea (the Republic of),CrossFit Shooting Star,29
1950536,Armando Marquez,M,554,247 reps,,247,United States,CrossFit Dark Side,38
2684057,Bradley Redford,M,555,247 reps,,247,United Kingdom,CrossFit Brough,31
106569,Kristopher Corrie,M,556,247 reps,,247,Australia,,34
2089980,Daniel Gamba,M,557,247 reps,,247,Italy,,41
1944393,Rhys Brooker-Maas,M,557,247 reps,,247,Australia,,21
2274119,Hugo van der Geest,M,557,247 reps,,247,Netherlands,CrossFit Castricum,37
2512575,Justin Vella,M,560,246 reps,,246,Australia,Fuse CrossFit,39
2840405,YOUNGJO KWAK,M,561,246 reps,,246,Korea (the Republic of),CrossFit Windragon,34
2684287,Simone Ferrazza,M,562,246 reps,,246,Italy,CrossFit Genzano di Roma,41
2941142,Francisco Ansorena,M,563,246 reps,,246,Argentina,CrossFit Manticore,36
2416760,seo youngjong,M,564,246 reps,,246,Korea (the Republic of),We CrossFit Seocho,33
2939235,Rayner Castillo,M,565,246 reps,,246,Spain,CrossFit CFSL San Lorenzo de El Escorial,33
3021,Youngjun Kim,M,566,246 reps,,246,Korea (the Republic of),,40
1548790,Colin Cowan,M,567,246 reps,,246,United Kingdom,CrossFit Glasgow,53
2158245,Laurent Azema,M,567,246 reps,,246,France,CrossFit de la Paix,47
2242489,Adam Gillies,M,569,246 reps,,246,Australia,CrossFit Prolific,33
679836,Luke Frechette,M,570,246 reps,,246,United States,CrossFit Tuff,48
1323703,Christiaan Calis,M,571,246 reps,,246,Netherlands,CrossFit Amersfoort,40
2126150,Craig Edwards,M,571,246 reps,,246,Australia,CrossFit CrossAxed,31
2865844,joshua Du plessis,M,573,246 reps,,246,United Kingdom,BKW CrossFit,26
2005169,Micah Whitt,M,574,246 reps,,246,United States,,24
2840423,Magellan Josselyn,M,574,246 reps,,246,Australia,Concept CrossFit,16
771994,Roy Tabib,M,574,246 reps,,246,Israel,Impulso CrossFit,27
2319398,Baptiste Michaud,M,574,246 reps,,246,France,3.7 CrossFit II,28
2914413,Luca Dini,M,574,246 reps,,246,Italy,Great Wave CrossFit,28
2115303,Cohan Lorusso,M,579,245 reps,,245,Australia,CrossFit VFL,20
986691,Romain Guinard,M,580,245 reps,,245,France,CrossFit Pujaudran,38
712236,Micheal Shearer,M,581,245 reps,,245,Australia,CrossFit Narellan,44
2594008,matthew cheng,M,581,245 reps,,245,Australia,First Point CrossFit,37
2209250,Emmerson Cosgrove,M,583,245 reps,,245,New Zealand,Plus64 CrossFit,29
2001381,Reece Karamihas,M,583,245 reps,,245,Australia,CrossFit Reclaim,34
1048584,Britt Welch,M,585,245 reps,,245,United States,CrossFit Union Square,36
1817571,Jeremy Tangerose,M,585,245 reps,,245,United States,CrossFit Supercell,51
2925626,Mason Gilham,M,587,245 reps,,245,United States,CrossFit Cultivate,23
2176596,Bastien Roux,M,588,245 reps,,245,France,CrossFit Pierrelatte,25
2192518,Dylan Collins,M,589,245 reps,,245,United States,Chester Springs CrossFit,31
162287,Thomas Frøsig Larsen,M,590,245 reps,,245,Denmark,CrossFit Butcher's Lab,36
2134352,Charlie Chambers,M,591,245 reps,,245,United Kingdom,CrossFit 13,34
2824649,Tyler Campbell,M,591,245 reps,,245,New Zealand,CrossFit 3216,33
2972217,Hugo Justinesy,M,593,245 reps,,245,France,,35
452566,Greg Devoy,M,593,245 reps,,245,United Kingdom,,30
2458089,Oliver Miller,M,595,245 reps,,245,Australia,CrossFit Bil Athletic,26
1968231,Florian Sehedic,M,595,245 reps,,245,France,CrossFit Akson,31
2597239,Holden Hudson,M,595,245 reps,,245,United States,CrossFit Panther City,32
1932531,Will Skipp,M,595,245 reps,,245,United Kingdom,CrossFit 3D,23
2419784,Jeffrey Winnick,M,599,244 reps,,244,United States,,43
2786556,Morgan JOURDAIN,M,600,244 reps,,244,France,Crossfit Oyonnax L'olympe,34
2828706,Lachlan Marshall,M,3198,169 reps,,169,Australia,CrossFit Armidale,25
2181855,Harry Welham,M,3198,169 reps,,169,United Kingdom,CrossFit Rayleigh,25
2656223,Caio Morato,M,3198,169 reps,,169,Brazil,Irmãos CrossFit,38
2942291,Anders Wallinder,M,3198,169 reps,,169,Sweden,CrossFit Sickla,50
2941056,Yushun Mizusaki,M,3198,169 reps,,169,Japan,CrossFit Roppongi,37
2783272,Quentin MOREL,M,3198,169 reps,,169,France,CrossFit GLHF Craponne,38
2803772,Mattéo FOUQUET,M,3198,169 reps,,169,France,CrossFit 571,25
1814576,Ameir Mahgoub,M,3198,169 reps,,169,United Kingdom,732 CrossFit,42
2905547,Tyler Leeb-du Toit,M,3198,169 reps,,169,Australia,CrossFit Moose Fitness,28
2843959,Pedro Figueiredo,M,3198,169 reps,,169,Portugal,Warriors Base CrossFit,32
2870529,Jeremy Bou,M,3198,169 reps,,169,France,CrossFit Des Canuts,29
2176328,Jonathan Stobbs,M,3212,168 reps,,168,United Kingdom,CrossFit Death or Glory,41
2969588,Christian Zovlonsky,M,3213,168 reps,,168,United States,CrossFit Unyielding,21
1812213,Toa Tuilau,M,3214,168 reps,,168,Samoa,CrossFit 43,31
2396136,Mark Buckley,M,3215,168 reps,,168,United Kingdom,CrossFit Alpha Wolf,33
1765937,Hiroto Kosaka,M,3215,168 reps,,168,Japan,CrossFit Roppongi,48
100402,Mike Bonomo,M,3217,168 reps,,168,United States,CrossFit Bison,37
2907237,Diego Alfaro,M,3218,168 reps,,168,United States,CrossFit Vokse,27
217186,Jeremy Kauffman,M,3219,168 reps,,168,United States,Steel Lotus CrossFit,45
2926452,Joshua Robins,M,3220,168 reps,,168,United Kingdom,CrossFit WDN,33
2914226,Dylan Schetor,M,3221,168 reps,,168,Australia,Seaside CrossFit Yeppoon,31
726246,Adam Malone,M,3221,168 reps,,168,Australia,CrossFit Dauntless,41
1365195,Ian Mellor,M,3223,168 reps,,168,United Kingdom,CrossFit Connect,42
2875204,Benjamin Thorsen,M,3224,168 reps,,168,Denmark,Dokken CrossFit,28
2599604,joseph needham,M,3225,168 reps,,168,United Kingdom,,37
2010781,James Greaves,M,3226,168 reps,,168,Australia,CrossFit Torian,32
2950129,Michael Bevan,M,3227,168 reps,,168,Australia,CrossFit 505,43
2413587,Robbie Nicholls,M,3227,168 reps,,168,Australia,The Peoples Gym CrossFit,39
2912123,Ali Blair,M,3229,168 reps,,168,United Kingdom,CrossFit Bath,35
2436522,Marco Neri,M,3230,168 reps,,168,Italy,Donkey CrossFit,33
1062358,Johan Moolman,M,3231,168 reps,,168,New Zealand,CrossFit Rotorua,48
742292,Luiz Rodriguez,M,3232,168 reps,,168,United States,CrossFit KENAZ,34
2972443,James May,M,3233,168 reps,,168,United Kingdom,CrossFit WDN,37
2640546,Ole Christian Drage,M,3233,168 reps,,168,Norway,CrossFit Lilleaker,46
2941301,Kai Kondo,M,3233,168 reps,,168,Japan,CrossFit Roppongi,25
2929818,Fedor Lisin,M,3233,168 reps,,168,Russian Federation,CrossFit 19.05,27
2840086,Luca Anellino,M,3233,168 reps,,168,Italy,CrossFit Mola di Bari,28
2881369,Jinshan Chen,M,3233,168 reps,,168,China,No One CrossFit,30
2790969,Kyle Larocque,M,3239,167 reps,,167,United States,Bring The Thunder CrossFit,33
2536395,Michael Reist,M,3240,167 reps,,167,United States,Redemption Road CrossFit Xrucible,45
2922091,Hannes Lüdecke,M,3241,167 reps,,167,Germany,CrossFit Motus Rostock,41
2789030,Orazio Lanzafame,M,3242,167 reps,,167,Italy,CrossFit Misterbianco,35
2941468,Anderson Ewing,M,3243,167 reps,,167,United States,CrossFit Crave,29
2679730,Marek Cichocki,M,3244,167 reps,,167,Poland,CrossFit Elektromoc,40
2515791,Laurent Bach,M,3245,167 reps,,167,France,TRIBOK CrossFit,43
2513567,Donggi Chae,M,3245,167 reps,,167,Korea (the Republic of),CrossFit Torian,31
2686535,Sébastien LEMOIGNE,M,3247,167 reps,,167,France,CrossFit La Taniere,29
2919095,Taylor Ball,M,3248,167 reps,,167,United States,CrossFit Weeki Wachee,40
2840381,Jeonggu Jeon,M,3249,167 reps,,167,Korea (the Republic of),CrossFit Vulcan,48
2407977,David Ceely,M,3250,167 reps,,167,United Kingdom,CrossFit Whitchurch,44
2950114,CHIHYUAN CHEN,M,4751,133 reps - f,,133,Chinese Taipei,CrossFit Six-Forty,44
2965012,Adrian Campbell,M,4752,132 reps - f,,132,New Zealand,,37
2924835,YU HENG FANG,M,4753,130 reps - f,,130,Chinese Taipei,CrossFit Lilian,32
2956563,EunJun Park,M,4754,130 reps - f,,130,Korea (the Republic of),CrossFit DAEGA,33
2930999,Guilherme Moterle,M,4755,129 reps - f,,129,Brazil,Republica CrossFit,29
2944456,Paco Miranda,M,4756,127 reps - f,,127,Mexico,Rarmur CrossFit,27
2967397,Mathews Vincent,M,4757,119 reps - f,,119,India,I Think CrossFit,37
2804275,Louis Cremen,M,4758,113 reps - f,,113,Australia,CrossFit Reclaim,38
2945369,Alberto Quintana,M,4759,112 reps - f,,112,United States,La Ruta 167 CrossFit,50
2819295,Hsinta Chen,M,4760,61 reps - f,,61,Chinese Taipei,,50
2787881,Joan Bertschy,M,4501,172 reps - s,,172,Switzerland,CrossFit Payerne,39
1284701,Gareth Stephenson,M,4502,172 reps - s,,172,Canada,Kaos CrossFit,44
2904289,Will Harris,M,4503,172 reps - s,,172,United Kingdom,CrossFit Thame,39
714913,Paul Kelly,M,4504,172 reps - s,,172,Ireland,CrossFit Navitas,45
2951545,Nicolas Charles,M,4505,172 reps - s,,172,New Zealand,CrossFit CrossAxed,30
2211437,Sean Langeveld,M,4505,172 reps - s,,172,Australia,CrossFit Club Bunker,38
2910102,Tom Scheyltjens,M,4507,171 reps - s,,171,Belgium,Black Oak CrossFit,37
2941942,JUNSUNG BYUUN,M,4508,171 reps - s,,171,Korea (the Republic of),CrossFit SP,36
2956971,Ross M Humphrey,M,4509,171 reps - s,,171,United Kingdom,CrossFit Huntsman,46
1238628,Daniel Gajda,M,4510,171 reps - s,,171,Poland,CrossFit Żory,36
2948345,Baxter Hammelswang,M,4511,170 reps - s,,170,Australia,CrossFit Hervey Bay,18
2929456,PETER KLEIN,M,4512,170 reps - s,,170,United States,CrossFit KMC,45
2904828,Josh Boyd,M,4513,170 reps - s,,170,Australia,CrossFit Reclaim,26
2911850,Gilson Mendonça Junior,M,4514,170 reps - s,,170,Brazil,CrossFit Zebu,40
2952933,Grzegorz Ziolek,M,4515,170 reps - s,,170,Poland,CrossFit Konstancin,45
2915823,Samuel Denvir,M,4515,170 reps - s,,170,United Kingdom,732 CrossFit,35
2935063,Bernardo Penalber,M,4517,169 reps - s,,169,Brazil,Pipa CrossFit,38
2961518,Alex Teh,M,4518,169 reps - s,,169,Singapore,CrossFit Roppongi,41
2929073,Gerald Lannigan,M,4519,169 reps - s,,169,United Kingdom,CrossFit Astraea,49
2920221,정 강채,M,4520,169 reps - s,,169,Korea (the Republic of),CrossFit Rock Steady,32
2915733,Sylvain Feriti,M,4521,169 reps - s,,169,France,CrossFit SP3C,45
2905999,Pierre-Alexis Bufflier,M,4522,169 reps - s,,169,France,Berus CrossFit,36
2930904,Carl Meek,M,4523,169 reps - s,,169,United States,Ironclad CrossFit,40
1904867,Luca Bussi,M,4524,169 reps - s,,169,Italy,CrossFit 36100,53
2972135,Mikael Boström,M,4525,169 reps - s,,169,Sweden,Sala CrossFit,37
1377264,Tanner Overland,M,4526,169 reps - s,,169,United States,CrossFit Vokse,39
2908012,Lawrence Seid,M,4527,169 reps - s,,169,United States,Chimney Rock CrossFit,45
467781,Sheldon Swann,M,4528,169 reps - s,,169,Australia,CrossFit Knoxfield,53
1902392,Beni Serfaty,M,4529,168 reps - s,,168,Israel,CrossFit Pardes Hana Karkur,53
2918172,Rory Forbes,M,4530,168 reps - s,,168,New Zealand,Tasman Bay CrossFit,39
2930908,Luke Ager,M,4531,167 reps - s,,167,Australia,CrossFit Iron Lion,33
2171360,Gobi Dominguez,M,4532,167 reps - s,,167,Dominican Republic,STI CrossFit,47
2958561,Nick Mirchandani,M,4533,166 reps - s,,166,United States,Cox CrossFit,27
2964725,Jin Kwangmin,M,4534,166 reps - s,,166,Korea (the Republic of),CrossFit Apgujeong,38
2956811,HITOSHI NAKAMURA,M,4535,166 reps - s,,166,Japan,CrossFit Naniwa,44
2931882,Tom Fulcher,M,4536,166 reps - s,,166,Australia,CrossFit 505,39
2913701,Denis Bulegato,M,4537,165 reps - s,,165,Italy,CrossFit Venezia,52
2643646,Ryan Northam,M,4538,165 reps - s,,165,United Kingdom,CrossFit Grantham,31
2903820,Rahul Saxena,M,4539,165 reps - s,,165,United Kingdom,CrossFit Chiltern,35
2967951,Bradley Allen,M,4540,164 reps - s,,164,United Kingdom,RH10 CrossFit,37
2804088,Matt Knight,M,4540,164 reps - s,,164,United Kingdom,Mudeford Quay CrossFit,46
2972312,Joaquim Fortes,M,4542,164 reps - s,,164,Portugal,CrossFit Parque das Nações,43
2968021,Fábio Pereira do Nascimento,M,4543,164 reps - s,,164,Brazil,Boombox Amambai CrossFit,38
2931641,Nicolas Gosse,M,4543,164 reps - s,,164,France,CrossFit Chelles,46
2921262,JAEIL YU,M,4545,164 reps - s,,164,Korea (the Republic of),CrossFit Ssangmun,30
2910819,Conor Fleming,M,4545,164 reps - s,,164,Australia,CrossFit Kirrawee,47
1756645,Andres Mas  Enseñat,M,4547,163 reps - s,,163,Spain,NAMA CrossFit,46
2921081,Christophe Tarquis,M,4548,163 reps - s,,163,France,CrossFit Embrun,52
1996921,Dingxin Su,M,4549,163 reps - s,,163,China,CrossFit Sai Lei,30
1768637,Francesco Maltoni,M,4550,163 reps - s,,163,Italy,CrossFit Lah,46
2755451,Alexandre FRAYSSE,M,1444,217 reps,,217,France,CrossFit 2F,31
1500929,Niels Nielsen,M,1452,216 reps,,216,Canada,Campus CrossFit,49
2910695,Thomas Godfrey,M,1453,216 reps,,216,Australia,HomeFront CrossFit,35
2854023,Jungho Choi,M,1454,216 reps,,216,Korea (the Republic of),CrossFit Redwood,32
2501051,Minseok Jang,M,1454,216 reps,,216,Korea (the Republic of),Moonlight CrossFit,31
1364747,Richard Cannon,M,1456,216 reps,,216,United Kingdom,179 CrossFit,43
2786246,왕민 김,M,1457,216 reps,,216,Korea (the Republic of),CrossFit SP,35
2956065,Carlo Cavaletto,M,1458,216 reps,,216,Italy,CrossFit Cervo Nero,30
2079315,Peter Beckmann,M,1459,216 reps,,216,Germany,CrossFit 168,36
2961802,Nikolaos Timonidis,M,1459,216 reps,,216,Greece,CrossFit Connect,38
2911464,Junior Burger,M,1461,216 reps,,216,South Africa,,30
1973758,Joey Njezic,M,1462,216 reps,,216,United States,Cedar City CrossFit,46
2598307,Jeon minha,M,1462,216 reps,,216,Korea (the Republic of),CrossFit Nos,26
2176285,Luife Rodriguez-Baz,M,1464,216 reps,,216,United States,CrossFit Hype,25
517819,Edmund Taylor,M,1465,216 reps,,216,United Kingdom,179 CrossFit,39
1886760,Dylan Bernard,M,1465,216 reps,,216,France,CrossFit Du Dome,30
2833224,陳 建嘉,M,1467,216 reps,,216,Chinese Taipei,4SC CrossFit,31
2949420,Joseph Dixey,M,1468,216 reps,,216,United Kingdom,CrossFit Braze,32
2415425,Chris Tate,M,1469,216 reps,,216,United Kingdom,CrossFit Solent,43
2301859,Rodrigo Ammes,M,1470,216 reps,,216,Brazil,Republica CrossFit,42
2268583,Barry McConville,M,1471,216 reps,,216,Ireland,Equip CrossFit,45
2913180,Harry Kent,M,1472,216 reps,,216,Australia,CrossFit Uplift,30
742345,David Willemoes,M,1473,216 reps,,216,Denmark,CrossFit Heaven,40
1418999,Arana Te Patu,M,1473,216 reps,,216,New Zealand,CrossFit Da Vinci,32
2798699,Dmitry Neladnov,M,1475,216 reps,,216,Russian Federation,CrossFit Udarnik,36
2202470,Lars Fiedler,M,1476,216 reps,,216,Germany,Heart n Heavy CrossFit,50
2679251,Ju Yongjin,M,1477,216 reps,,216,Korea (the Republic of),CrossFit Hoguk,28
2618941,Christian Heigl,M,1478,216 reps,,216,Germany,CrossFit District Eighteen,35
2825316,Ryan Solo,M,1479,216 reps,,216,Australia,,26
2830417,Mark Roney,M,1480,216 reps,,216,New Zealand,CrossFit 564,39
859239,Ian McIlfatrick,M,1481,216 reps,,216,United Kingdom,Boundary CrossFit,30
2627840,Cavailles Arnaud,M,1482,216 reps,,216,France,CrossFit Genas,28
2267861,David Bryan,M,1483,216 reps,,216,United Kingdom,CrossFit BFG,47
256996,Tim Rheinberger,M,1484,216 reps,,216,Australia,Grit Performance CrossFit,39
1756966,Rick Guerra,M,1485,216 reps,,216,Brazil,CrossFit Saúde,37
2965601,paul hugounenq,M,1486,216 reps,,216,France,,31
1338889,Ian Duffus,M,1487,216 reps,,216,United Kingdom,CrossFit IOM,39
1963326,Michael Bock,M,1487,216 reps,,216,United States,,47
2955790,Robert Alam,M,1487,216 reps,,216,United Kingdom,CrossFit Vauxhall,40
2950852,Guglielmo Carraroli,M,1487,216 reps,,216,Italy,CrossFit Team 059,37
2943715,Darren Buckley,M,1487,216 reps,,216,Ireland,T12 CrossFit,35
2901622,Rait Kivi,M,1487,216 reps,,216,Estonia,CrossFit Remi,28
2536132,Mateo Osterhagen-Zalles,M,1487,216 reps,,216,Germany,CrossFit 1815,46
2621407,Harry Buckley,M,1487,216 reps,,216,Australia,CrossFit 2600,25
2849352,Mathieu Limouzin,M,1487,216 reps,,216,France,CrossFit Des Canuts,33
2243035,Ethan Blake,M,1496,215 reps,,215,Australia,,32
2838677,dongyeong Lee,M,1497,215 reps,,215,Korea (the Republic of),CrossFit Become Better,36
2957624,Jean-marie Louppe,M,1498,215 reps,,215,France,CrossFit Callisto,45
1609210,Tatsuya Ikoma,M,1498,215 reps,,215,Japan,CrossFit Naniwa,37
1792775,Jay Lutz,M,1500,215 reps,,215,United States,CrossFit Kemah,35
2935285,Johan Ranstam,M,4651,138 reps - s,,138,Sweden,CrossFit Sickla,46
1565089,Richard Lagnaz,M,4652,137 reps - s,,137,Switzerland,CrossFit Carnotzet,47
2881013,Thomas Edwards,M,4652,137 reps - s,,137,Australia,CrossFit Brendale,40
2791730,Christopher Rastall,M,4654,136 reps - s,,136,United Kingdom,CrossFit Rotherham,39
2776967,Nicholas Wilson,M,4655,136 reps - s,,136,Australia,CrossFit Release,33
2817358,Philip Eliya,M,4656,136 reps - s,,136,United States,CrossFit Bison,50
2947879,Lúcio Weber de Abreu,M,4657,136 reps - s,,136,Brazil,CrossFit Bento,33
2960862,Varshit Gokavarapu,M,4658,135 reps - s,,135,India,CrossFit Kinston,25
651681,Gavin Rayner,M,4659,135 reps - s,,135,Bermuda,CrossFit BDA,53
2915780,Simone Ferrua,M,4660,135 reps - s,,135,Italy,CNT CrossFit,36
2956068,cancho Lee,M,4661,135 reps - s,,135,Korea (the Republic of),CrossFit Shot,43
2951985,Lee Cousins,M,4661,135 reps - s,,135,United Kingdom,CrossFit Crawley,35
2905591,João Carlos Brasileiro,M,4663,133 reps - s,,133,Brazil,Republica CrossFit,37
2952934,Heloi Lauret,M,4664,133 reps - s,,133,France,CrossFit Santa Apolonia,23
2948311,Riki Seino,M,4664,133 reps - s,,133,Japan,CrossFit Roppongi,37
2953392,James Hayes,M,4666,132 reps - s,,132,United States,Free Will CrossFit,45
2903343,Alex Hartley,M,4667,131 reps - s,,131,United Kingdom,One Crew CrossFit,37
2972649,Matanya Kronman,M,4668,131 reps - s,,131,Israel,CrossFit Hamoshava,16
2639524,Daniel Ilic,M,4669,130 reps - s,,130,Australia,CrossFit Southern Highlands,44
2966175,ADAM GILREATH,M,4670,130 reps - s,,130,United States,CrossFit LYFE,38
2926651,Harrison Martin,M,4671,130 reps - s,,130,United States,CrossFit Simpsonville,37
2445576,Jesse Farrance,M,4672,129 reps - s,,129,Australia,CrossFit Hervey Bay,33
2961081,Sarun P,M,4673,129 reps - s,,129,Thailand,Power Up CrossFit,26
1140932,Adam Gottlieb,M,4674,128 reps - s,,128,United States,CrossFit Sunset Park,43
2807341,SOURAV MITRA,M,4675,128 reps - s,,128,India,I Think CrossFit,40
2961386,Finbar Clowry,M,4676,128 reps - s,,128,United Kingdom,CrossFit Muscle Yard Chelmsford,38
2931062,Hansol Kang,M,4677,127 reps - s,,127,Korea (the Republic of),Muhan CrossFit,28
2894760,Guo Yujun,M,4678,127 reps - s,,127,China,Beneath The Surface CrossFit,31
2938901,Christian Alphonso,M,4679,126 reps - s,,126,Australia,Charge CrossFit Reservoir,38
2896173,O.J. Neto,M,4680,126 reps - s,,126,Brazil,Kahu CrossFit,47
2686707,Claudio Da Fonseca,M,4681,126 reps - s,,126,South Africa,CrossFit PFC,33
2951371,איתמר שור,M,4682,126 reps - s,,126,Israel,CrossFit Gush Etzion,18
2934423,Nitish Dewan,M,4683,126 reps - s,,126,Ireland,CrossFit Green,30
2792049,Toshi Masumizu,M,4684,126 reps - s,,126,Japan,CrossFit Roppongi,54
2930461,Wojciech Rejdak,M,4684,126 reps - s,,126,Poland,CrossFit Faster Harder Better,35
2118402,Omri Shapira,M,4686,125 reps - s,,125,Israel,CrossFit Rishon City,34
614342,Jesse Downer,M,4687,123 reps - s,,123,Australia,CrossFit Reclaim,52
2913683,Faurie Gregory,M,4688,122 reps - s,,122,France,CrossFit Meaux,17
2907298,Adam Lezott,M,4689,120 reps - s,,120,United States,CrossFit Bison,42
1690832,Hideki Ando,M,4690,119 reps - s,,119,Japan,CrossFit Roppongi,52
2495126,Conner DeLaGarza,M,4691,118 reps - s,,118,United States,CrossFit Postal,24
2888607,Guillaume GROSSETIE,M,4691,118 reps - s,,118,France,,40
2933530,Andre Perez,M,4693,117 reps - s,,117,United States,CrossFit Coney Island,39
2917488,Shuhei Kamoto,M,4694,117 reps - s,,117,Japan,CrossFit Roppongi,46
2942205,Fabian Rauter,M,4695,116 reps - s,,116,Austria,La Paws CrossFit,34
2964648,Rishi Tode,M,4696,115 reps - s,,115,India,CrossFit For Sure,37
2913874,Chris Ellis,M,4697,114 reps - s,,114,Australia,CrossFit Uplift,42
1830645,Francesco Vaccarono,M,4698,111 reps - s,,111,Italy,,32
2970429,Tsuyoshi Hotta,M,4699,109 reps - s,,109,Japan,,30
2406167,Giles Thornton,M,4700,108 reps - s,,108,United Kingdom,CrossFit Solent,29
2943902,Breteaudeau Mathieu,M,3251,167 reps,,167,France,CrossFit Cholet,37
755387,Scott McLellan,M,3251,167 reps,,167,Australia,CrossFit Wellbeing,52
2786759,Jay Lee,M,3253,167 reps,,167,Korea (the Republic of),H1 CrossFit,32
2271583,Dimitri Zhukov,M,3254,167 reps,,167,Italy,CrossFit Venezia,35
1790430,Milo Inglis,M,3255,167 reps,,167,United Kingdom,CrossFit Thame,35
814470,Frederico Lourenco,M,3255,167 reps,,167,Brazil,CrossFit Barigui,52
2902909,Gavin Farrington,M,3257,167 reps,,167,United Kingdom,CrossFit OL1,48
2850961,Ramit Mittal,M,3258,167 reps,,167,India,CrossFit 9 One,30
609917,Scott Carland,M,3259,167 reps,,167,Australia,CrossFit 168,49
2852088,COPPIN Alexandre,M,3260,167 reps,,167,France,,30
2957053,Tim Parkinson,M,3260,167 reps,,167,Australia,Reebok CrossFit Frankston,35
2951592,Sheko Saenz,M,3260,167 reps,,167,United States,,38
2812335,Daniel Ung,M,3260,167 reps,,167,Australia,,33
2773788,Ryutaro Komoda,M,3260,167 reps,,167,Japan,CrossFit Aoyama,32
2940126,Chris Fuller,M,3260,167 reps,,167,Australia,CrossFit Soar,39
2424757,Kevin Rousson,M,3260,167 reps,,167,France,CrossFit Novelty,31
2629064,Bruce Yu,M,3260,167 reps,,167,Chinese Taipei,Hongtai CrossFit,44
2323189,Maxime Chauvin,M,3268,166 reps,,166,France,CrossFit LGA,27
2825289,Javier Moreno Garcia,M,3269,166 reps,,166,Spain,CrossFit Olavide,34
2963453,Jake Rakecki,M,3270,166 reps,,166,Australia,Area 61 CrossFit,23
2949283,Adrien Michelon,M,3271,166 reps,,166,France,CrossFit Thonon-les-Bains,24
2889292,Damon Stevens,M,3272,166 reps,,166,Australia,Blue Lake CrossFit,38
2947743,seonoh na,M,3273,166 reps,,166,Korea (the Republic of),CrossFit SteamPunk,36
2905307,woo sung chung,M,3274,166 reps,,166,Korea (the Republic of),CrossFit Howdy,30
2971607,Peter Smik,M,3275,166 reps,,166,Czechia,CrossFit Aspis,39
2942090,Daniel Windelbnand,M,3276,166 reps,,166,Germany,CrossFit Helden,44
2829926,Morgan Guerin,M,3277,166 reps,,166,France,Rupella CrossFit,27
739306,Jon Dunkley,M,3278,166 reps,,166,Australia,CrossFit Iron Lion,43
178883,Charles Mulligan,M,3279,166 reps,,166,Ireland,CrossFit Cookstown,32
1361380,Matthew Sumner,M,3280,166 reps,,166,United States,CrossFit Variance Plus,38
2174206,Vicente Vicente,M,3281,166 reps,,166,Portugal,Warriors Base CrossFit,22
1955234,Matt Thomas,M,3282,166 reps,,166,United Kingdom,CrossFit Fareham,39
2938256,Horia Alexandru Baciu,M,3283,166 reps,,166,Romania,CrossFit Fabric,45
2421610,Antonio Tiberio,M,3284,166 reps,,166,Australia,CrossFit Reclaim,51
2314617,Jonathan Russell,M,3285,166 reps,,166,United Kingdom,Funk CrossFit,35
1739395,Neil Maclean,M,3286,166 reps,,166,Australia,CrossFit Torian,51
2946388,Hai Shmool,M,3287,166 reps,,166,Israel,MaryLand CrossFit Yavne,40
2688370,Nicholas Kannan,M,3287,166 reps,,166,Australia,,28
1370682,Alejandro Trigo,M,3289,166 reps,,166,Spain,CrossFit Ponferrada,50
1578819,Art Ornelas,M,3289,166 reps,,166,United States,,49
2925293,Alexandre MORIN,M,3289,166 reps,,166,France,CrossFit Autricum,47
2919747,Rafael Batista,M,3289,166 reps,,166,Portugal,Viriato CrossFit,34
1346935,Daniele Rota,M,3289,166 reps,,166,Italy,CrossFit Orobica (Departed),36
2794937,Randy DeVega,M,3289,166 reps,,166,United States,CrossFit Harpoon,31
2919201,Jonathon Cremona,M,3295,165 reps,,165,Australia,CrossFit Script,29
2915568,Wojciech Kasperzec,M,3296,165 reps,,165,Poland,CrossFit Black Ground,39
2947895,Leandro Christol,M,3297,165 reps,,165,Argentina,CrossFit Avalon Beach,34
2936441,Nunzio Tomaselli,M,3298,165 reps,,165,Italy,CrossFit Misterbianco,38
2849313,陽 田澤,M,3299,165 reps,,165,Japan,GANJUU CrossFit,29
2929340,Xavier Juillard,M,3300,165 reps,,165,Australia,All Grit CrossFit,31
610496,Seth Parker,M,3301,165 reps,,165,United States,CrossFit 859,51
2620475,Loic Sennepin,M,3301,165 reps,,165,France,CrossFit Gerland,27
2198138,Sam Horn,M,3303,165 reps,,165,United Kingdom,CrossFit Solent,33
2928462,PIERRE WALLE,M,3304,165 reps,,165,France,CrossFit F621,40
2969988,Zac Schwagermann,M,3305,165 reps,,165,Australia,,22
2784144,Michael Woolcock,M,3306,165 reps,,165,Australia,CrossFit Chemistry,32
1347799,Ricci Miller,M,3307,165 reps,,165,Australia,CrossFit SFS,49
2936856,Gonzalo Gómez Carreño,M,3308,165 reps,,165,Spain,CrossFit Wezone Almagro,26
2834394,Seunghoon Choi,M,3309,165 reps,,165,Korea (the Republic of),CrossFit ULU,33
920180,Wonseok Oh,M,3310,165 reps,,165,Korea (the Republic of),CrossFit Apgujeong,44
2905405,Lachlan Stevenson,M,3310,165 reps,,165,Australia,CrossFit Chemistry,26
2967602,Téo Lardet,M,3312,165 reps,,165,France,,30
2830610,Enrico Cernicchi,M,3312,165 reps,,165,Italy,CrossFit Treviso,36
2811453,Ricardo Martins,M,3314,165 reps,,165,Portugal,Warriors Base CrossFit,32
2329427,Brad Pigg,M,3314,165 reps,,165,United States,Jute CrossFit,53
2462753,시윤 소,M,3316,165 reps,,165,Korea (the Republic of),We CrossFit Seocho,32
1215724,Nathan McDonald,M,3317,165 reps,,165,Australia,CrossFit 4165,51
2391179,Gavin Lippitt,M,3318,165 reps,,165,United Kingdom,CrossFit Cairngorm,52
2700459,Shih-Wei Wang,M,3318,165 reps,,165,Chinese Taipei,Hongtai CrossFit,33
2835992,Gary Honor,M,3320,165 reps,,165,Australia,CrossFit Minerva Erina,48
2964263,Yutthapong Charoendee,M,3320,165 reps,,165,Thailand,Power Up CrossFit,29
386577,Kasim Nawaz,M,3322,165 reps,,165,United States,CrossFit 611,44
1976519,Zachary Barnes,M,3323,165 reps,,165,United States,CrossFit SHF,31
2205582,Austin Podach,M,3323,165 reps,,165,United States,Clyde Union CrossFit,35
1841192,Bailey Court,M,3323,165 reps,,165,Australia,CrossFit Bil Athletic,27
2907490,John Howe,M,3323,165 reps,,165,Australia,CrossFit Escape,44
2735345,Christoforos Vasilatos,M,3327,164 reps,,164,Greece,CrossFit WH,42
2915556,Choi Jaewoo,M,3328,164 reps,,164,Korea (the Republic of),CrossFit Sanbon,27
1984457,Luís Botelho,M,3329,164 reps,,164,Portugal,Off Limits CrossFit Rato,41
1996509,Pedro Abreu Ferreira,M,3329,164 reps,,164,Brazil,Ginge CrossFit,42
2790762,Angus Batterham,M,3331,164 reps,,164,United Kingdom,CrossFit Thame,31
2518195,Craig Butler,M,3332,164 reps,,164,Australia,,44
2971998,Florian Dondelinger,M,3333,164 reps,,164,France,,31
2946000,Austin Radford,M,3334,164 reps,,164,Australia,CrossFit DECK,20
2898077,Lucas Dubois,M,3335,164 reps,,164,France,CrossFit Meaux,24
1234502,JungHyuk Choi,M,3336,164 reps,,164,Korea (the Republic of),CrossFit Able,38
2260091,Gabriel Sanchez,M,3337,164 reps,,164,United States,CrossFit Low Oxygen,35
2949599,Zach Spencer,M,3338,164 reps,,164,Canada,Fundy CrossFit,26
2808841,André Flores Bondan,M,3339,164 reps,,164,Brazil,Republica CrossFit,37
2659194,Keith Cramphorn,M,3340,164 reps,,164,United Kingdom,CrossFit Huntsman,42
2675190,Choi ChulHoon,M,3341,164 reps,,164,Korea (the Republic of),CrossFit Hoguk,33
2775826,Seong Myoung hun,M,3342,164 reps,,164,Korea (the Republic of),CrossFit Haru,27
719771,Philip Xavier,M,3343,164 reps,,164,Australia,City 4051 CrossFit,48
2939048,Harry May,M,3344,164 reps,,164,Australia,CrossFit Rumble,24
2697387,Luke Clemens,M,3345,164 reps,,164,United Kingdom,CrossFit Vastus,38
2917539,Alessandro Cadorin,M,3346,164 reps,,164,Italy,CrossFit Iron Kings,41
2925454,Oliver Addis,M,3347,164 reps,,164,United Kingdom,CrossFit Thame,44
2964765,Leandro Bastos,M,3348,164 reps,,164,Brazil,CrossFit Spokane Valley,42
2829653,Brandon Arduino,M,3348,164 reps,,164,United States,Stay Strong CrossFit,31
904657,Massimo Pegoraro,M,3348,164 reps,,164,Italy,CrossFit Udine,49
362523,Andrew Logan,M,1551,214 reps,,214,Australia,CrossFit 4551,44
2084849,Seung Woo Hong,M,1551,214 reps,,214,Korea (the Republic of),CrossFit Able,35
2716454,Jaffa Mitton,M,1553,214 reps,,214,Australia,CrossFit SFS,24
242791,Kelly Cleary,M,1554,214 reps,,214,Australia,Seaside CrossFit Yeppoon,35
785635,Dean Grimsey,M,1555,214 reps,,214,Australia,CrossFit Shellharbour City,44
494898,Tamás Vadász,M,1556,214 reps,,214,Spain,,52
2002819,Drew Phillips,M,1557,214 reps,,214,Australia,Ultra CrossFit,37
1820202,Jason Oehler,M,1557,214 reps,,214,United States,CrossFit Elmhurst,52
1558704,Sébastien Le Bail,M,1559,214 reps,,214,France,CrossFit Orion,29
892275,Ryan Sanders,M,1560,214 reps,,214,Australia,,45
454200,Justin Gallinar,M,1561,214 reps,,214,Australia,CrossFit Shellharbour City,31
1018234,Willie Milnor,M,1562,214 reps,,214,United States,12 Labours CrossFit,49
2212549,Alexey Derevianko,M,1562,214 reps,,214,Russian Federation,CrossFit Grimaud,48
2479835,Francois Barbieux,M,1564,214 reps,,214,Belgium,CrossFit Vince21,25
1827139,Seokyoung Lee,M,1565,214 reps,,214,Korea (the Republic of),CrossFit Stadion Pangyo,29
2833044,Jack Renfrew,M,1566,214 reps,,214,Australia,CrossFit Hunted Fitness,24
237044,Everson Boian,M,1567,214 reps,,214,Australia,,50
2671386,Paul Grantham,M,1567,214 reps,,214,United Kingdom,CrossFit Bosham,49
2672503,Ilias Apostolopoulos,M,1567,214 reps,,214,United States,CrossFit PFT,42
2482589,Thomas Buhagiar,M,1567,214 reps,,214,Australia,CrossFit Greater West,25
2930604,Tomasz Kozicki,M,1567,214 reps,,214,Poland,CrossFit Faster Harder Better,41
2929329,Gyeong Lip Kim,M,1567,214 reps,,214,Korea (the Republic of),Jinju CrossFit,39
2922999,Craig Simpson,M,1567,214 reps,,214,United Kingdom,CrossFit Airdrie,36
2173843,Harewiki Cooper,M,1567,214 reps,,214,New Zealand,CrossFit Torian,34
2435009,jonatas romano,M,1567,214 reps,,214,Brazil,Trilho CrossFit,44
2225280,Raf Naim,M,1576,213 reps,,213,Australia,CrossFit Access,38
2443188,Youngwoong Moon,M,1577,213 reps,,213,Korea (the Republic of),CrossFit Sejong,35
2959733,Taeshin Kang,M,1578,213 reps,,213,Korea (the Republic of),CrossFit TBT,35
2445620,Andrea Zucchini,M,1578,213 reps,,213,Italy,CrossFit 3056,33
2390412,ALVARO SOARES,M,1580,213 reps,,213,Brazil,CrossFit Bento,34
1508198,Johann Viljoen,M,1581,213 reps,,213,South Africa,CrossFit Alberton 2.0,41
2297804,Stephen Murphy,M,1582,213 reps,,213,Ireland,Farmyard CrossFit,32
485081,Jolyon Hurst,M,1583,213 reps,,213,New Zealand,CrossFit COAH,41
2612638,Rick Dyer,M,1584,213 reps,,213,United States,CrossFit Carrollton,27
1759790,Kwangsik Lee,M,1585,213 reps,,213,Korea (the Republic of),CrossFit Baro,38
2814011,Shaun Savage,M,1585,213 reps,,213,Australia,CrossFit Release,51
2490387,Dylan Drakes,M,1587,213 reps,,213,Australia,CrossFit Encircle,35
2939464,Paul Juby,M,1588,213 reps,,213,South Africa,CrossFit Onen,35
2117459,lee taehan,M,1589,213 reps,,213,Korea (the Republic of),CrossFit Up Down,37
262086,Luke Quirion,M,1590,213 reps,,213,United States,,37
992011,Patrick McGinnis,M,1590,213 reps,,213,United States,CrossFit Active Movement,42
1430256,Jared Cave,M,1590,213 reps,,213,United States,CrossFit Pine Creek,39
461815,Gustavo Paiva,M,1593,213 reps,,213,Venezuela (Bolivarian Republic of),CrossFit Immersion,48
931200,Ben Bienvenu,M,1594,213 reps,,213,France,CrossFit Saint Georges d'Orques,38
484253,Fergal O'Hanlon,M,1595,213 reps,,213,Ireland,CrossFit Green,35
1106281,Matt Went,M,1596,213 reps,,213,Australia,CrossFit Collingwood,29
1592251,Tokoa Marurai,M,1597,213 reps,,213,Australia,CrossFit 4740,42
2002097,Sean Boyd,M,1598,213 reps,,213,United Kingdom,CrossFit Astraea,36
2693882,alberto ravizza,M,1599,213 reps,,213,Italy,CNT CrossFit,49
2255431,Bonnat Valentin,M,1600,213 reps,,213,France,CrossFit Lyon,31
1178845,Jerome Delparte,M,201,273 reps,,273,France,,37
1181481,Quentin Pascaud,M,202,273 reps,,273,France,3.7 CrossFit II,30
2700797,Valentin Chevillot,M,202,273 reps,,273,France,Cesar CrossFit,29
2440282,Lee Ki bok,M,204,272 reps,,272,Korea (the Republic of),,36
1792217,Aleksei Zhivotov,M,204,272 reps,,272,Russian Federation,CrossFit Limassol,41
494805,James Jadacki,M,206,272 reps,,272,United States,CrossFit Speakeasy,39
1200726,Keehoon Chung,M,207,272 reps,,272,Korea (the Republic of),CrossFit Spring Camp,32
667951,Sebastien Guigue-Messet,M,208,272 reps,,272,France,CrossFit Brive Box Bison,39
1126810,Tom Morris,M,209,272 reps,,272,United Kingdom,CrossFit Wigan,34
2317118,Min Hyoung Lee,M,210,272 reps,,272,Korea (the Republic of),CrossFit TanTan,32
2410020,suseok park,M,211,272 reps,,272,Korea (the Republic of),CrossFit TOS,28
2383960,Jack Antill,M,212,272 reps,,272,Australia,CrossFit Athletic,27
2429840,Lokie Townrow,M,213,271 reps,,271,Australia,CrossFit 6714,27
1728431,James Sutherland,M,214,271 reps,,271,Australia,CrossFit Salt Strength,29
1954100,Diego Cao,M,215,271 reps,,271,Belgium,CrossFit The Crypt,43
920765,Mack Rice,M,216,271 reps,,271,United States,CrossFit Anywhere,32
8254,Matthew Pearson,M,217,271 reps,,271,United States,CrossFit Loco Ocho,52
1958741,Brandon Britain,M,218,271 reps,,271,United States,CrossFit KTX,41
718071,Gianluca Petrone,M,219,271 reps,,271,Italy,Great Wave CrossFit,37
2967064,Matthew Spence,M,220,271 reps,,271,United Kingdom,Strength Lab CrossFit,39
2486820,Jackson Waaka,M,220,271 reps,,271,Australia,CrossFit Currumbin,23
1129189,Vincent Arntjen,M,220,271 reps,,271,Belgium,,51
2655798,Paul Douglas,M,223,270 reps,,270,Ireland,CrossFit TBB,31
1305560,Tobias Adlam,M,224,270 reps,,270,New Zealand,CrossFit Chiang Mai,31
1740274,Shannon Randell,M,225,270 reps,,270,Australia,CrossFit Narellan,28
2838810,Taejun Yun,M,225,270 reps,,270,Korea (the Republic of),CrossFit Hoguk,26
2501894,Kim Jungyoun,M,227,270 reps,,270,Korea (the Republic of),CrossFit Gangnam,36
928361,KyeongHwan Kim,M,227,270 reps,,270,Korea (the Republic of),Around CrossFit Dongtan,33
1836505,Lee Hongseok,M,229,270 reps,,270,Korea (the Republic of),CrossFit Respect,28
2611256,Olivier Le Cocq,M,230,270 reps,,270,France,FWA CrossFit,29
903338,Matthew Flesser,M,231,269 reps,,269,Australia,Raw Iron CrossFit,42
861096,Nathan Gooch,M,232,269 reps,,269,Australia,CrossFit Narlie,43
1044016,Fredrik Sørensen,M,233,269 reps,,269,Norway,,43
1943034,Zac Pitt,M,233,269 reps,,269,Australia,CrossFit Shellharbour City,35
2155999,Jeremy Johnston,M,235,269 reps,,269,New Zealand,,43
940609,Blaise Marini,M,236,269 reps,,269,France,CrossFit Minimes,34
1632018,Alan Wheeler,M,236,269 reps,,269,Ireland,CrossFit Green,43
956631,Joseph Robins-Fancett,M,238,268 reps,,268,Australia,CrossFit TWA,34
2944995,Mathew Brady,M,239,268 reps,,268,Australia,CrossFit Gunnedah,32
2660520,Joshua Woolfe,M,240,268 reps,,268,Australia,CrossFit Narellan,35
880559,Richard Whitley,M,240,268 reps,,268,United Kingdom,CrossFit Dire Wolf,37
1283878,Matt Jones,M,242,268 reps,,268,United Kingdom,CrossFit Trowbridge,35
2450757,Will Smith,M,242,268 reps,,268,United Kingdom,CrossFit Lacemakers,29
116546,Justin Burdus,M,244,268 reps,,268,Australia,CrossFit Prolific,36
2631701,Callum Owen,M,244,268 reps,,268,New Zealand,Thirty one Ten CrossFit,23
2614089,jaejun Kim,M,246,268 reps,,268,Korea (the Republic of),,28
2227358,Dominick Boudreaux,M,247,268 reps,,268,United States,CrossFit Atakapa,24
461587,Massimiliano Berto,M,248,268 reps,,268,Italy,CrossFit BlindoSbarra,33
106315,Yeongbum Pyun,M,249,268 reps,,268,Korea (the Republic of),Poss CrossFit,37
2194756,Andrew Luxeder,M,250,268 reps,,268,United States,CrossFit Polaris,28
38219,John Cosstick,M,3099,172 reps,,172,Australia,CrossFit Braybrook,48
2919593,Itay Kaminitz,M,3099,172 reps,,172,Israel,CrossFit City of David,16
2825910,Topper Fabregas,M,3099,172 reps,,172,Philippines,CrossFit ETHOS,44
2820703,Hyukman Kwon,M,3099,172 reps,,172,Korea (the Republic of),The KILL CrossFit,37
2781638,Nicolas Mauborgne,M,3099,172 reps,,172,France,CrossFit Des Monts,31
2972184,KIM HYEONG HUN,M,3106,171 reps,,171,Korea (the Republic of),Jinju CrossFit,30
2943186,Jamie Thole,M,3107,171 reps,,171,United States,CrossFit Tailwinds,37
2644799,Iain Pattullo,M,3108,171 reps,,171,South Africa,CrossFit Standerton,51
2578407,chang liu,M,3109,171 reps,,171,China,CrossFit Sai Lei,30
2820781,Li Sung Wei,M,3110,171 reps,,171,Chinese Taipei,CrossFit UltiLife,39
2444234,Vincenzo Luordo,M,3111,171 reps,,171,Italy,CrossFit Efesto,35
2811685,Seung hun Lee,M,3112,171 reps,,171,Korea (the Republic of),CrossFit Eatforrest,28
2260919,Luis GOMEZ,M,3113,171 reps,,171,France,CrossFit Gratte-Ciel,37
1995251,Maxime Maghe,M,3114,171 reps,,171,Belgium,CrossFit Geelong,38
2394366,Dongyun Shin,M,3115,171 reps,,171,Korea (the Republic of),CrossFit GUTS,32
2952744,Tom Benning-Roberts,M,3116,171 reps,,171,United Kingdom,New Horizon CrossFit,26
2782721,Meelis Niglas,M,3116,171 reps,,171,Estonia,CrossFit Kuubik,47
2948596,KIM Jiyun,M,3118,171 reps,,171,Korea (the Republic of),CrossFit TBT,31
2906688,Vadim Polikarpo,M,3119,171 reps,,171,Russian Federation,CrossFit Udarnik,41
2625498,Julien Trollé,M,3120,171 reps,,171,France,CrossFit LXII,41
2459124,Thibaud Duc,M,3121,171 reps,,171,France,CrossFit Graoully,39
1877501,Stuart Field,M,3122,171 reps,,171,United Kingdom,CrossFit Devizes,46
950339,Hayden Strang,M,3123,171 reps,,171,Australia,CrossFit Burleigh,44
2811737,Terry Theunissen,M,3123,171 reps,,171,Netherlands,CrossFit Cuijk,44
21482,Peter Phillips,M,3125,171 reps,,171,Ireland,CrossFit Navitas,41
2940968,Grady Mik,M,3126,171 reps,,171,Australia,CrossFit Motion,25
2834221,Jochem Van Houtum,M,3127,171 reps,,171,Netherlands,CrossFit Uden,24
2399569,Francesco Lomurno,M,3128,171 reps,,171,Italy,CrossFit Trigoria,40
2652228,Peter Wall,M,3129,171 reps,,171,United Kingdom,CrossFit Talisman,48
2618948,RAFAEL MACEDO NABUCO FARO RAFAEL FARO,M,3130,171 reps,,171,Brazil,CrossFit Carcará,36
821710,Peter Willis,M,3131,171 reps,,171,Australia,CrossFit Hijacked,39
2253939,Finnbar Marshall,M,3132,171 reps,,171,Australia,CrossFit Unbound Athletic,27
489467,Harry Adamson,M,3133,171 reps,,171,Australia,CrossFit Barwon,33
2922872,Tuviya Levin,M,3134,171 reps,,171,Israel,CrossFit Via Maris,34
1982535,Shihai Wang,M,3135,171 reps,,171,China,CrossFit N Plus,37
376030,Adam Stevens,M,3135,171 reps,,171,United States,CrossFit MF Windham,47
2130385,Tyler Powell,M,3137,170 reps,,170,United States,,32
2845724,Ryan Dinesh,M,3138,170 reps,,170,Singapore,CrossFit Claremont,26
2430773,Richie Pye,M,3139,170 reps,,170,Australia,CrossFit Chemistry,44
875152,Casey Gillan,M,3140,170 reps,,170,United States,CrossFit Jolt,40
2616512,Anthony Lang,M,3141,170 reps,,170,United States,CrossFit Lakeland,37
2918960,Andrea Sibona,M,3142,170 reps,,170,Italy,CNT CrossFit,35
2839371,Tim Winnington,M,3143,170 reps,,170,Australia,CrossFit Soar,47
2849048,Frederic Enaux,M,3143,170 reps,,170,France,CrossFit Yggdrasil,48
2962849,Bence Horvath,M,3145,170 reps,,170,Hungary,Full CrossFit,40
2943125,Benjamin Hines,M,3145,170 reps,,170,Australia,CrossFit 4566,47
2004695,Bruno Sousa,M,3147,170 reps,,170,Portugal,Rust CrossFit,43
893192,Brad Knudsen,M,3148,170 reps,,170,Australia,CrossFit Brisbane,48
2276167,Matt Freeman,M,3148,170 reps,,170,United States,CrossFit Lodestar,38
936950,Alastair Adams,M,3150,170 reps,,170,South Africa,Northcliff CrossFit,47
2607144,Sergio Roura Chicano,M,1601,213 reps,,213,Spain,Tenax CrossFit,29
1625660,James Couldridge,M,1602,213 reps,,213,Ireland,CrossFit Green,33
726041,Patrick Conrad Valenzuela,M,1603,213 reps,,213,Philippines,Sentro Fortis CrossFit,32
2685179,Jack Linnell,M,1604,213 reps,,213,United Kingdom,Two Ton CrossFit,37
2924050,Justin Benoit,M,1605,213 reps,,213,France,MCR CrossFit,19
2803615,Wyatt Gold,M,1606,213 reps,,213,United States,Beer City CrossFit,37
347301,Victor Madrid,M,1607,213 reps,,213,Australia,CrossFit HBZ,44
2956837,James Shay,M,1608,213 reps,,213,Australia,TandEm CrossFit,49
2901240,Cameron O'Hara,M,1609,213 reps,,213,Australia,CrossFit Minerva,30
2937368,Aaron Atcheson,M,1609,213 reps,,213,United Kingdom,CrossFit Pioneer,35
2968782,Chase Vickery,M,1611,213 reps,,213,United States,CrossFit Prevail,33
2663566,Trysdan McEwan,M,1611,213 reps,,213,Australia,Inbound CrossFit,31
2950379,Jock Gartshore,M,1611,213 reps,,213,Australia,CrossFit 2400,32
2887361,Kuba Łach,M,1611,213 reps,,213,Poland,CrossFit Poznan,27
2933249,Reinhard Vuks,M,1611,213 reps,,213,Estonia,CrossFit Peetri,32
2797746,Owen Simpson,M,1611,213 reps,,213,United Kingdom,CrossFit Civitas,31
1740797,Andre Wendelmuth,M,1611,213 reps,,213,Germany,CrossFit Complete Motion,46
2802293,Weslee Klink,M,1611,213 reps,,213,United States,CrossFit KMC,17
2609248,Taeyang Sung,M,1611,213 reps,,213,Korea (the Republic of),CrossFit Moai,32
2657409,Pavel Kouba,M,1611,213 reps,,213,Czechia,CrossFit Hradec Kralove,38
2844427,Jarrod Moore,M,1621,212 reps,,212,United States,CrossFit Coal,47
1960400,Dan Lucas,M,1622,212 reps,,212,United Kingdom,I Am The Project CrossFit,40
2639680,Matthew Ries,M,1623,212 reps,,212,United States,CrossFit Rittenhouse,27
2809328,Lleyton Weddell,M,1624,212 reps,,212,United States,CrossFit Tiffin,22
2230447,Federico Herrero,M,1625,212 reps,,212,Costa Rica,CrossFit Elev8 Your Fitness,26
1556731,Judd Felsher,M,1625,212 reps,,212,Australia,CrossFit Chocolate Box,32
2683051,Akshay Akshay,M,1627,212 reps,,212,New Zealand,CrossFit Wanaka,32
1765879,Luis Augusto Teixeira Silva,M,1628,212 reps,,212,Brazil,,39
1250953,Kyle Murray,M,1629,212 reps,,212,United States,CrossFit Conway,39
1201181,Rafael caldas,M,1630,212 reps,,212,Brazil,,50
2623662,Russell Kerr,M,1631,212 reps,,212,Australia,CrossFit Caloundra,40
2800649,Jacob Coan,M,1632,212 reps,,212,United States,CrossFit Undaunted,36
1781683,Jake Bartholomaeus,M,1633,212 reps,,212,Australia,Cornerstone CrossFit,35
2811262,Soonbin Jang,M,1634,212 reps,,212,Korea (the Republic of),CrossFit Fit Force,32
2837829,Timilehin Bashorun,M,1635,212 reps,,212,United States,CrossFit Eagle Alley,43
1872523,Glen Francis,M,1636,212 reps,,212,Australia,CrossFit Geelong,41
1580415,Adam Edmistone,M,1637,212 reps,,212,Australia,CrossFit Tannum Sands,34
2782316,chae hong min,M,1638,212 reps,,212,Korea (the Republic of),CrossFit TBT,41
2718265,HEESEOK JEONG,M,1639,212 reps,,212,Korea (the Republic of),CrossFit Baekho,30
1545559,Melchior Leon,M,1640,212 reps,,212,France,Antropos CrossFit Pierre-Bénite,30
1505719,Leigh Cotter,M,1640,212 reps,,212,Australia,CrossFit Southend,44
2956944,家駒 彭,M,1642,212 reps,,212,China,Team Secret CrossFit,18
1545946,Hugo Santos,M,1642,212 reps,,212,Portugal,Off Limits CrossFit Rato,35
1351372,Jesse Columbo,M,1644,212 reps,,212,United States,Upper Valley CrossFit,41
1874317,Jeoffrey Cardot,M,1645,212 reps,,212,France,CrossFit Narbonne,45
465463,Graham Cox,M,1646,212 reps,,212,Australia,CrossFit Access,46
877223,Cody Chaffee,M,1647,212 reps,,212,United States,8th Day CrossFit,33
1128068,Tim Pearce,M,1648,212 reps,,212,Australia,CrossFit Huski,43
193005,Brian McWethy,M,1648,212 reps,,212,United States,RCF CrossFit,40
2827332,Romain COULON,M,1648,212 reps,,212,France,CrossFit 2F,34
2591376,Dongwoo Cho,M,3150,170 reps,,170,Korea (the Republic of),CrossFit GJ,38
2951427,Joshua Mcdonald,M,3152,170 reps,,170,Australia,Inbound CrossFit,35
1235313,Lukas Nystrom,M,3153,170 reps,,170,United States,Chagrin Falls CrossFit,45
1877761,Kyle Robichaud,M,3154,170 reps,,170,United States,CrossFit Mount Pleasant,43
2893592,Massimo Celiento,M,3155,170 reps,,170,Italy,CrossFit Iris,36
2057269,Craig Dixon,M,3156,170 reps,,170,United Kingdom,CrossFit Fixus,42
2828945,Bob Snodgrass,M,3157,170 reps,,170,United Kingdom,CrossFit Haddington,51
2274907,Preston Green,M,3158,170 reps,,170,United States,CrossFit Paragon,31
1584663,Quentin Morin,M,3159,170 reps,,170,France,CrossFit Heliades,36
77681,Scott Cameron,M,3160,170 reps,,170,Australia,Grit Performance CrossFit,49
2672730,Frazer Wood,M,3161,170 reps,,170,United Kingdom,CrossFit Colchester,32
2753283,Kirill Kazovskiy,M,3161,170 reps,,170,Israel,CrossFit Eilat,36
2790665,Michael Pompella,M,3161,170 reps,,170,United States,Free Will CrossFit,43
2920051,Jordan Keene,M,3164,169 reps,,169,United Kingdom,CrossFit North Carlton,31
2913565,jason pak,M,3165,169 reps,,169,United States,Cox CrossFit,33
2398830,Jerome Lucchiari,M,3166,169 reps,,169,France,CrossFit CSLG Melun,48
1794996,Chang Hyun Lee,M,3167,169 reps,,169,Korea (the Republic of),,51
2798920,Noah Hayes,M,3168,169 reps,,169,Australia,CrossFit Tempered Ormeau,25
2928742,William Cambourn,M,3169,169 reps,,169,Australia,CrossFit Reclaim,25
2596446,James Faulds,M,3170,169 reps,,169,United Kingdom,T 800 CrossFit,48
2972164,Luan Herbst,M,3171,169 reps,,169,South Africa,CrossFit PFC,22
2928268,Steven Watt,M,3172,169 reps,,169,United Kingdom,CrossFit Astraea,37
1927096,Fabien Didier,M,3172,169 reps,,169,France,CrossFit Jagun,42
2830209,Pietro Piccoli,M,3174,169 reps,,169,Italy,CrossFit Team 059,25
2659100,Mathias Peilstöcker,M,3175,169 reps,,169,Germany,Riginal CrossFit Nürnberg,31
2824430,Jake Barto,M,3176,169 reps,,169,Australia,CrossFit Diamond Valley,26
473662,Michael Lessmeier,M,3177,169 reps,,169,United States,CrossFit Lehigh Valley,43
2921963,benoit simon,M,3178,169 reps,,169,France,CrossFit Rives,38
1271538,Daniel Halsall,M,3179,169 reps,,169,Australia,PBTL CrossFit,54
2972277,DEOGKYO JUNG,M,3180,169 reps,,169,Korea (the Republic of),CrossFit DAEGA,37
2801633,Toby MacDonald,M,3180,169 reps,,169,United States,CrossFit Megalodon,47
2817751,Jaewon Jang,M,3182,169 reps,,169,Korea (the Republic of),CrossFit SP,37
2490830,jung ha won,M,3183,169 reps,,169,Korea (the Republic of),CrossFit FLEEK,33
2969577,Nekoma Cilione,M,3184,169 reps,,169,United States,CrossFit Mayhem,46
2914213,Daniel Moriya,M,3185,169 reps,,169,Japan,CrossFit Roppongi,26
304985,Matthew Cahoon,M,3186,169 reps,,169,Australia,CrossFit Mango Lemon,54
2919900,Julien BURILLARD,M,3186,169 reps,,169,France,CrossFit Vesoul,51
2840051,Antoine LOCTIN,M,3188,169 reps,,169,France,CrossFit Vinkere,40
2922714,Matt Wilson,M,3189,169 reps,,169,United States,NXT Level CrossFit,43
2825597,Jurijs Sinakovs,M,3190,169 reps,,169,United Kingdom,CrossFit Milton Keynes,42
2930697,Tom Eccles,M,3191,169 reps,,169,Australia,CrossFit Warrnambool,31
1674976,Jeremy Northover,M,3192,169 reps,,169,Australia,CrossFit Warragul,54
1154940,Alex Buck,M,3193,169 reps,,169,United Kingdom,CrossFit Fareham,46
2406561,Antônio Souza,M,3194,169 reps,,169,Brazil,CrossFit Mahi,38
1000855,Ryan Dissell,M,3195,169 reps,,169,United Kingdom,CrossFit Bath,50
2788292,David Kennedy,M,3196,169 reps,,169,Ireland,CrossFit Margaret River,46
2056487,Fernando Peres,M,3196,169 reps,,169,Australia,CrossFit 168 II,48
2953241,형식 원,M,3198,169 reps,,169,Korea (the Republic of),CrossFit Fit Force,26
2960349,Callan Arden,M,3198,169 reps,,169,Australia,HomeFront CrossFit,22
2624116,Guillaume AUBERT,M,3198,169 reps,,169,France,CrossFit Chartres,46
1995652,James Ransome,M,1648,212 reps,,212,United Kingdom,,28
2822410,Don Jayasinghe,M,1648,212 reps,,212,Sri Lanka,CrossFit TRG,33
2837845,Gregoire Berland,M,1648,212 reps,,212,France,CrossFit MADEC Saint Priest,33
2868821,Matthew Davey,M,1648,212 reps,,212,Australia,,40
2331455,Lachlan Self,M,1648,212 reps,,212,Australia,CrossFit Bil Athletic,26
451468,Passemard Sylvain,M,1648,212 reps,,212,France,CrossFit Dijon,53
2915579,Benjamin Galatioto,M,1657,211 reps,,211,France,CrossFit Vichy,34
2910355,Gary Storrie,M,1658,211 reps,,211,United Kingdom,CrossFit Astraea,32
2810446,Ha Keunyoung,M,1659,211 reps,,211,Korea (the Republic of),CrossFit Cheongna,34
2805408,Esen Dalbaev,M,1659,211 reps,,211,Russian Federation,CrossFit Udarnik,37
2515356,Rong He,M,1661,211 reps,,211,China,Stud CrossFit,34
2591640,Ho Tang,M,1662,211 reps,,211,Chinese Taipei,CrossFit UltiLife,33
1774797,Andrew Smiley,M,1663,211 reps,,211,United States,M4G CrossFit,45
2857570,Guillaume Michaud,M,1664,211 reps,,211,France,CrossFit Sarlat la Caneda,34
2654143,cameron dolan,M,1665,211 reps,,211,Australia,Injustice CrossFit,37
2700183,Fergus Deacon,M,1666,211 reps,,211,Zimbabwe,Inner City CrossFit,25
1090133,Landry Patii,M,1667,211 reps,,211,Australia,CrossFit Warrnambool,39
2283414,Simon Coates,M,1668,211 reps,,211,Australia,CrossFit Woolgoolga,44
1676148,Corentin Galibert,M,1669,211 reps,,211,France,CrossFit GaliléÔ,36
2601497,Vial Anthony,M,1669,211 reps,,211,France,Makitha CrossFit,39
2825740,wonjung kim,M,1671,211 reps,,211,Korea (the Republic of),Spirit To Body CrossFit,31
2824931,Chae wan Hwang,M,1672,211 reps,,211,Korea (the Republic of),CrossFit Team H,27
1814771,Steven Bracci,M,1673,211 reps,,211,Italy,CrossFit Modena,45
1769681,Michael Baumgartner,M,1674,211 reps,,211,Austria,CrossFit Area 23,38
743791,Jake Adams,M,1675,211 reps,,211,United States,Upper Valley CrossFit,40
962876,Connor Harris,M,1675,211 reps,,211,United States,CrossFit ISO,34
2708212,Sun Peng Kai,M,1677,211 reps,,211,Chinese Taipei,CrossFit Six-Forty,28
2916610,Kodie Dodson-Herron,M,1678,211 reps,,211,Australia,CrossFit Starr Strength,24
300879,Michael Forbes,M,1679,211 reps,,211,Australia,CrossFit Geo,54
2956403,Joe Jiang,M,1680,211 reps,,211,China,CrossFit Roppongi,34
2669498,Reegan Spencer,M,1681,211 reps,,211,United Kingdom,CrossFit Temple,26
2347476,Chris Welch,M,1682,211 reps,,211,United Kingdom,CrossFit Leeds,38
2970494,Leigh Clark,M,1683,211 reps,,211,Australia,Concept CrossFit,38
910089,Dylan Brendle,M,1684,211 reps,,211,United States,CrossFit 11th Parallel,32
64434,Philip Sherriff,M,1684,211 reps,,211,Australia,Kinetic Performance CrossFit,43
2747998,Xiao Hu,M,1686,211 reps,,211,China,CrossFit Moo 2,31
2807105,Tomas Galdames,M,1687,211 reps,,211,Chile,CrossFit Da Vinci,38
2849230,Yang Du,M,1688,211 reps,,211,China,CrossFit 1987 Shijingshan,34
2556210,Evan Calvert,M,1689,211 reps,,211,United Kingdom,CrossFit Moira,23
2686688,Michael Ware,M,1690,211 reps,,211,United States,CrossFit Takeover,35
2712579,Jamison Barnhill,M,1691,211 reps,,211,United States,CrossFit DGA,33
1208555,Demetrio Rotondo,M,1691,211 reps,,211,Italy,CrossFit Udine,35
2805834,Bradley Cottrell,M,1693,211 reps,,211,Australia,CrossFit Narellan,36
2616828,Zach Oneil,M,1694,211 reps,,211,United States,CrossFit 617,29
2953907,Adrien Minjoulat-rey,M,1694,211 reps,,211,France,CrossFit Louvre,30
1779367,Dave Powell,M,1694,211 reps,,211,United Kingdom,CrossFit Epsom,45
2590781,Theo Defay,M,1694,211 reps,,211,France,CrossFit Chinon,25
2910212,Michael Syvertsen,M,1694,211 reps,,211,United States,Down South CrossFit,43
1201536,Oliver Ashby,M,1694,211 reps,,211,United Kingdom,CrossFit Earlsfield,41
2807693,Craig Middlemiss,M,1694,211 reps,,211,United Kingdom,CrossFit Tweedbank,39
1574836,Chester Mull,M,1801,209 reps,,209,United States,Great Oaks CrossFit,43
2945492,Asier Aurrekoetxea Etxebarria,M,1802,209 reps,,209,Spain,CrossFit Urquijo,41
2919611,Alex Jacobs,M,1802,209 reps,,209,United Kingdom,CrossFit SWTBX Yard,32
2905257,Rob Everett,M,1802,209 reps,,209,New Zealand,CrossFit Porirua,48
2833089,James Paul,M,1805,208 reps,,208,United Kingdom,CrossFit Club Bunker,26
2743602,Andrew Kalinin,M,1806,208 reps,,208,Australia,CrossFit EXF,29
1758301,Sylwester Nowak,M,1807,208 reps,,208,Poland,Marlborough CrossFit,44
2833092,Tze-Hao Cheng,M,1808,208 reps,,208,Chinese Taipei,WP ZouHui CrossFit,35
1993714,Samir Chouaaib,M,1809,208 reps,,208,France,CrossFit Akson,46
649280,William Davies,M,1810,208 reps,,208,United Kingdom,CrossFit Torian,35
2189135,Joon Gyu Jo,M,1811,208 reps,,208,Korea (the Republic of),CrossFit GOAT,34
2622698,park hyunjin,M,1811,208 reps,,208,Korea (the Republic of),CrossFit ZoongSym,33
2631418,Jérôme MILAN,M,1813,208 reps,,208,France,CrossFit LXII,45
1704729,Jonathan Perrichon,M,1814,208 reps,,208,France,L'Arene CrossFit Fontenay Sous Bois,45
1480358,Motoki Imose,M,1815,208 reps,,208,Japan,CrossFit Kumamoto,39
126672,Kyungtaek Kang,M,1816,208 reps,,208,Korea (the Republic of),CrossFit HIM,51
2462388,Peter Beirne,M,1817,208 reps,,208,Ireland,,36
644002,Darryn Rabec,M,1818,208 reps,,208,Australia,CrossFit North Head,34
384937,Ivan Aguilar,M,1818,208 reps,,208,Spain,CrossFit Calima,52
2792893,kosuke inami,M,1818,208 reps,,208,Japan,CrossFit 168,40
2790436,Tom Roberts,M,1818,208 reps,,208,United Kingdom,CrossFit Northumbria,27
2907172,Trey Weidle,M,1822,207 reps,,207,Australia,CrossFit Narellan,28
1798969,Pierre Loreti,M,1823,207 reps,,207,France,CrossFit Grimaud,47
2812528,GYEONGHWAN KIM,M,1824,207 reps,,207,Korea (the Republic of),CrossFit Gangnam,29
2960555,Wonguk Kim,M,1825,207 reps,,207,Korea (the Republic of),CrossFit JiCo,32
1857473,Gabriel Vatavu,M,1825,207 reps,,207,Australia,CrossFit EXF,49
2778251,Noahh Lambert,M,1827,207 reps,,207,France,Vienne CrossFit,20
2307237,Manuel Hurlebaus,M,1828,207 reps,,207,Switzerland,CrossFit Biel-Bienne,45
2930956,Sonny Chaney,M,1829,207 reps,,207,United Kingdom,CrossFit Dire Wolf,31
2660065,NICOLAS TODOROVIC,M,1830,207 reps,,207,France,CrossFit HEKA Part-Dieu,31
1498288,Angel Cancino,M,1831,207 reps,,207,Mexico,CrossFit Vultur,32
1691322,Aaron Smith,M,1832,207 reps,,207,Australia,CrossFit Noosa,43
242237,Marcel Mandagaran,M,1833,207 reps,,207,United States,,42
2908365,Thiago Klitzke,M,1834,207 reps,,207,Brazil,CrossFit São Roque,44
1666346,Paulus Sigalingging,M,1834,207 reps,,207,Netherlands,CrossFit Alioth,37
2231536,Frank Matura,M,1834,207 reps,,207,Germany,Riginal CrossFit Nürnberg,49
1863668,Patrick Jagschitz,M,1834,207 reps,,207,Austria,CrossFit Eisenstadt,38
2794583,Christian Rivera,M,1838,206 reps,,206,Puerto Rico,Jibaros CrossFit,33
2972334,MINGUK KIM,M,1839,206 reps,,206,Korea (the Republic of),CrossFit Dongtan Base,26
2934717,Hugh Lyell,M,1840,206 reps,,206,Australia,CrossFit SCBC,17
1607378,Josh Pitts,M,1841,206 reps,,206,Australia,CrossFit Cranbourne,42
2910723,Jed guthrie,M,1842,206 reps,,206,Australia,CrossFit Moose Fitness,38
2534942,Alexandre Brausch,M,1843,206 reps,,206,Luxembourg,CrossFit Valens,34
2757794,William Gale,M,1844,206 reps,,206,United Kingdom,CrossFit Glasgow,20
2233826,Jeremy Chevreuil,M,1845,206 reps,,206,France,CrossFit Chinon,34
1980493,Mickael Chaubard,M,1846,206 reps,,206,France,CrossFit St Go,37
2441607,Sam Barnes,M,1847,206 reps,,206,Australia,CrossFit Geelong,40
1666556,Asher Trounce,M,1848,206 reps,,206,Australia,CrossFit SFS,43
2006712,Michael Stone,M,1849,206 reps,,206,United States,,35
2968517,Trond Dahlstrøm,M,1850,206 reps,,206,Norway,CrossFit Ask,38
2189501,Neal Edmondson,M,301,261 reps,,261,United Kingdom,CrossFit Pontefract,40
1040552,Tyler Juneau,M,302,261 reps,,261,United States,Geaux CrossFit,39
2390392,Alex Gelsi,M,303,261 reps,,261,Australia,,30
2463279,Steffan Evans,M,303,261 reps,,261,United Kingdom,Fitness Alley CrossFit,32
2948586,JunYoung Hong,M,305,260 reps,,260,Korea (the Republic of),,23
2270199,Anthony Baud,M,306,260 reps,,260,France,CrossFit 2 Frères,33
2094338,Damon Hurst,M,307,260 reps,,260,Australia,CrossFit Reclaim,23
1578210,Ben Sondgeroth,M,307,260 reps,,260,United States,CrossFit Rapture,41
1610842,Jonathan Jerozal,M,309,260 reps,,260,United States,CrossFit Beach Box,31
701445,Alan Zedaker,M,309,260 reps,,260,United States,,41
2526361,Rhys Gorman,M,311,260 reps,,260,Australia,CrossFit Tempered Ormeau,33
684048,Glen Busbridge,M,312,260 reps,,260,New Zealand,,48
2483136,Drewe Higgins,M,313,260 reps,,260,United Kingdom,CrossFit Bil Athletic,33
2688769,Kane Little,M,314,260 reps,,260,Australia,,35
2651813,David Mcatamney,M,314,260 reps,,260,Ireland,CrossFit Coogee 2034,29
1980388,Itay Golan,M,314,260 reps,,260,Israel,CrossFit Namal,28
1929905,Michelier Logan,M,317,259 reps,,259,France,CrossFit Castèu,21
2720398,Maxime Leroux,M,318,259 reps,,259,France,Crossfit Oyonnax L'olympe,30
1905220,James Stead,M,319,259 reps,,259,United Kingdom,CrossFit Tyneside,19
2923305,Sacha Colinmaire,M,320,259 reps,,259,France,CrossFit RedBrick,24
1935915,Kyeongho Jin,M,321,259 reps,,259,Korea (the Republic of),CrossFit Sasang,43
2166329,Gavin Baust,M,322,259 reps,,259,Australia,CrossFit Lactic,38
1898983,Alex Da Costa,M,323,259 reps,,259,France,CrossFit Nakama,28
2205563,Or Sharvit,M,324,259 reps,,259,Israel,CrossFit Rishon City,30
2412409,Stanislas LASNIER,M,324,259 reps,,259,France,Berus CrossFit,36
1606350,Tyler Anderson,M,326,259 reps,,259,United States,Southlake Dragon CrossFit,32
1205453,Rob Smith,M,327,259 reps,,259,United Kingdom,Six Hills CrossFit,38
452792,Alex Salthouse,M,328,259 reps,,259,United Kingdom,CrossFit APC,32
1046262,Hyun Wook Kim,M,328,259 reps,,259,Korea (the Republic of),CrossFit Shooting Star,35
1612050,Brade Stephenson,M,330,259 reps,,259,Australia,CrossFit Ipswich,39
1997003,Michael Peters,M,331,259 reps,,259,New Zealand,EPT CrossFit,37
2968883,Domenico Digennaro,M,332,259 reps,,259,Italy,Penta CrossFit,26
2945955,Gerhard Fourie,M,332,259 reps,,259,Australia,,35
2016090,Andrew Fuller,M,332,259 reps,,259,Australia,CrossFit Chocolate Box,41
930025,Joshua Halligan,M,335,258 reps,,258,United States,CrossFit Solid Orange,38
2335763,Mitch Burt,M,336,258 reps,,258,Australia,,32
1814171,Donghyun Yoon,M,337,258 reps,,258,Korea (the Republic of),CrossFit Maka,31
2851176,Jackson Neels,M,337,258 reps,,258,New Zealand,CrossFit Da Vinci,27
680153,Tim Mecking,M,339,258 reps,,258,Netherlands,CrossFit Arnhem,38
1314142,Alex McLauchlan,M,340,258 reps,,258,Australia,CrossFit Huski,27
2595019,Jordan Tukapua,M,341,258 reps,,258,New Zealand,CrossFit 43,33
2478462,Tom Forson,M,342,258 reps,,258,Ireland,CrossFit TBB,29
1396296,Will Tumlin,M,343,258 reps,,258,United States,CrossFit Hendersonville,36
1378484,Declan Campbell,M,343,258 reps,,258,Australia,CrossFit 4720,23
1181452,Simon Martin,M,345,258 reps,,258,United Kingdom,,45
2603679,MYEONGJOON BAEK,M,345,258 reps,,258,Korea (the Republic of),,33
1879589,Paul Stafford,M,347,258 reps,,258,United Kingdom,CrossFit Wigan,46
2934647,Kim donghwan,M,348,258 reps,,258,Korea (the Republic of),CrossFit 0,22
1291436,William Cooper,M,349,258 reps,,258,Australia,Wolfe Den CrossFit,30
1060721,Tim Sweany,M,350,258 reps,,258,United States,Becoming CrossFit,49
2404108,Matthew Cooper,M,3348,164 reps,,164,Australia,CrossFit 4165,35
2916655,Pietro Luciano,M,3352,164 reps,,164,Italy,CNT CrossFit,28
2088398,Seongmin Joo,M,3353,164 reps,,164,Korea (the Republic of),CrossFit Fairy,38
2950034,Ben Downie,M,3354,164 reps,,164,United States,Mammoth CrossFit,46
2929619,Steven Pearce,M,3355,164 reps,,164,Australia,CrossFit Braybrook,46
2908695,Rex Howe,M,3355,164 reps,,164,United States,NXT Level CrossFit,44
2783211,Louis Laurent,M,3357,164 reps,,164,France,CrossFit Metz Centre,20
2623458,Austyn Rodriguez,M,3358,164 reps,,164,United States,CrossFit 301 Elite,29
2683835,Mats Nilsson,M,3359,164 reps,,164,Sweden,F4L CrossFit SoFo,47
2944478,Malone Carr,M,3359,164 reps,,164,New Zealand,CrossFit Kia Maia,26
2840882,PIOTROT Christophe,M,3359,164 reps,,164,France,CrossFit Opportunity,48
1845787,Taylor Pinnick,M,3359,164 reps,,164,United States,CrossFit Public Enemy,34
2951567,Lucas Scucato,M,3363,163 reps,,163,Brazil,i9 CrossFit,34
2787066,JISU HAN,M,3364,163 reps,,163,Korea (the Republic of),CrossFit GUTS,34
2787695,Dylan Kapp,M,3365,163 reps,,163,South Africa,CrossFit Alberton 2.0,32
845395,Danniel Pozza,M,3366,163 reps,,163,Brazil,Steel Soldiers CrossFit,46
2832912,Matthew Lee,M,3367,163 reps,,163,Australia,CrossFit Audax,41
2817613,Joshua Bower,M,3368,163 reps,,163,United Kingdom,CrossFit Active,34
1851568,James Ference,M,3369,163 reps,,163,United States,Always Forward CrossFit,41
2822499,Rob Etzler,M,3370,163 reps,,163,United States,Shogun CrossFit,39
2637927,Jordan Cappellin,M,3371,163 reps,,163,Australia,CrossFit Shellharbour City,33
2399729,GARETH ROBINSON,M,3371,163 reps,,163,United Kingdom,CrossFit Humber,53
2465529,JONGHO SHIN,M,3373,163 reps,,163,Korea (the Republic of),CrossFit PALPAL,30
2799283,James Ison-Stierer,M,3374,163 reps,,163,United Kingdom,CrossFit Chiltern,44
375909,Martin Peters,M,3375,163 reps,,163,United States,Ashe CrossFit,46
1208394,Michael Boothroyd,M,3376,163 reps,,163,United States,Columbia CrossFit,49
2629605,Justin Henderson,M,3376,163 reps,,163,United States,CrossFit Winnersville,44
2592734,John Grenfell,M,3378,163 reps,,163,United Kingdom,CrossFit Trowbridge,46
2918191,Henry Wilde,M,3379,163 reps,,163,United Kingdom,CrossFit Witham,28
519714,Carlos Dones,M,3380,163 reps,,163,United States,CrossFit Indestructible,54
1257894,Brendan Docherty,M,3381,163 reps,,163,Ireland,CrossFit Green,48
2353060,Paul Wallace,M,3382,163 reps,,163,Australia,CrossFit Roar,37
2799802,Gary Rudni,M,3383,163 reps,,163,Israel,CrossFit Beit Hillel,54
2828628,Edmond Ma,M,3384,163 reps,,163,Australia,CrossFit Geo,29
2876635,Ioannis Koskinas,M,3384,163 reps,,163,Brazil,,34
2833918,Justin Nunley,M,3384,163 reps,,163,United States,CrossFit SHF,44
2941798,Sam Lewis,M,3384,163 reps,,163,Australia,BTS CrossFit,39
2506445,Kousuke Ariga,M,3388,162 reps,,162,Japan,CrossFit Setagaya,32
2966079,jaedong jin,M,3389,162 reps,,162,Korea (the Republic of),CrossFit FLEEK,30
2439154,Paul Naude,M,3390,162 reps,,162,New Zealand,CrossFit 0435,49
2912624,Iain Cooper,M,3391,162 reps,,162,United Kingdom,CrossFit Derry,40
2697200,Charlie Winchester,M,3392,162 reps,,162,United Kingdom,CrossFit IOW,33
1669709,Michael Sprague,M,3393,162 reps,,162,Australia,CrossFit Hijacked,47
2010773,Chuang-Yi Chiu,M,3394,162 reps,,162,Chinese Taipei,WP ZouHui CrossFit,40
96200,Matthew Vallelonga,M,3395,162 reps,,162,Australia,CrossFit Union Ellenbrook,39
2460271,Luke Wheeldon,M,3396,162 reps,,162,Australia,MSF CrossFit,38
1598383,Mathew Abraham,M,3397,162 reps,,162,United States,CrossFit Vice,50
1260418,David Davies,M,3397,162 reps,,162,United Kingdom,Ore CrossFit,53
130337,Kevin O'Shea,M,3399,162 reps,,162,United States,Everproven CrossFit,52
2904789,Gustavo Rodrigues da Rosa,M,3400,162 reps,,162,Brazil,Techbox CrossFit,38
2674687,JEONG soonyoung,M,1851,206 reps,,206,Korea (the Republic of),CrossFit Sechan HM,44
860136,Nicholas Haines,M,1852,206 reps,,206,United States,Blue Crab CrossFit,40
1541728,Karl Wade,M,1853,206 reps,,206,United Kingdom,NWK CrossFit,41
2885403,Daniel Hickey,M,1854,206 reps,,206,United Kingdom,CrossFit Kelham,39
2665015,Eli Pereira,M,1854,206 reps,,206,Venezuela (Bolivarian Republic of),CrossFit Immersion,37
2933753,Jeffrey de Wit,M,1854,206 reps,,206,Netherlands,CrossFit Oss,26
1581440,Mike Wood,M,1857,205 reps,,205,United Kingdom,CrossFit Jacana,49
2175860,Benoit Katidjo,M,1858,205 reps,,205,France,Coconut CrossFit,38
2825525,Jacques Mac Mahon,M,1858,205 reps,,205,South Africa,CrossFit Valley Road,39
656408,Joamir Terrero,M,1860,205 reps,,205,Dominican Republic,,46
1629758,Troy Kekewick,M,1861,205 reps,,205,Australia,CrossFit CQ,46
2175988,Adam Roberts,M,1861,205 reps,,205,Australia,CrossFit Dubbo,35
2205423,Ronaldo Freire,M,1863,205 reps,,205,Brazil,4T CrossFit,40
2393422,Frederic Durand,M,1864,205 reps,,205,France,CrossFit Frankton,44
2965300,Masato Ono,M,1865,205 reps,,205,Japan,CrossFit Roppongi,29
2961046,Florian Rihouet,M,1865,205 reps,,205,France,CrossFit CSLG Melun,39
2418953,Tom Kingston,M,1867,205 reps,,205,United Kingdom,CrossFit Geelong,47
2801015,Tom Philpot,M,1868,205 reps,,205,Australia,Freezing Hot CrossFit,34
2843754,Alex Leadbeater,M,1868,205 reps,,205,United Kingdom,CrossFit Bath,36
2066935,Brandon Metzger,M,1870,205 reps,,205,United States,CrossFit Vokse,34
2562759,Matthew Cavill,M,1871,205 reps,,205,United Kingdom,CrossFit Pioneer,42
149968,Nick Fordice,M,1872,205 reps,,205,United States,MidState CrossFit,41
2634286,Jonathan Herbulot,M,1873,205 reps,,205,France,CrossFit Montauroux,31
2211995,Michael Murdoch,M,1874,205 reps,,205,Australia,CrossFit Prolific,40
2639176,Kevin Brennan,M,1875,205 reps,,205,Ireland,,42
2294293,Okan Yaman,M,1876,205 reps,,205,Netherlands,CrossFit Hengelo,32
287466,Sangwon Oh,M,1877,205 reps,,205,Korea (the Republic of),CrossFit FTTD,34
2702990,Jack Tierney,M,1877,205 reps,,205,United States,CrossFit PFT,29
2460098,HIDEAKI ISHII,M,1877,205 reps,,205,Japan,CrossFit Alcedo,34
2623416,Jeremy Lemonnier,M,1877,205 reps,,205,France,CrossFit Happiness,36
2667230,Miguel Ferreira,M,1877,205 reps,,205,Portugal,Warriors Base CrossFit,32
2195480,Andrew O Riordan,M,1877,205 reps,,205,Ireland,CrossFit Bondi,28
2784339,Gustaf Henriksson,M,1877,205 reps,,205,Sweden,CrossFit Kexfabriken,36
2205546,Zach Bastien,M,1884,204 reps,,204,Canada,CrossFit Mooloolaba,27
2199022,Wooyoung Kwon,M,1885,204 reps,,204,Korea (the Republic of),CrossFit Choongjun,30
512051,Howard Su,M,1886,204 reps,,204,Chinese Taipei,L7 CrossFit Ba Ke Si,31
2593566,Dan Lukazsewski,M,1886,204 reps,,204,Australia,HCF CrossFit,38
2134532,Liam Taylor,M,1888,204 reps,,204,United Kingdom,Aeternum CrossFit,33
2392664,Clancy Wallace-Gravett,M,1888,204 reps,,204,Australia,CrossFit 505,31
2824565,Keonhyeuk Ahn,M,1890,204 reps,,204,Korea (the Republic of),CrossFit RNL,28
2502359,Marcelo Vicentim,M,1891,204 reps,,204,Brazil,CrossFit Four Heads,43
1837207,Seong Beom Park,M,1892,204 reps,,204,Korea (the Republic of),CrossFit Gangnam,35
2932859,LEE BIN,M,1893,204 reps,,204,Korea (the Republic of),CrossFit KingGom,28
2010411,Bret Knickerbocker,M,1893,204 reps,,204,United States,Bombers CrossFit,35
2658953,Peter Burchmore,M,1895,204 reps,,204,Australia,CrossFit Huey,51
2828152,DAEGYU IM,M,1896,204 reps,,204,Korea (the Republic of),CrossFit Maka,33
2121040,David Wyatt,M,1896,204 reps,,204,Australia,CrossFit Hallam,39
2830568,Michele Pagliara,M,1898,204 reps,,204,Italy,CrossFit Iron Kings,35
282378,Hank Ford,M,1899,204 reps,,204,United States,CrossFit Sevenoaks,35
1570499,Dominic Hull,M,1900,204 reps,,204,United Kingdom,CrossFit Aylesbury,51
2274984,Leonard Craft,M,3401,162 reps,,162,Australia,CrossFit Muswellbrook,31
2591973,Marc Augaitis,M,3402,162 reps,,162,United Kingdom,CrossFit Astraea,35
365108,Rob Knight,M,3403,162 reps,,162,United Kingdom,CrossFit Dire Wolf,46
2937553,Brice Folleas,M,3404,162 reps,,162,France,CrossFit Roppongi,26
696118,Luigi Sestari,M,3405,162 reps,,162,Brazil,KAZA CrossFit,37
2506631,Hugh Kennedy,M,3406,162 reps,,162,United States,CrossFit One Valley,39
2220569,Lawrence Eisenman,M,3406,162 reps,,162,United States,CrossFit Warrior Legion,48
2972103,Shlomi Amar,M,3408,162 reps,,162,Israel,YV CrossFit Afula,48
1206382,Luija Funes,M,3408,162 reps,,162,El Salvador,RD CrossFit,44
2258871,Julien Vermel,M,3408,162 reps,,162,France,Ponts-Jumeaux CrossFit,40
2965862,Elad Ofek,M,3408,162 reps,,162,Israel,YV CrossFit Afula,35
1582561,James Mathews,M,3408,162 reps,,162,Australia,CrossFit Noosa,48
2925960,Jordan Hamilton,M,3408,162 reps,,162,United Kingdom,RSLT CrossFit,32
2923701,Jordan Harris,M,3408,162 reps,,162,Australia,CrossFit Wollongong,42
2813237,Michelangelo De Ponte Conti,M,3415,161 reps,,161,Italy,CrossFit Efesto,39
1608847,Roman Šebo,M,3416,161 reps,,161,Slovakia,CrossFit Proton,43
1594466,Richard Gorini,M,3417,161 reps,,161,United States,CrossFit Kingstowne,49
2965947,JONGMYONG EUN,M,3418,161 reps,,161,Korea (the Republic of),CrossFit TBT,35
2786809,Grant Kirby,M,3418,161 reps,,161,United States,Ironclad CrossFit,21
2961201,Ghislain Fievet,M,3420,161 reps,,161,France,2 Rives CrossFit,42
1779015,Kyle Murdoch,M,3421,161 reps,,161,United Kingdom,CrossFit Glasgow,35
2970180,Dylan Ekblad,M,3422,161 reps,,161,United States,CrossFit Vokse,17
2175901,John Hirst,M,3422,161 reps,,161,United Kingdom,CrossFit Whitchurch,50
2868826,Scott Green,M,3424,161 reps,,161,United Kingdom,CrossFit OL1,46
1584490,Daniel Blake,M,3424,161 reps,,161,Australia,CrossFit DECK,30
2957410,John Westerhaus,M,3426,161 reps,,161,United States,CrossFit Mount Pleasant,34
2939347,Mindaugas Lukoševičius,M,3427,161 reps,,161,Lithuania,SunCity CrossFit,38
295383,Jeffory Hilderbrand,M,3428,161 reps,,161,United States,CrossFit Ampersand,40
2675431,Roy Lonergan,M,3428,161 reps,,161,United Kingdom,Two Ton CrossFit,35
1816569,Donald Hager,M,3428,161 reps,,161,United States,Great Falls CrossFit,45
2948410,Marco Teixeira,M,3431,161 reps,,161,Portugal,CrossFit Albufeira,47
2742443,Tobias Liechti,M,3432,161 reps,,161,Switzerland,CrossFit Manufaktur,44
2908154,JEAN-MARC BERGER,M,3433,161 reps,,161,France,CrossFit Wood Shack,49
1571401,Dirk Cziesla,M,3434,161 reps,,161,Germany,CrossFit Cheltenham,36
2851173,Joel Boneham,M,3435,161 reps,,161,Australia,Fitness Alley CrossFit,30
2450225,Gustavo Prada,M,3435,161 reps,,161,Brazil,CrossFit Chocolate Box,42
2105211,Benoit Longuet,M,3435,161 reps,,161,France,La Defense Factory CrossFit,48
2957605,Jeonghwan Lim,M,3438,160 reps,,160,Korea (the Republic of),CrossFit Daikanyama,26
2840239,Antonio Lourenco,M,3439,160 reps,,160,United Kingdom,CrossFit Beowulf,39
2465025,Scott Broadley,M,3440,160 reps,,160,United Kingdom,CrossFit 57 North,38
1951512,Mengyuan Hsiao,M,3441,160 reps,,160,Chinese Taipei,CrossFit Lilian,34
2960214,BYEONGJO GO,M,3442,160 reps,,160,Korea (the Republic of),CrossFit Vulcan,29
2206701,Russell Lemon,M,3442,160 reps,,160,Australia,CrossFit Flourish,39
2799817,Dwinanda Aldyan Yuliardy,M,3442,160 reps,,160,Indonesia,S2S CrossFit,32
2805728,River Habermehl Hatt,M,3442,160 reps,,160,United Kingdom,CrossFit MTN,33
934202,Carlos Mercado,M,3446,160 reps,,160,Mexico,Look Sport CrossFit Polanco,46
538734,Scott Samwell,M,3447,160 reps,,160,Australia,CrossFit Mt Barker,53
2640523,Tony Lees,M,3448,160 reps,,160,United Kingdom,CrossFit Blackpool,41
2626364,Simon Venchiarutti,M,3449,160 reps,,160,France,CrossFit Metz Centre,36
583150,Rob Smiff,M,3450,160 reps,,160,United States,CrossFit Bangor,49
2919581,Leonardo Bruzze,M,1701,210 reps,,210,Australia,CrossFit SWTBX Yard,21
2621263,Brandon McCoy,M,1702,210 reps,,210,United States,SUBU CrossFit,27
2854510,JONG MIN PARK,M,1703,210 reps,,210,Korea (the Republic of),CrossFit CSS,31
658396,Lim Jungbean,M,1704,210 reps,,210,Korea (the Republic of),,38
2908621,Billy Gartside,M,1705,210 reps,,210,Australia,,29
2839868,TSERKWAN FOO,M,1706,210 reps,,210,New Zealand,CrossFit Richmond,34
2609426,Sergio Barbetti,M,1707,210 reps,,210,Italy,CrossFit Trigoria,32
2496414,Dominic Bowden-Smith,M,1708,210 reps,,210,United Kingdom,Coast Side CrossFit,27
1978667,Adam Hurlbatt,M,1709,210 reps,,210,Australia,CrossFit Access,44
2916221,Roma Oru,M,1710,210 reps,,210,Nigeria,CrossFit Jagun,34
1798156,Scott Shallow,M,1711,210 reps,,210,Canada,CrossFit COBE,35
2644521,Jack Sandford,M,1712,210 reps,,210,Australia,CrossFit Raven,32
1331583,Romain Laventure,M,1712,210 reps,,210,France,Makitha CrossFit,36
1798751,Ed Brindley,M,1714,210 reps,,210,United Kingdom,,34
2180235,Adam Vater,M,1715,210 reps,,210,United States,CrossFit Charlotte,42
2965054,Seokhyeon Jeong,M,1716,210 reps,,210,Korea (the Republic of),CrossFit RAON3,33
1666353,Patrick Geary,M,1717,210 reps,,210,United States,,25
2262624,Ben Lowe,M,1718,210 reps,,210,Australia,Raw Iron CrossFit,41
2086825,Jason Nash,M,1718,210 reps,,210,Australia,CrossFit Dauntless,35
2959051,Rory Mackie,M,1720,210 reps,,210,Australia,CrossFit Narellan,30
2165332,Shotaro Ishizawa,M,1720,210 reps,,210,Japan,CrossFit BLACK SHIPS Yoyogi,35
2674494,Sean Hardy,M,1722,210 reps,,210,Ireland,,29
2224837,Craig Johnson,M,1722,210 reps,,210,United States,,39
2671980,Callum Grummitt,M,1724,210 reps,,210,United Kingdom,CrossFit 13,27
1297590,Scott Frankenbach,M,1725,210 reps,,210,United States,CrossFit Warrior Legion,39
2783492,David IMHOFF,M,1725,210 reps,,210,France,CrossFit Vinkere,39
839535,Paul Minors,M,1727,210 reps,,210,New Zealand,CrossFit Mecca,35
2923053,Dean Black,M,1727,210 reps,,210,Ireland,CrossFit Cookstown,31
1763974,Jonny Hoult,M,1727,210 reps,,210,United Kingdom,Dragon CrossFit,34
2395257,Gary Robertson,M,1727,210 reps,,210,United Kingdom,CrossFit MTN,47
2508500,Jason Burkinshaw,M,1731,210 reps,,210,United Kingdom,WhiteHart CrossFit,52
1976959,Cullen Smit,M,1731,210 reps,,210,South Africa,CrossFit Alberton 2.0,25
662538,Charles Lucas Allen,M,1731,210 reps,,210,United States,Jurassic CrossFit,38
2972412,Umberto Forza,M,1734,210 reps,,210,Italy,CrossFit Rovigo,34
1949856,Marcus Tan,M,1735,210 reps,,210,Singapore,CrossFit Mobilus Clarke Quay,34
2932848,Matthieu COTTA,M,1735,210 reps,,210,France,CrossFit Les Angles,35
2812944,Henrique Venturini Angeli,M,1737,210 reps,,210,Brazil,Reino CrossFit,31
1738380,Justin Romero,M,1738,210 reps,,210,United States,CrossFit 926,37
2393807,Taylor Moudy,M,1738,210 reps,,210,United States,Redemption Road CrossFit Xrucible,36
2407535,Cooper Herman,M,1740,210 reps,,210,Australia,CrossFit Coastal Edge,26
2072021,Bertin Laurent,M,1741,210 reps,,210,France,Farmer CrossFit,48
2953835,Hayden Sanders,M,1742,210 reps,,210,Australia,MSF CrossFit,34
71093,Mike Evans,M,1743,210 reps,,210,United Kingdom,179 CrossFit,48
1957322,Joe Mccullough,M,1744,210 reps,,210,United States,Apache CrossFit,50
2500985,Ross Currie,M,1745,210 reps,,210,Australia,CrossFit Tannum Sands,21
261793,Thomas Wood,M,1745,210 reps,,210,Australia,CrossFit Chocolate Box,36
2825468,Massimo Polonio,M,1747,210 reps,,210,Italy,CrossFit Rovigo,49
111469,Carlos Escobedo,M,1748,210 reps,,210,United States,12 Labours CrossFit,39
1369137,Tyler Stark,M,1749,210 reps,,210,United States,,33
2908946,Taikai Takeda,M,1750,210 reps,,210,Japan,CrossFit Roppongi,33
272405,Minhyun Cho,M,1751,210 reps,,210,Korea (the Republic of),CrossFit Gangnam,37
1267438,James Pompetti,M,1752,210 reps,,210,United States,Broad Street CrossFit,51
2598439,Alec Sharp,M,1753,210 reps,,210,United Kingdom,T 800 CrossFit,38
2972333,Nathanaël Hanny,M,1754,210 reps,,210,France,CrossFit Rengō Valenciennes,35
1951503,Troy Newton,M,1755,210 reps,,210,New Zealand,CrossFit Affinity,48
2410649,Matthew Graham,M,1756,210 reps,,210,United Kingdom,CrossFit Moira,32
1061010,Samuel Bradford,M,1757,210 reps,,210,Ireland,CrossFit Moira,39
1084564,Asaf Bennatan,M,1758,210 reps,,210,Israel,CrossFit Hamaccabiah Panda,36
2966665,Yongchan Lee,M,1759,210 reps,,210,Korea (the Republic of),CrossFit BTP,20
2681583,Owen Nitz,M,1760,210 reps,,210,United States,,24
2350789,Jonny Lunney,M,1761,210 reps,,210,United Kingdom,CrossFit 8020,32
2420389,Richard Gastard,M,1762,210 reps,,210,France,CrossFit Cagnes sur Mer,31
1975481,Samuel Guerin,M,1763,210 reps,,210,France,CrossFit Happiness,48
304815,Wayne Eterman,M,1764,210 reps,,210,Australia,Freezing Hot CrossFit,44
387202,Matthew Hoyt,M,1764,210 reps,,210,United States,,40
2510760,Brandon Bateman,M,1764,210 reps,,210,United States,CrossFit Tay Ho,45
2877942,Enzo Cangialosi,M,1767,210 reps,,210,France,CrossFit Fenrir 2,24
2889698,喻 海伟,M,1767,210 reps,,210,China,JUU CrossFit,30
2959685,Jason Wyatt,M,1767,210 reps,,210,New Zealand,CrossFit Porirua,34
2267819,Park Kyung man,M,1767,210 reps,,210,Korea (the Republic of),CrossFit Team H,42
2952686,Zak Larken,M,1767,210 reps,,210,Australia,CrossFit Audax,28
989048,Josh Alden,M,1767,210 reps,,210,Australia,CrossFit Caloundra,32
2592331,Gautier Gessen,M,1767,210 reps,,210,France,CrossFit Des Monts,30
2815299,Josh Monge,M,1767,210 reps,,210,Australia,,29
2943444,Jesse Braid,M,1767,210 reps,,210,United Kingdom,CrossFit Vauxhall,43
1998024,Arthur Huysseune,M,1767,210 reps,,210,France,EPT CrossFit,36
2887449,aviv hadar,M,1767,210 reps,,210,Israel,YV CrossFit Afula,41
1787679,Brady Goodsell,M,1767,210 reps,,210,Australia,,29
1874462,Fontbonne Louison,M,1767,210 reps,,210,France,CrossFit Aubiere,33
1147594,Joey Russo,M,1767,210 reps,,210,United States,CrossFit Prevail,33
2608838,Johnny Herndon,M,1767,210 reps,,210,United States,CrossFit 51,22
2929734,Jon Clarke,M,1767,210 reps,,210,United Kingdom,,43
423567,David Richmond,M,1767,210 reps,,210,Australia,CrossFit Might,49
2793010,Flavien Chenavier,M,1767,210 reps,,210,France,CrossFit Haekkun 2.1,27
1955375,Peter Knott,M,1767,210 reps,,210,Australia,CrossFit Play,48
2679433,Sam Brown,M,1767,210 reps,,210,United Kingdom,BearWalden CrossFit,36
2183673,Gaëtan Chadelaud,M,1767,210 reps,,210,France,CrossFit Grillen,40
2437632,Samuele Porfido,M,1767,210 reps,,210,Italy,CNT CrossFit,36
2823292,Anton Diachenko,M,1767,210 reps,,210,Ukraine,CrossFit Wilanów,40
2615397,Yujie Pan,M,1767,210 reps,,210,China,CrossFit Moo 2,31
2647637,Arthur Bertrand,M,1767,210 reps,,210,France,CrossFit Vinkere,34
859889,Justin Abbarno,M,1792,209 reps,,209,United States,CrossFit Big House,31
2188600,Titouan Barthelemy-blanc,M,1793,209 reps,,209,France,CrossFit Massilia,22
121373,Sunghee Lee,M,1793,209 reps,,209,Korea (the Republic of),,37
2930666,Nick Strong,M,1795,209 reps,,209,United Kingdom,CrossFit Penzance,41
2818563,Matt Gardner,M,1796,209 reps,,209,New Zealand,Plus64 CrossFit,25
2541649,Daniel Koncal,M,1797,209 reps,,209,Austria,CrossFit Innsbruck,43
2921643,James Morse,M,1798,209 reps,,209,United Kingdom,CrossFit Solent,30
2060971,Franck Tanne,M,1799,209 reps,,209,France,CrossFit Lyon,42
788415,David Capriotti,M,1800,209 reps,,209,Australia,CrossFit West Melbourne,39
724552,Florent Pichon,M,1901,204 reps,,204,France,CrossFit Lyon,41
2610529,Yao Feng Choong,M,1902,204 reps,,204,Singapore,CrossFit RagTag,30
2212401,Eduardo Galinzoga,M,1903,204 reps,,204,Mexico,CrossFit Fate,36
2074984,Victor Martinez Garcia,M,1904,204 reps,,204,Spain,CrossFit Ponferrada,39
2655677,Andrea Zerio,M,1905,204 reps,,204,Italy,CrossFit Pordenone,45
2378378,Antoine CRENN,M,1906,204 reps,,204,France,CrossFit Eclair,26
2050575,Max Wheatley,M,1906,204 reps,,204,Australia,CrossFit Tannum Sands,30
2689285,Calum Masters,M,1908,204 reps,,204,United States,All In CrossFit,29
1321912,Omar Ali,M,1908,204 reps,,204,Australia,CrossFit West Melbourne,42
2605051,Jukka Hautala,M,1910,204 reps,,204,Finland,CrossFit 40100,39
848808,Chad Worman,M,1910,204 reps,,204,United States,CrossFit Fig,32
2433397,Cahill Collins,M,1912,204 reps,,204,Australia,CrossFit Mt Barker,39
1236810,Ryoji Makimura,M,1913,204 reps,,204,Japan,CrossFit Roppongi,50
2922936,Charles-henry Diverres,M,1914,204 reps,,204,France,CrossFit Autricum,28
1059492,Dan Smith,M,1915,204 reps,,204,United States,PUSH511 A CrossFit Life,44
2782527,Mark Jones,M,1915,204 reps,,204,United Kingdom,,42
1685669,Stefan Arias,M,1917,204 reps,,204,United States,CrossFit 313,34
2962535,Algirdas Jokimcius,M,1918,204 reps,,204,Lithuania,SunCity CrossFit,29
2839639,Ryan Allison,M,1919,204 reps,,204,Australia,TandEm CrossFit,44
1746934,Willis Ades,M,1920,204 reps,,204,Australia,CrossFit Burleigh,43
754344,Harel Hayon,M,1921,204 reps,,204,Israel,CrossFit REL,27
977187,Mick Wearne,M,1922,204 reps,,204,Australia,Snake CrossFit,49
1230530,Noel Nazario,M,1923,204 reps,,204,United States,Bring The Thunder CrossFit,38
1790280,Luke Gageler,M,1924,204 reps,,204,Australia,Concept CrossFit,34
2965125,Luke Neilson,M,1924,204 reps,,204,New Zealand,Soar Performance CrossFit,46
2656478,Darryl Tait,M,1924,204 reps,,204,United Kingdom,CrossFit Tweedbank,46
2944111,Thomas Sidey,M,1924,204 reps,,204,United Kingdom,Coastline CrossFit,33
1889428,Miguel Garcia,M,1924,204 reps,,204,France,CrossFit Alata,37
2800451,Lucas GAUGIRARD,M,1924,204 reps,,204,France,CrossFit Akson,24
926206,Rémi Ghrenassia,M,1924,204 reps,,204,France,CrossFit Montaudran,33
2166768,Benedikt Lutze,M,1924,204 reps,,204,Germany,Evope CrossFit,36
1521758,Chaz Penza,M,1924,204 reps,,204,United States,CrossFit Winter Park,48
1376408,Peter O'Connor,M,1924,204 reps,,204,United Kingdom,CrossFit Reading,39
2414500,brady haynes,M,1934,203 reps,,203,United States,OP CrossFit,43
1765079,Michael Martel,M,1935,203 reps,,203,United States,CrossFit FXT,30
2833426,HONGIL YOON,M,1936,203 reps,,203,Korea (the Republic of),CrossFit Dongtan Base,33
2782333,Yirui Heng,M,1937,203 reps,,203,Singapore,CrossFit Kampung,35
1615970,Wayne Bennett,M,1938,203 reps,,203,Australia,CrossFit Remi,46
2868659,Levi Henderson,M,1939,203 reps,,203,New Zealand,Tasman Bay CrossFit,30
2960182,Christian Leeb,M,1940,203 reps,,203,Austria,CrossFit Rankweil,32
540976,Grant Davidson,M,1941,203 reps,,203,United Kingdom,CrossFit Glasgow,41
689107,Trent Magill,M,1942,203 reps,,203,United States,Erie Shore CrossFit,40
2963593,James Jacobson,M,1943,203 reps,,203,United States,CrossFit Backland,37
2175327,Matthew Allen,M,1943,203 reps,,203,United States,CrossFit Oak Ridge,44
1563360,Luke Palmisano,M,1945,203 reps,,203,United States,CrossFit Echo Park,46
1595571,Julien Veyrat,M,1946,203 reps,,203,Switzerland,CrossFit Versoix,36
2135147,Brandon Clifton,M,1947,203 reps,,203,United States,,36
2434070,Carson Swotek,M,1947,203 reps,,203,United States,CrossFit Crestview,17
1158923,Steeve Delforge,M,1949,203 reps,,203,France,MADMA CrossFit,41
2210168,Stephane Durand,M,1950,203 reps,,203,France,CrossFit Autricum,40
2610724,Louw De waal,M,2000,201 reps,,201,South Africa,CrossFit Vredenburg,31
2782225,HYOGYU KIM,M,2000,201 reps,,201,Korea (the Republic of),CrossFit Rainfield,43
2779304,Brian Kurbis,M,2003,201 reps,,201,United States,CrossFit Chiang Mai,44
2263297,Loïc Jestin,M,2004,201 reps,,201,France,Bunks CrossFit,46
2059359,Sam Cook,M,2005,201 reps,,201,Australia,CrossFit Facilitate,21
2970221,Josh Novak,M,2006,201 reps,,201,Canada,CrossFit Vokse,26
1996108,Dylan Conry,M,2007,201 reps,,201,United States,CrossFit Seize the Day,20
2459913,Garrett Reidy,M,2008,201 reps,,201,United States,CrossFit Ho'ola,40
2855886,Richard Cleare,M,2009,201 reps,,201,United Kingdom,CrossFit 2444,31
1740410,Josh Bunn,M,2010,201 reps,,201,United Kingdom,Grandstand CrossFit,27
767592,Craig Wathen,M,2011,201 reps,,201,United Kingdom,CrossFit Solent,40
2674058,CHUL MIN HONG,M,2012,201 reps,,201,Korea (the Republic of),CrossFit 8055,40
1958858,Liam McDermott,M,2013,201 reps,,201,Australia,CrossFit Play,42
2956847,Дмитрий Люберц,M,2013,201 reps,,201,Russian Federation,CrossFit Udarnik,36
2236607,Tobias Stadelmann,M,2015,201 reps,,201,Switzerland,CrossFit Quivelda,33
52406,Leonardo Munoz,M,2016,201 reps,,201,United States,CrossFit Veracity Athletics,44
1666711,Chris Brennen,M,2017,201 reps,,201,United States,CrossFit 033,46
680485,Claudio Vazquez,M,2018,201 reps,,201,Argentina,CrossFit Maddox,44
1374680,Rom De Macedo,M,2019,201 reps,,201,Australia,CrossFit CrossAxed,45
1918706,Manuel Manganello,M,2019,201 reps,,201,Italy,District Battersea CrossFit,44
1653055,Filipe Barros,M,2019,201 reps,,201,Brazil,CrossFit Jaqueira,34
2820545,Trent Dickey,M,2019,201 reps,,201,Australia,Seaside CrossFit Yeppoon,41
118233,Joshua Hostetter,M,2019,201 reps,,201,United States,CrossFit Lake Stevens,50
1911062,Mark Gamble,M,2024,200 reps,,200,United Kingdom,CrossFit Moira,37
2797240,Christopher Monger,M,2025,200 reps,,200,United Kingdom,CrossFit Southend,31
2857150,Yun Sub Kim,M,2026,200 reps,,200,Korea (the Republic of),CrossFit Whales,26
2720419,Jong-Ho Bang,M,2027,200 reps,,200,Korea (the Republic of),CrossFit Baegot,40
2435171,Ran Giron,M,2028,200 reps,,200,Israel,CrossFit Rishon City,28
1654355,Jack Evans,M,2029,200 reps,,200,Australia,,22
2608739,Ryan Knott,M,2030,200 reps,,200,United Kingdom,CrossFit Hijacked,31
563918,Gary McNicholl,M,2031,200 reps,,200,Ireland,,42
1822706,Ithan Carrillo,M,2032,200 reps,,200,Mexico,,27
2904662,Doug Welsh,M,2033,200 reps,,200,United Kingdom,CrossFit Shenley,26
572239,Ryan Metcalf,M,2034,200 reps,,200,United States,Natural Selection CrossFit,46
515979,Shane Elie,M,2035,200 reps,,200,United States,CrossFit Enforce,36
2237337,Kenji Moto,M,2036,200 reps,,200,Japan,CrossFit Amagasaki,38
1415020,Brian Rasmussen,M,2037,200 reps,,200,Denmark,Grenland CrossFit,40
2806959,Ben Trinham,M,2037,200 reps,,200,United Kingdom,CrossFit Mercia,36
199460,Matt McKeon,M,2039,200 reps,,200,Australia,CrossFit Chemistry,44
1987754,Juan Berrios,M,2040,200 reps,,200,United States,CrossFit Mañana,36
840282,Thomas Pattera,M,2041,200 reps,,200,Austria,CrossFit Tay Ho,50
2969578,Aaron Curnow,M,2042,200 reps,,200,Australia,CrossFit Adelaide,35
2488543,Keaton Cheesewright,M,2043,200 reps,,200,United States,CrossFit Public Enemy,28
1212258,Maciej Powala-Niedzwiecki,M,2044,200 reps,,200,Poland,CrossFit MSQD,43
1968316,Luca Cerè,M,2045,200 reps,,200,Italy,CrossFit Zola Predosa,45
2460744,Dan Fenton,M,2046,200 reps,,200,United States,Great Wolf CrossFit,38
1844572,Thomas Klieber,M,2046,200 reps,,200,Germany,CrossFit Bulls and Bears,46
2448386,Alexander Young,M,2048,200 reps,,200,United Kingdom,CrossFit 57 North,47
2956871,Luke Da Costa,M,2049,200 reps,,200,United Kingdom,CrossFit Wanaka,32
621785,Jeremy Lightfoot,M,2050,200 reps,,200,New Zealand,Kiwi CrossFit,53
2390680,Lee Sangwoo,M,351,258 reps,,258,Korea (the Republic of),,29
2917461,Blayne Butler,M,351,258 reps,,258,United States,Shogun CrossFit,25
2318251,Matthew Wright,M,351,258 reps,,258,United Kingdom,CrossFit Deviant,31
2928218,Jake Wainwright,M,354,257 reps,,257,New Zealand,CrossFit Da Vinci,34
2827305,Jack Mayhew,M,355,257 reps,,257,Australia,CrossFit Moose Fitness,35
1986511,Harrison Dayton,M,356,257 reps,,257,United States,Tolland CrossFit,27
2498644,Graham Phillis,M,357,257 reps,,257,Australia,,38
1993023,Louie Shilling,M,358,257 reps,,257,United Kingdom,CrossFit Fly High,30
2318913,Lucas Petrovic,M,358,257 reps,,257,France,CrossFit Des Monts,28
2809007,Mitchell Crocker,M,358,257 reps,,257,United States,CrossFit Casual,27
2716341,Jayden Tuira,M,361,256 reps,,256,Australia,CrossFit Narellan,29
427411,Seung-Yeop Han,M,362,256 reps,,256,Korea (the Republic of),CrossFit Maka,39
1556696,Hyeonggeun Yun,M,363,256 reps,,256,Korea (the Republic of),CrossFit Gangnam,32
2423390,Ryan Esplin,M,363,256 reps,,256,Australia,HomeFront CrossFit,28
1994539,Blake Roy,M,365,256 reps,,256,United States,Shogun CrossFit,28
2247668,William McPherson,M,366,256 reps,,256,Australia,CrossFit Northbound,33
2064327,Tito Azevedo,M,367,256 reps,,256,Portugal,CrossFit Durius,27
254888,Tamas Sterbinszky,M,368,256 reps,,256,Hungary,CrossFit Urban Athletics,36
1944032,Olivier ROCHER,M,368,256 reps,,256,France,CrossFit Bourg-en-Bresse,30
548699,Jacob Hudson,M,370,256 reps,,256,United States,Pike Road CrossFit,41
9564,Benjamin Collins,M,371,256 reps,,256,Australia,CrossFit Soul Rebel Greensborough,38
976720,Brandon True,M,372,256 reps,,256,United States,CrossFit 717,34
393831,Johannes Lagesson,M,373,256 reps,,256,Sweden,CrossFit NB,35
449625,Jori Haapalainen,M,374,256 reps,,256,Finland,CrossFit Routa,35
2967117,Iker Lasaga,M,375,256 reps,,256,Spain,CrossFit Lafabrica,35
2828717,Hadi Dimachkieh,M,376,256 reps,,256,United States,CrossFit Lorton,35
2489713,Alan Kenny,M,376,256 reps,,256,Australia,CrossFit Ipswich,29
2781558,Yam Macktubi,M,376,256 reps,,256,Israel,CrossFit Via Maris,29
2885212,Daniele Biasioli,M,379,255 reps,,255,Italy,CrossFit 30027,29
721465,Dylan Suhajcek,M,380,255 reps,,255,Australia,,33
466163,Quentin Vigier,M,381,255 reps,,255,France,100 Pourcent CrossFit,38
1556495,Minho Park,M,382,255 reps,,255,Korea (the Republic of),CrossFit Team H,32
2139807,Jason Wright,M,383,255 reps,,255,United Kingdom,CrossFit Witham,39
1607762,William Ryan,M,384,255 reps,,255,United States,Branford CrossFit,40
840938,Stuart Chandler,M,385,255 reps,,255,United States,CrossFit Trivium,38
2921614,Maxime Andrien,M,386,255 reps,,255,Belgium,CrossFit Liège,32
2461874,Marek Mor,M,387,255 reps,,255,United Kingdom,Coast Side CrossFit,42
2971649,병규 최,M,387,255 reps,,255,Korea (the Republic of),CrossFit Maka,33
2488861,Lander Gonzalez Martin,M,387,255 reps,,255,Spain,Bai CrossFit Deusto,28
2965542,Nicholas Waldie,M,387,255 reps,,255,Australia,CrossFit Centaur Valor,33
2942169,Alon SELA,M,387,255 reps,,255,Israel,CrossFit Namal,30
2272672,Fabian Bodenlenz,M,387,255 reps,,255,Austria,CrossFit 168,31
1263224,Kyle Hathaway,M,393,254 reps,,254,United States,Spindle City CrossFit,28
2639914,Luke Johnson,M,394,254 reps,,254,Australia,,31
2943421,Liam Sharpe,M,394,254 reps,,254,Australia,CrossFit Moose Fitness,27
1482488,Mason Desilets,M,396,254 reps,,254,United States,Odessa CrossFit,34
2810572,JINWON YANG,M,397,254 reps,,254,Korea (the Republic of),Musclespoon CrossFit,31
2199680,Brillante Angelo,M,398,254 reps,,254,Italy,CrossFit Cervo Nero,35
2418192,Tyron Kaminski,M,399,254 reps,,254,Australia,CrossFit Underway,46
1414513,Samuel Plesnik,M,400,254 reps,,254,Slovakia,CrossFit Wanderlust,41
2236792,Simon Kinch,M,2050,200 reps,,200,Australia,CrossFit Huey,46
2937040,Omri DZ,M,2052,200 reps,,200,Israel,CrossFit Eilat,24
2234960,Billy Stead,M,2052,200 reps,,200,United Kingdom,CrossFit Humber,36
1888629,Pab Di Francesco,M,2054,200 reps,,200,Argentina,CrossFit Peckham,37
2467880,Trevor Flaherty,M,2055,200 reps,,200,Australia,CrossFit 43,45
234177,Tim Little,M,2056,200 reps,,200,Australia,BTS CrossFit,46
1999568,Rhys Harris,M,2057,200 reps,,200,Australia,CrossFit Bairnsdale,37
2643534,Romain DESCLAUX,M,2057,200 reps,,200,France,,33
1952939,Giacomo Graziani,M,2057,200 reps,,200,United States,CrossFit Charlestown,32
2195448,Michele Marino,M,2057,200 reps,,200,Italy,CrossFit Iris,38
2659691,Rafael Reis,M,2057,200 reps,,200,Portugal,Off Limits CrossFit Rato,48
244101,Blake Martin,M,2062,199 reps,,199,United States,CrossFit MOB,40
2888757,FELIPE DE BRITO,M,2063,199 reps,,199,Brazil,Go Piatã CrossFit,27
1790141,Donovan Jacka,M,2064,199 reps,,199,Australia,CrossFit Wangaratta,54
2966285,Yan Martin Gonzalez,M,2065,199 reps,,199,Spain,CrossFit Colmenar Viejo,37
127376,Dane Rew,M,2066,199 reps,,199,Australia,PBTL CrossFit,34
2908841,Felix Farias,M,2067,199 reps,,199,Mexico,CrossFit 7010 Nelson,32
1650032,Yohei Hosokawa,M,2068,199 reps,,199,Japan,CrossFit Daikanyama,39
2972705,Jihun Kim,M,2069,199 reps,,199,Korea (the Republic of),CrossFit Peanut Butter,41
2053,Samuel Cassidy,M,2070,199 reps,,199,United Kingdom,CrossFit Glasgow,39
2701494,Vincent Terrisse,M,2071,199 reps,,199,France,CrossFit Shenron,51
933790,Lachlan Thompson,M,2072,199 reps,,199,Australia,CrossFit Confront,29
1202459,Simo Lautamo,M,2073,199 reps,,199,Finland,CrossFit Kemijärvi,41
2961528,David Pledge,M,2074,199 reps,,199,United Kingdom,CrossFit Grantham,33
2920398,George Fourie,M,2074,199 reps,,199,South Africa,Red X CrossFit,25
2830701,Fabio Pomponio,M,2076,199 reps,,199,Italy,CrossFit Misterbianco,29
2915350,Qiuxiang Lu,M,2077,199 reps,,199,China,Stud CrossFit,33
312763,Yann Girardin,M,2078,199 reps,,199,France,CrossFit Diversity,36
381994,Jani-Pekka Kainulainen,M,2079,199 reps,,199,Finland,CrossFit RTV,38
2478039,Lee Änder,M,2080,199 reps,,199,Germany,CrossFit am See,36
1217701,Anthony Stark,M,2081,199 reps,,199,Australia,,45
1451718,Beomseok Lee,M,2082,199 reps,,199,Korea (the Republic of),YeongJong  CrossFit,36
2610790,Agnaldo Duarte,M,2083,199 reps,,199,Brazil,CrossFit Carcará,48
848555,Dylan Allen,M,2084,199 reps,,199,United States,Bombers CrossFit,29
2785184,Corné Els,M,2085,199 reps,,199,South Africa,CrossFit Relentless Heart,37
1549787,Benny Wu,M,2086,199 reps,,199,China,No One CrossFit,36
372902,Eric Gordon,M,2087,199 reps,,199,United States,CrossFit Albuquerque,32
2949397,Christian Colasurdo,M,2088,199 reps,,199,United States,CrossFit Threefold East,23
2801560,Federico Zorzin,M,2089,199 reps,,199,Italy,CrossFit Midline,38
2500772,Juseung Choi,M,2089,199 reps,,199,Korea (the Republic of),CrossFit Vulcan,29
2819711,Ryan Andrew Sullivan,M,2089,199 reps,,199,United States,,41
2828709,Valentin Elsen,M,2089,199 reps,,199,Belgium,CrossFit Asterion,30
2485609,Anthony Alves,M,2089,199 reps,,199,France,Calade CrossFit,25
2943607,David Maza,M,2089,199 reps,,199,Spain,CrossFit Castro Urdiales,44
1032938,Thomas Benassi,M,2089,199 reps,,199,France,CrossFit Eighteen,32
2938269,Ilay Pecker,M,2089,199 reps,,199,Israel,CrossFit Rishon City,24
752621,Lee Moseley,M,2089,199 reps,,199,Australia,CrossFit Bil Athletic,40
2200528,Dan Mok,M,2089,199 reps,,199,Korea (the Republic of),CrossFit Rock Steady,46
2892225,Adam Ward,M,2089,199 reps,,199,United Kingdom,CrossFit Epsom,41
2457739,Sam Spokes,M,2089,199 reps,,199,Australia,Snake CrossFit,34
572993,Craig Downey,M,401,254 reps,,254,Australia,CrossFit West Melbourne,46
2824596,Zach Mason,M,402,254 reps,,254,United States,CrossFit Laminin,24
2424305,Corentin Delmas,M,403,254 reps,,254,France,CrossFit Meaux,31
2830899,Mark Martin,M,403,254 reps,,254,Australia,Wolfe Den CrossFit,36
3468,Ben O'Reilly,M,405,254 reps,,254,New Zealand,,40
1978441,Jackson Wisniewski,M,406,254 reps,,254,Australia,CrossFit Fallen,24
401091,Quentin Durand,M,407,254 reps,,254,France,CrossFit 571,34
2258626,Milo Poli,M,408,254 reps,,254,United Kingdom,CrossFit BFG,36
1484174,Caleb Silvey,M,408,254 reps,,254,United States,CrossFit Simpsonville,30
2963182,Romain Bonnet,M,408,254 reps,,254,France,CrossFit Ampuis,27
1024473,Vincent Miquel,M,408,254 reps,,254,France,3.7 CrossFit II,35
2065945,Jake Stoner,M,408,254 reps,,254,Australia,,27
649109,John Andrew,M,408,254 reps,,254,New Zealand,,36
508387,Todd Davidson,M,408,254 reps,,254,Australia,CrossFit Wollongong,34
1594729,Walter Maximiliano Gonzalez,M,415,253 reps,,253,Argentina,Bushido CrossFit,32
2459638,Young Seon Hong,M,416,253 reps,,253,Korea (the Republic of),CrossFit Bareun,34
2771594,jaehee Kim,M,417,253 reps,,253,Korea (the Republic of),CrossFit Bigfoot,26
2545686,Jay Baird,M,418,253 reps,,253,Australia,CrossFit CQ,28
2598382,Tom Hungerford,M,419,253 reps,,253,Australia,CrossFit Sisyphus,24
2339142,Lex Bos,M,420,253 reps,,253,Netherlands,CrossFit Amersfoort,32
1964415,Brad Jardine,M,421,253 reps,,253,Australia,CrossFit 43,32
316481,Adam Yaklich-Lopez,M,421,253 reps,,253,United States,CrossFit Arvada,35
343100,Stephen Bilboe,M,421,253 reps,,253,United Kingdom,Coast Side CrossFit,39
2647285,Trevor Hamm,M,424,253 reps,,253,United States,Caged CrossFit,29
2268302,Blake Edgar,M,425,253 reps,,253,Australia,CrossFit Cartel,30
1419454,Darek Piotrowicz,M,425,253 reps,,253,Poland,CrossFit New Dogs Gym,42
1680827,Joe Richling,M,427,253 reps,,253,United States,CrossFit Vox,35
1801636,Laurent Degoutte,M,428,253 reps,,253,France,CrossFit Dijon,40
2165835,John Robinson,M,429,253 reps,,253,United Kingdom,Kings Highway CrossFit,35
2944229,Richard Wincer,M,430,253 reps,,253,United Kingdom,Coastline CrossFit,31
2839400,Evgeniy Frolov,M,430,253 reps,,253,Russian Federation,CrossFit 19.05,35
411614,Alan Jonas Silva,M,432,252 reps,,252,Brazil,,35
2399052,ttimore Ko,M,433,252 reps,,252,Korea (the Republic of),CrossFit TOS,40
2079154,Tomoaki Matsuyama,M,434,252 reps,,252,Japan,CrossFit Roppongi,31
288133,Mason Tangen,M,435,252 reps,,252,United States,CrossFit Dubuque,36
670437,Emmitt Rider,M,436,252 reps,,252,United States,CrossFit Big House,31
2334855,Alexis Minier,M,437,252 reps,,252,France,CrossFit Les Angles,35
2480477,Laurent Wurtz,M,437,252 reps,,252,France,CrossFit Sarreguemines,39
2167905,Mickael Germany,M,439,252 reps,,252,France,CrossFit CSLG Melun,45
2215829,Mathys Jeandey,M,439,252 reps,,252,France,100 Pourcent CrossFit,28
2785238,Kim Giseong,M,441,252 reps,,252,Korea (the Republic of),CrossFit Get Knowledge 2,32
2125172,Taekhyeon Kim,M,442,252 reps,,252,Korea (the Republic of),CrossFit Vulcan,35
1590191,Evandro Bertazzo Pereira,M,443,252 reps,,252,Brazil,CrossFit Campinas,39
2441514,Ryan Makar,M,444,252 reps,,252,Canada,CrossFit Fraser Valley,29
1283924,Lee Flynn,M,445,252 reps,,252,United Kingdom,CrossFit Cheddar Rising,34
1541129,Jan Weigand,M,446,252 reps,,252,Germany,CrossFit 069,30
1328600,Aengus Dickson,M,447,252 reps,,252,Australia,CrossFit HBZ,25
1988749,Leo Hopley,M,448,252 reps,,252,United Kingdom,CrossFit Wyre Forest,29
2882138,Niko Saari,M,449,252 reps,,252,Finland,CrossFit Rovaniemi,33
2825754,Hugo SCHERER,M,450,252 reps,,252,France,CrossFit Naya,22
2923675,Louison Bosse-Platière,M,2089,199 reps,,199,France,CrossFit HEKA - Croix-Rousse,26
2799402,Lawrence Orriss,M,2089,199 reps,,199,United Kingdom,CrossFit Cairngorm,38
2912387,Mark Reynolds,M,2089,199 reps,,199,United Kingdom,CrossFit Civitas,40
2571292,Han Oh,M,2089,199 reps,,199,Korea (the Republic of),CrossFit G Zone,48
2792007,Kristopher Samuels,M,2089,199 reps,,199,Australia,CrossFit Brendale,32
2663796,Jason Bloomfield,M,2106,198 reps,,198,Australia,CrossFit 2600,29
2395539,Gustavo Cristofoli,M,2107,198 reps,,198,Brazil,CrossFit Bento,31
2921686,Kris Lissimore,M,2108,198 reps,,198,United Kingdom,Six Hills CrossFit,35
2635041,Mickael Heitz,M,2109,198 reps,,198,France,TRIBOK CrossFit,38
2170090,Shawn Quigley,M,2110,198 reps,,198,Canada,Kaos CrossFit,44
2936557,Tristan Chevreux,M,2111,198 reps,,198,France,100 Pourcent CrossFit,27
1050855,Adam Vassallo,M,2112,198 reps,,198,Australia,CrossFit Noosa,45
2921299,Roman Gabrielczyk,M,2112,198 reps,,198,United Kingdom,CrossFit Shenley,31
2816314,Emeryc Bastien,M,2114,198 reps,,198,France,CrossFit Teli 300,28
2415521,Christian Labao,M,2115,198 reps,,198,Philippines,CrossFit West Melbourne,32
2473482,benjamin lim,M,2116,198 reps,,198,New Zealand,CrossFit Cultivar,46
2952941,Dennis Skott,M,2117,198 reps,,198,Denmark,Dokken CrossFit,30
1632554,Coleman Marshall,M,2117,198 reps,,198,United States,CrossFit 859,39
1998482,Clinton Kent,M,2119,198 reps,,198,Australia,CrossFit Muswellbrook,48
2849066,Sigurd Vagstad,M,2120,198 reps,,198,Norway,,34
120146,Matthew Pert,M,2121,198 reps,,198,New Zealand,CrossFit East Tamaki,54
291820,Callum Macleod,M,2122,198 reps,,198,United Kingdom,CrossFit Tunbridge Wells,35
2096110,Vladimir Zadorozhniy,M,2123,198 reps,,198,Russian Federation,Hundred Ten CrossFit,50
2826287,jamie tulloch,M,2124,198 reps,,198,United Kingdom,CrossFit BS7,37
30123,Jose Ramos,M,2125,198 reps,,198,United States,Double Down CrossFit,41
1663282,Conor Floyd,M,2126,198 reps,,198,Ireland,Peak 360 CrossFit,26
2876778,Ben Carty,M,2127,198 reps,,198,United Kingdom,CrossFit Moira,33
2641079,Ben Apfel,M,2128,198 reps,,198,Australia,CrossFit TWA,42
2297872,Stuart Kennett,M,2128,198 reps,,198,Australia,CrossFit West Melbourne,48
2428931,Konstantin Novikov,M,2128,198 reps,,198,Russian Federation,CrossFit Udarnik,34
2071446,Hugo Guillot,M,2128,198 reps,,198,France,CrossFit Maladium,29
1523672,James Campbell,M,2128,198 reps,,198,United Kingdom,CrossFit Blockhouse,38
2804441,Demard Simon,M,2128,198 reps,,198,France,,24
2812707,Frank Fiumara,M,2128,198 reps,,198,Australia,CrossFit Rox,42
277812,John Lalo,M,2135,197 reps,,197,United States,CrossFit Unbreakable,37
2803586,Edison Jeffrey,M,2136,197 reps,,197,United Kingdom,CrossFit Affinity,33
2902691,Marco Comunello,M,2136,197 reps,,197,Italy,CrossFit Treviso,38
940441,Mickaël Sery,M,2138,197 reps,,197,France,CrossFit Gerland,35
2640165,Gaetan Caillaud,M,2139,197 reps,,197,France,Anjou CrossFit,37
1537367,Jon Akkary,M,2140,197 reps,,197,Australia,CrossFit Singleton,43
208271,Jonathan Delaire,M,2141,197 reps,,197,France,CrossFit Chiang Mai,42
2441728,Vincenzo Marabello,M,2142,197 reps,,197,Italy,CrossFit Misterbianco,38
2965655,Liam Griffiths,M,2143,197 reps,,197,Australia,CrossFit 35 Degrees South,22
2255613,Mathew Erdmann,M,2144,197 reps,,197,Australia,CrossFit Volume,39
2839811,Joe Hargreaves,M,2145,197 reps,,197,United Kingdom,CrossFit Tunbridge Wells,30
440506,Shawn Randle,M,2146,197 reps,,197,United States,CGX CrossFit,49
1681840,Flávio Tavares,M,2147,197 reps,,197,Brazil,Kal-El CrossFit,42
195593,Eric Schmidt,M,2148,197 reps,,197,United States,CrossFit Rapture,40
2952607,José Artiles,M,2149,197 reps,,197,Spain,ATIS CrossFit,33
2559909,Dan Smith,M,2150,197 reps,,197,United Kingdom,Fosse Way CrossFit,44
2597523,Alan Geegan,M,3450,160 reps,,160,United Kingdom,CrossFit 57 North,41
2416769,minsik kim,M,3452,160 reps,,160,Korea (the Republic of),CrossFit GOAT,32
2867082,xavier balnaves,M,3453,160 reps,,160,Australia,CrossFit 2600,19
1637512,Zack French,M,3453,160 reps,,160,United States,CrossFit Lupos,50
2933835,지훈 송,M,3455,160 reps,,160,Korea (the Republic of),CrossFit KingGom,29
1218829,Jeff Nash,M,3456,160 reps,,160,Canada,Kaos CrossFit,38
2839505,Andrew Buckley,M,3457,160 reps,,160,United Kingdom,CrossFit Wirral,38
2519090,Davide Ciaramella,M,3458,160 reps,,160,Italy,CrossFit HideNest,50
2904628,Werner Wessels,M,3459,160 reps,,160,South Africa,CrossFit Script,35
1988034,Mathew Hill-Harrison,M,3460,160 reps,,160,Australia,CrossFit Shellharbour City,33
2968654,Džiugas Luneckas,M,3460,160 reps,,160,Lithuania,Amber CrossFit,29
2965493,Mitchell Dimmock,M,3460,160 reps,,160,Australia,CrossFit Ipswich,23
2924086,Juan sebastian vargas,M,3460,160 reps,,160,Colombia,CrossFit Southend,37
2415672,ARNAUD VUE,M,3460,160 reps,,160,France,CrossFit Saint Quentin,50
2288632,Jesse Howell,M,3465,159 reps,,159,United States,CrossFit Flagstaff,20
1318616,Renan Goncalves,M,3466,159 reps,,159,Australia,CrossFit Tide Athletic,37
2951396,Navdip Singh,M,3467,159 reps,,159,United States,,35
2929211,Brodie Johnson,M,3467,159 reps,,159,Australia,CrossFit Tide Athletic,28
2445462,Phil Garland,M,3469,159 reps,,159,Australia,Kinetic Performance CrossFit,38
2910668,Stephen Hurcom,M,3470,159 reps,,159,Australia,,37
2753224,Aaron Colfer,M,3471,159 reps,,159,United Kingdom,CrossFit Bath,38
2781003,Sebastiano Gabriele Runci,M,3472,159 reps,,159,Italy,CrossFit Maddox,37
1942793,Chris Acaster,M,3472,159 reps,,159,United Kingdom,CrossFit Humber,37
186496,Joseph Metcalf,M,3472,159 reps,,159,Australia,CrossFit New Beginning,53
2961150,Ruan von Abo,M,3475,159 reps,,159,South Africa,CrossFit PFC,27
2579066,Nicolas Orazietti,M,3475,159 reps,,159,Italy,CrossFit Belmont,35
1623724,Hevin Fabien,M,3477,159 reps,,159,France,CrossFit LXII,33
2909835,DOWON KWAK,M,3478,159 reps,,159,Korea (the Republic of),CrossFit Changwon,36
1043058,William Cheetham,M,3479,159 reps,,159,United Kingdom,CrossFit PRL,41
2292233,Julio Figueroa,M,3480,159 reps,,159,Puerto Rico,CrossFit Swell,54
2700403,youngjin shin,M,3481,159 reps,,159,Korea (the Republic of),CrossFit Baekseok,45
2965240,Jimmy Crow,M,3482,159 reps,,159,Australia,,42
2916580,Max Masciulli,M,3482,159 reps,,159,Australia,CrossFit Underway,24
2550528,Jake Colefax,M,3484,159 reps,,159,Australia,CrossFit Lower Mountains,37
2907238,Kenneth Wojtak,M,3485,159 reps,,159,United States,CrossFit 845 Poughkeepsie,44
1392870,Felix Erbe,M,3486,159 reps,,159,Germany,CrossFit Essen,54
2835811,Markel Fernandez,M,3486,159 reps,,159,Spain,CrossFit KKUK,23
2921559,Bastien Noel,M,3488,159 reps,,159,France,Berus CrossFit,27
2608026,Dan Passaro,M,3489,159 reps,,159,United Kingdom,Celtic CrossFit,44
780208,Dave Mallison,M,3489,159 reps,,159,United Kingdom,CrossFit RTV,30
2903171,Michael Bengs,M,3491,159 reps,,159,United States,Shogun CrossFit,45
2033268,Erich Luichinger,M,3492,159 reps,,159,United States,CrossFit New Albany,48
2913350,Ha woo Kim,M,3493,159 reps,,159,Korea (the Republic of),Jinju CrossFit,30
1589399,Jason Clark,M,3494,159 reps,,159,United States,Ft. Wright CrossFit,48
2613578,Joachim Schindele,M,3495,159 reps,,159,Germany,CrossFit Helden,43
2405586,Dr. Aik Wirsbinna,M,3496,159 reps,,159,Germany,CrossFit Helden,52
2512405,Nicholas Allatt,M,3497,159 reps,,159,Australia,CrossFit Dubbo,36
2953917,Renato Hyodo,M,3497,159 reps,,159,Japan,CrossFit Mooloolaba,34
2384189,Yaron Sharoni,M,3497,159 reps,,159,Israel,YV CrossFit Afula,47
2222302,Jeremy Masson,M,3497,159 reps,,159,France,100 Pourcent CrossFit,40
2917000,Scott Riggs,M,1951,203 reps,,203,United Kingdom,CrossFit RNA,25
2861097,Dennis Burnham,M,1952,203 reps,,203,United Kingdom,CrossFit Habitat,27
2972616,Yanai Yeshurun,M,1953,203 reps,,203,Israel,CrossFit Namal,28
2691442,Alex Kinnell,M,1953,203 reps,,203,United Kingdom,CrossFit Stalybridge,30
2960744,Jay Versluis,M,1953,203 reps,,203,Australia,CrossFit BodiComplete,22
2248594,jongwoo kim,M,1953,203 reps,,203,Korea (the Republic of),CrossFit South Swell,47
1958418,Mika Viikari,M,1953,203 reps,,203,Finland,CrossFit Tampere,39
914745,Daniel Kersken,M,1953,203 reps,,203,Germany,Good Times CrossFit,39
1292969,Lars Bakke,M,1953,203 reps,,203,Norway,CrossFit Oslo Kriger,42
2609016,Keyang Tao,M,1953,203 reps,,203,China,CrossFit Tianfu,37
2915049,Zach Allen,M,1953,203 reps,,203,United Kingdom,RH10 CrossFit,40
2912183,Oscar Ibos-Robart,M,1953,203 reps,,203,France,Human First CrossFit,22
1268689,Sammy Davies,M,1963,202 reps,,202,United Kingdom,CrossFit Llanelli,42
2477561,Rick Wiltshire,M,1964,202 reps,,202,Australia,CrossFit Remi,31
1198455,Paul Garcia,M,1965,202 reps,,202,United States,Driven to Conquer CrossFit,38
2445347,Mat Duff,M,1965,202 reps,,202,New Zealand,CrossFit 564,33
2940452,Seth Allan,M,1967,202 reps,,202,New Zealand,CrossFit Christchurch,23
1279879,Jules Dulauroy,M,1968,202 reps,,202,France,CrossFit Poitiers,41
2869763,Andrei Stalmashonak,M,1968,202 reps,,202,Germany,CrossFit Halle,46
2696372,Brendan Dowson-Warbrick,M,1970,202 reps,,202,Australia,CrossFit Lower Mountains,25
2326297,Chance Harness,M,1971,202 reps,,202,Canada,CrossFit All Level,30
2788944,Alexandre Araujo,M,1972,202 reps,,202,Brazil,CrossFit Leixlip,42
102153,Jeffrey Lewis,M,1973,202 reps,,202,Australia,CrossFit Dauntless,40
1439518,Einar Einarsson,M,1974,202 reps,,202,Sweden,CrossFit Aptior 1,45
2931508,Berton Venter,M,1975,202 reps,,202,United States,CrossFit LYFE,22
1815230,Jake Downie,M,1976,202 reps,,202,Australia,Reebok CrossFit Frankston,33
2781578,Kim Siwon,M,1976,202 reps,,202,Korea (the Republic of),CrossFit Fit Force,25
2818280,Hansheng Kuo,M,1976,202 reps,,202,Chinese Taipei,CrossFit UltiLife,37
2924614,UGO MASANET,M,1979,202 reps,,202,France,CrossFit Les Valls,25
2966337,상현 김,M,1980,202 reps,,202,Korea (the Republic of),CrossFit Depth,24
84282,Mitchell Cox,M,1981,202 reps,,202,Australia,CrossFit DECK,42
2294562,Olivier Fleurent Lemire,M,1981,202 reps,,202,Canada,CrossFit Caribou,36
2467318,Laurynas Dailide,M,1983,202 reps,,202,Lithuania,Amber CrossFit,46
1306037,Kieran Bligh,M,1984,202 reps,,202,Australia,CrossFit 43,37
99779,Francois Guilbot,M,1985,202 reps,,202,France,CrossFit La Roche sur Yon,48
2817839,Amer Nasr,M,1986,202 reps,,202,United Kingdom,CrossFit Bath,36
2940206,Yo Han Shin,M,1987,202 reps,,202,New Zealand,CrossFit Mecca,31
2348226,Pedro Barbosa,M,1987,202 reps,,202,Brazil,Perfect Box CrossFit,29
1863817,Amaury Chartiot,M,1987,202 reps,,202,France,,26
2742005,Ethan Hutchings,M,1987,202 reps,,202,Australia,CrossFit Greater West,22
2710404,Chris Maroun,M,1987,202 reps,,202,France,CrossFit Bourg-en-Bresse,28
2968606,Ben Shaw,M,1992,201 reps,,201,Australia,CrossFit Ulladulla,41
2970617,yun Seung yeon,M,1993,201 reps,,201,Korea (the Republic of),,24
2794201,JAYUN KU,M,1994,201 reps,,201,Korea (the Republic of),CrossFit Ssangmun,29
1914509,Bryan Flores-Rosario,M,1995,201 reps,,201,United States,CrossFit OwnIt,29
2936420,Maximiliano Carral,M,1996,201 reps,,201,Argentina,CrossFit Noosa,33
713151,Cleber Magnago,M,1997,201 reps,,201,Brazil,Reino CrossFit,36
2821908,Jesse Aldridge,M,1998,201 reps,,201,United States,CrossFit Goose Creek,29
2739053,Nicholas George,M,1999,201 reps,,201,Australia,CrossFit Dauntless,24
2147183,Pak Hei Yuen,M,2000,201 reps,,201,"Hong Kong, China",Adapt CrossFit,27
2839418,Marshall Bradley,M,3501,158 reps,,158,Australia,CrossFit Virtuous,16
2832666,SHOTA ENDO,M,3502,158 reps,,158,Japan,CrossFit Mitaka,45
2963856,Stephen Chivers,M,3503,158 reps,,158,Australia,CrossFit TRG,35
2905101,Christopher van Wyk,M,3504,158 reps,,158,New Zealand,H1 CrossFit,36
2092312,Grant Baillie,M,3505,158 reps,,158,United Kingdom,CrossFit Crawley,44
2962451,Kristian Laskowski,M,3506,158 reps,,158,Australia,CrossFit Dubbo,40
2896399,Willi Knaus,M,3507,158 reps,,158,Germany,CrossFit Helden,44
2925308,Matteo Ettorre,M,3508,158 reps,,158,Italy,CrossFit 36100,40
2832795,Mindaugas Siautilas,M,3509,158 reps,,158,United Kingdom,CrossFit Milton Keynes,45
2954918,Damien Ruebrecht,M,3510,158 reps,,158,France,CrossFit Sarlat la Caneda,36
2765485,Rayan Aljasser,M,3511,158 reps,,158,Saudi Arabia,,20
2897638,Carlos Augusto Talevi,M,3511,158 reps,,158,Brazil,CrossFit Telêmaco Borba,22
2820677,Jake Sudrajat,M,3513,158 reps,,158,Australia,CrossFit 4566,33
2812652,Xiao Han,M,3514,158 reps,,158,Australia,CrossFit Blackburn,33
2950908,Nikhil Dhiri,M,3515,158 reps,,158,United Kingdom,CrossFit Solihull,38
304719,Phil Bates,M,3516,158 reps,,158,Australia,CrossFit VFL,54
58451,Christo van Dyk,M,3517,158 reps,,158,Australia,CrossFit Flourish,47
2181086,David Such,M,3518,158 reps,,158,United Kingdom,NOMADIC TC CrossFit,38
2972042,Josh Panton,M,3519,158 reps,,158,United Kingdom,CrossFit Colchester,39
2175451,Joseph Lofrese,M,3520,158 reps,,158,United States,CrossFit Takeback,47
2807668,Pace Bates,M,3520,158 reps,,158,United States,CrossFit Vokse,36
2782251,Anouar Hassoun,M,3520,158 reps,,158,France,CrossFit Dunkerque,39
2792530,Rory Krieg,M,3523,157 reps,,157,United States,Blackheart CrossFit,36
2660016,Markus Fraunhoffer,M,3524,157 reps,,157,Germany,Riginal CrossFit Nürnberg,32
2808657,Jonas O'Brien,M,3525,157 reps,,157,Australia,Flat White CrossFit Strathfield,47
2971031,Abraham Arredondo,M,3526,157 reps,,157,United States,CrossFit Epoch,30
327980,Eduardo Nagamine,M,3527,157 reps,,157,Chinese Taipei,L7 CrossFit Ba Ke Si,50
2425489,Marco Messina,M,3528,157 reps,,157,Italy,CrossFit Trigoria,35
2482507,Cameron Purdy,M,3529,157 reps,,157,Australia,Innerbloom CrossFit,22
2690421,Harry Sami,M,3530,157 reps,,157,United Kingdom,CrossFit Cheltenham,28
2526298,Gabe Creech,M,3530,157 reps,,157,United States,Supercharged Speedsters CrossFit,45
2490303,Nico Hernando San Jose,M,3532,157 reps,,157,Philippines,CrossFit West Melbourne,41
2641832,Pedro Coelho,M,3532,157 reps,,157,Brazil,Punk CrossFit Eldorado,27
2956314,Harry Barden,M,3532,157 reps,,157,Australia,CrossFit Hijacked,30
2263124,Johann Bronner,M,3532,157 reps,,157,France,CrossFit Valenton,44
1267152,Amílcar Antunes,M,3536,157 reps,,157,Brazil,Equilíbrio CrossFit,43
2434563,Alexandre Nau,M,3537,157 reps,,157,France,CrossFit Louvre,28
2604189,Deri Hughes,M,3537,157 reps,,157,United Kingdom,CrossFit Talisman,46
2908702,Chris Popplewell,M,3539,157 reps,,157,United Kingdom,I Am The Project CrossFit,33
1759923,Antoine Kobel,M,3540,157 reps,,157,France,CrossFit de la Paix,39
2941722,James Dean,M,3540,157 reps,,157,United Kingdom,179 CrossFit,37
2963111,Marc Radford-Hindley,M,3542,157 reps,,157,United Kingdom,CrossFit JST,34
2619385,Kester Holdsworth,M,3543,157 reps,,157,United Kingdom,Ore CrossFit,45
2837560,Yehuda Dembitzer,M,3544,157 reps,,157,United States,CrossFit Coney Island,35
680098,Lei Nie,M,3545,157 reps,,157,China,CrossFit Yuen,42
2836737,Greg Bradham,M,3546,157 reps,,157,United States,Cajun CrossFit,33
2477081,Sam Hampson,M,3547,157 reps,,157,Australia,CrossFit The Shack,41
2971832,Simon Raffier,M,3548,157 reps,,157,France,,31
2778361,Nadim Saklawi,M,3548,157 reps,,157,Lebanon,CrossFit 360Vida,32
1790634,Laurent Biehlmann,M,3548,157 reps,,157,France,CrossFit Grillen,49
2473001,Eddie Johnson,M,3548,157 reps,,157,United States,BGB CrossFit,48
2615312,Brenden Pocock,M,3548,157 reps,,157,Australia,CrossFit Bounce,53
2177489,Rob Sharp,M,3548,157 reps,,157,Australia,CrossFit Southern Highlands,52
2669176,Yonghyun Park,M,3548,157 reps,,157,Korea (the Republic of),CrossFit Teddygym,46
2914950,Kennedy Feehan,M,3555,156 reps,,156,Australia,CrossFit Uplift,26
2970679,Nick Muck,M,3556,156 reps,,156,United States,Aliso CrossFit,30
2191540,Chris Southall,M,3557,156 reps,,156,Australia,CrossFit Coastal Edge,42
1815317,Darren Vogler,M,3558,156 reps,,156,Australia,CrossFit Nitro,40
2282186,Shane Wagner,M,3558,156 reps,,156,Canada,CrossFit Novus,43
2925732,Jedd Boreham,M,3560,156 reps,,156,Australia,CrossFit Uplift,26
2963974,Cooper Wilkerson,M,3561,156 reps,,156,United States,CrossFit Zapped,20
1767572,Harry Ellingwood,M,3562,156 reps,,156,United States,CrossFit 54,38
2786841,DONG GI KIM,M,3563,156 reps,,156,Korea (the Republic of),CrossFit Apgujeong,43
2441364,Anthony Alvaro,M,3564,156 reps,,156,Australia,CrossFit Zenith,34
2970322,David Hames,M,3565,156 reps,,156,United States,CrossFit South Forney,45
2925020,matthew miranda,M,3566,156 reps,,156,United States,CrossFit Wash Park,27
2915417,shan li,M,3567,156 reps,,156,Korea (the Republic of),CrossFit Sanbon,27
2424880,Justin Camarena,M,3568,156 reps,,156,United States,CrossFit Mount Pleasant,42
2909208,Jackson Demler,M,3569,156 reps,,156,Australia,Inner City CrossFit,35
2951579,Cameron Findsen,M,3570,156 reps,,156,Australia,CrossFit Brendale,30
2069553,Itsuki TAMASHIRO,M,3571,155 reps,,155,Japan,A Plus CrossFit Hommachi,25
2668668,Chris Wang,M,3572,155 reps,,155,Australia,Hive Active CrossFit,50
2947350,Martin Lawson,M,3573,155 reps,,155,United Kingdom,CrossFit Humber,39
2292761,Joonyoung Kim,M,3574,155 reps,,155,Korea (the Republic of),CrossFit Vulcan,34
2788452,wonsub shin,M,3574,155 reps,,155,Korea (the Republic of),CrossFit Dinosaur,36
2931304,Julien Dutertre,M,3574,155 reps,,155,France,CrossFit Autricum,42
2477133,Diego Sierra,M,3577,155 reps,,155,Brazil,CrossFit City Wolves,45
2731328,Shu Liu,M,3577,155 reps,,155,China,No One CrossFit,37
1644360,Ryan Walsh,M,3579,155 reps,,155,United States,CrossFit Seize the Day,39
2905647,Bastien Zanon,M,3579,155 reps,,155,France,CrossFit Metz Centre,33
2962442,Samuel Florey,M,3581,155 reps,,155,United Kingdom,Two Ton CrossFit,39
713142,Carlos Pandolfi,M,3581,155 reps,,155,Brazil,Reino CrossFit,42
2673625,Dario Menendez,M,3583,155 reps,,155,Australia,CrossFit 2147,43
2781375,Matthieu VANWARREGHEM,M,3584,155 reps,,155,France,CrossFit Safe,39
2840134,giljae Kwak,M,3585,155 reps,,155,Korea (the Republic of),CrossFit DAEGA,48
2951956,Haneol Lee,M,3586,155 reps,,155,Korea (the Republic of),,35
2080565,Matt Bligh,M,3587,155 reps,,155,Australia,CrossFit Moreton Bay,41
2962988,Dominic Crucitti,M,3587,155 reps,,155,United States,,39
1695306,Ian-Joshua Pieterse,M,3587,155 reps,,155,South Africa,,30
2491078,Haedoori Hwang,M,3590,155 reps,,155,Korea (the Republic of),CrossFit Vulcan,36
643128,Kyle Schutte,M,3591,155 reps,,155,South Africa,Greenside CrossFit,39
2645758,Ben Stewart,M,3592,155 reps,,155,Australia,CrossFit 505,43
2663352,Jed Lacey,M,3593,155 reps,,155,Australia,CrossFit Western Front,22
2368220,Yan Yan,M,3594,155 reps,,155,China,CrossFit Sai Lei,35
2971919,Vincent Audiffren,M,3594,155 reps,,155,France,CrossFit Montecarlo,28
2817650,William Howden,M,3594,155 reps,,155,Australia,CrossFit Bairnsdale,35
2087733,Joel Firns,M,3594,155 reps,,155,Australia,CrossFit Barwon,35
2931024,Jason DC Kim,M,3594,155 reps,,155,Australia,CrossFit Geo,52
2915606,Bjorn van Elst,M,3594,155 reps,,155,Netherlands,CrossFit Cuijk,33
2805731,Kain Simpson,M,3594,155 reps,,155,Australia,CrossFit Dubbo,26
2400106,Robert Fowler,M,3594,155 reps,,155,United States,CrossFit Krypton,54
560721,Jeremy Gilberd,M,3602,154 reps,,154,Australia,,48
2972482,Toby Chatman,M,3603,154 reps,,154,United Kingdom,CrossFit Monarch Borough Parade,17
1768391,Jon Farrow,M,3604,154 reps,,154,United Kingdom,CrossFit Humber,35
2594454,Giovanni Selmi,M,3605,154 reps,,154,Italy,CrossFit 55049 Viareggio,45
1489014,Jeonghoon Park,M,3606,154 reps,,154,Korea (the Republic of),CrossFit Sound Wave,52
2946793,Giovanni lapo raffaello Carobbi,M,3607,154 reps,,154,Italy,CrossFit Iris,42
2679794,David Woodward,M,3608,154 reps,,154,United States,CrossFit FXT,44
2972409,Markus Schmucker,M,3609,154 reps,,154,Germany,CrossFit Elmshorn,48
2803986,Marti Duya,M,3610,154 reps,,154,Philippines,CrossFit TRG,33
2825636,Russell Drayton,M,3610,154 reps,,154,United Kingdom,X Lab CrossFit Worthing,44
2928203,Helio Jose Biancardi Oliveira,M,3612,154 reps,,154,Brazil,Reino CrossFit,43
924501,Markus Lehmann,M,3613,154 reps,,154,Germany,CrossFit Erlangen,38
2592474,William Wood,M,3613,154 reps,,154,United Kingdom,CrossFit Tunbridge Wells,39
2908028,VIncenzo Cupido,M,3615,154 reps,,154,Italy,CrossFit 55049 Viareggio,49
2971784,Thomas Dootson,M,3616,154 reps,,154,United Kingdom,CrossFit Richmond,28
692179,Dong Man Jang,M,3617,154 reps,,154,Korea (the Republic of),CrossFit Misa,52
2908815,Caio Henrique Yoshikatsu Ueda,M,3618,154 reps,,154,Brazil,CrossFit High Pulse,32
2934902,James Yun,M,3619,154 reps,,154,New Zealand,CrossFit Inner Strength,23
665828,Ry Imhoff,M,3620,154 reps,,154,Australia,CrossFit 43,33
2813280,Kristopher Watts,M,3620,154 reps,,154,United Kingdom,CrossFit Lacemakers,43
2963390,Jacob Dranse,M,3622,154 reps,,154,United Kingdom,Six Hills CrossFit,23
1536548,Antonio Landry,M,3622,154 reps,,154,United States,CrossFit Fireground,50
2249321,Khomtatite /Awaseb,M,3622,154 reps,,154,Namibia,CrossFit Damascus,43
2967202,Bongseong Oh,M,3625,154 reps,,154,Korea (the Republic of),CrossFit DAEGA,35
2938758,Stefan L,M,3626,154 reps,,154,Australia,CrossFit Facilitate,43
2646970,Antonio Yon,M,3627,154 reps,,154,Guatemala,CrossFit Kom,18
2915876,Keith Fairhurst,M,3627,154 reps,,154,United Kingdom,CrossFit Northumbria,46
360369,Andrew Weatherley,M,3629,154 reps,,154,Australia,CrossFit Revelation,39
2972298,Richard Harris,M,3630,154 reps,,154,United Kingdom,CrossFit 115,43
2941100,Eduardo Martins,M,3630,154 reps,,154,Brazil,Mount CrossFit,40
2972878,Marquis McBeath,M,3632,154 reps,,154,United States,CrossFit Ho'ola,41
2971875,Alberto Garcia Sanz,M,3632,154 reps,,154,Spain,CrossFit 168 II,32
1657569,Hosig Jang,M,3632,154 reps,,154,Korea (the Republic of),CrossFit Stadion Pangyo,34
2298985,Josh Kego,M,3632,154 reps,,154,Canada,,27
2681372,Eran Tal,M,3632,154 reps,,154,Israel,CrossFit Via Maris,52
2539024,Luke Couch,M,3632,154 reps,,154,United Kingdom,,26
2933733,Gaby Kot,M,3632,154 reps,,154,Israel,CrossFit Haifa,30
2486843,Andrew Jamons,M,3632,154 reps,,154,Australia,The Gym Condell Park CrossFit,30
2916935,Or Yosef,M,3632,154 reps,,154,Israel,YV CrossFit Afula,30
1455869,Ricardo Ayala,M,3641,153 reps,,153,El Salvador,CrossFit Hallam,35
487371,Morgan Larsson,M,3642,153 reps,,153,Sweden,CrossFit Västkusten,50
2936605,Ekaitz Zabaleta,M,3643,153 reps,,153,"Palestine, State of",White Grizzly CrossFit,34
2907248,Matthew McGregor,M,3643,153 reps,,153,Australia,CrossFit 4165,36
2928911,Creusot Edouard,M,3645,153 reps,,153,France,Ash CrossFit,43
2903086,Kyudong Kim,M,3646,153 reps,,153,Korea (the Republic of),CrossFit Misa,41
2822509,Guti Maldonado,M,3647,153 reps,,153,Mexico,CrossFit 520 Kairos,28
2972929,Alex McCarthy,M,3648,153 reps,,153,United States,CrossFit ENG,36
2177355,Jacob Betzold,M,3649,153 reps,,153,Australia,PBTL CrossFit,29
2649799,Francesco Demaldè,M,3650,153 reps,,153,Italy,CrossFit Modena,31
1478483,Tim Carson,M,2150,197 reps,,197,United Kingdom,CrossFit Lisburn,45
2956903,Nicolas Martin,M,2150,197 reps,,197,France,Le Village CrossFit LR,45
2441508,Angus McGuire,M,2153,197 reps,,197,New Zealand,The Shed CrossFit,33
960820,Wesley McNaughton,M,2154,197 reps,,197,Australia,CrossFit Confront,37
2364652,Morgan Tanner,M,2154,197 reps,,197,United States,Round Valley CrossFit,42
2472540,Ivar Bjørnstad,M,2156,197 reps,,197,Norway,CrossFit Elverum,40
2657413,Raphael Sigrist,M,2157,197 reps,,197,Switzerland,,31
1064485,Ata Ceviker,M,2158,197 reps,,197,Australia,CrossFit 4178,31
2809286,Hunter Howard-Osborne,M,2158,197 reps,,197,Australia,CrossFit Soar,26
1635746,Hannes Schwägerl,M,2160,197 reps,,197,Germany,CrossFit Erlangen,37
2178606,Will Speer,M,2161,197 reps,,197,United States,CrossFit Engage,43
1854140,Chen Chun-Lin,M,2162,197 reps,,197,Chinese Taipei,CrossFit Zing,29
2817294,Micah Nevard,M,2163,197 reps,,197,United States,North Country CrossFit,34
2829099,Javi Rabadan,M,2163,197 reps,,197,United States,CrossFit ZHF,36
2841430,Jay Hart,M,2165,197 reps,,197,United States,CrossFit Vox,41
2939640,Philipp Ringwald,M,2166,197 reps,,197,Germany,CrossFit Helden,32
1235177,Yonghan Ting,M,2166,197 reps,,197,Singapore,CrossFit Hub,44
2645522,Patrick Faapoi,M,2168,197 reps,,197,New Zealand,CrossFit Greater West,33
2960991,Miguel Davila,M,2168,197 reps,,197,Philippines,CrossFit Prime Ape Club,27
2436158,Bruno Reis,M,2168,197 reps,,197,Brazil,Go Piatã CrossFit,31
2945143,Peru Badiola Erkiaga,M,2168,197 reps,,197,Spain,CrossFit Urquijo,43
44131,Marken Orser,M,2168,197 reps,,197,United States,New Day CrossFit,46
2929390,Thomas Hutton,M,2168,197 reps,,197,Australia,CrossFit Audax,31
2793918,Ty Huggins,M,2168,197 reps,,197,Australia,CrossFit Moreton Bay,31
2618296,Sebastian Sierra,M,2168,197 reps,,197,Colombia,Raw Iron CrossFit,30
2685439,Wayne Bruce,M,2168,197 reps,,197,Australia,Rise And Conquer CrossFit,41
65847,Jason Clouse,M,2177,196 reps,,196,United States,CrossFit Fort Vancouver,48
2874848,Martin Perdius Jansson,M,2178,196 reps,,196,Sweden,CrossFit Boxen Vallentuna,34
743668,Hyunseong Kim,M,2179,196 reps,,196,Korea (the Republic of),CrossFit Raindrop,35
2515930,Christopher Emmanuel,M,2180,196 reps,,196,United Kingdom,CrossFit Hunted Fitness,41
2355423,Anthony Doyle,M,2181,196 reps,,196,Australia,CrossFit Northbound,52
2904787,Henrique Finger,M,2182,196 reps,,196,Brazil,Republica CrossFit,24
1208754,João José,M,2183,196 reps,,196,Portugal,CrossFit Foz,45
2970692,GU DOHYEONG,M,2184,196 reps,,196,Korea (the Republic of),CrossFit KingGom,26
666272,Sylvain Hilaire,M,2184,196 reps,,196,France,CrossFit Sainte Consorce,43
2944277,Enrique Pauthonnier,M,2186,196 reps,,196,New Zealand,CrossFit Kia Maia,24
2825387,Guillaume Cabrera,M,2187,196 reps,,196,France,CrossFit Ternay,37
431904,Lockie Jeffrey,M,2188,196 reps,,196,Australia,CrossFit St Kilda,53
2829213,Daniel Logue,M,2189,196 reps,,196,United Kingdom,CrossFit Chiltern,32
2972565,Carl Müller,M,2190,196 reps,,196,France,CrossFit Kalon,40
482977,Kean Fennell,M,2191,196 reps,,196,Australia,CrossFit Brisbane,39
2472860,Lachlan Simpson,M,2192,196 reps,,196,Australia,PBTL CrossFit,29
2823748,Robin Kappel,M,2193,196 reps,,196,France,CrossFit Epinal,31
2453609,Anthony Morgan,M,2194,196 reps,,196,United States,CrossFit OYL,33
2311758,Andy Pech,M,2195,196 reps,,196,Australia,Rocks CrossFit,43
2063013,Daniel Larkin,M,2196,196 reps,,196,Australia,CrossFit Marrickville,35
1775577,Colin Waipuka,M,2197,196 reps,,196,Australia,CrossFit Volume,38
683190,Paul Derence,M,2198,196 reps,,196,United States,CrossFit Agoge,43
2438430,Cody Slusser,M,2199,196 reps,,196,United States,Free Will CrossFit,32
1333180,Edgar Sousa,M,2199,196 reps,,196,Portugal,CrossFit Montijo,46
1959105,Max Lees,M,251,268 reps,,268,Australia,HomeFront CrossFit,24
2492652,Tijmen Gores,M,252,268 reps,,268,Netherlands,CrossFit Arnhem,30
2965597,Luciano Franco,M,253,268 reps,,268,United Kingdom,CrossFit 168 Alexandria,28
2494335,Damiano Piccirilli,M,254,268 reps,,268,Italy,CrossFit Frosinone,36
2712511,Aaron Jackson,M,255,267 reps,,267,New Zealand,,25
2546992,John Langhelt,M,256,267 reps,,267,United Kingdom,CrossFit Talisman,45
2754155,Max Knox,M,257,267 reps,,267,Australia,RFX Athletic CrossFit Bibra Lake,23
2063625,Bastien Moreau,M,258,266 reps,,266,France,,26
1782322,Marco Bonora,M,259,266 reps,,266,Italy,CrossFit Udine,47
1909580,Ryan Jessup,M,260,266 reps,,266,Australia,Inbound CrossFit,36
2142947,Connor Hunt,M,261,266 reps,,266,United Kingdom,CrossFit Noosa,29
2607738,Xuchang Li,M,262,266 reps,,266,China,Stud CrossFit,27
2684710,Conor Dolan,M,263,266 reps,,266,Ireland,CrossFit Vauxhall,34
2927870,Myeong San,M,263,266 reps,,266,Korea (the Republic of),,28
2155821,Lucas Marc,M,265,266 reps,,266,France,CrossFit Factory Boulogne Billancourt,29
1694121,More Xavier,M,265,266 reps,,266,Belgium,CrossFit The Crypt,36
2468051,Keith Hassert,M,267,265 reps,,265,United States,CrossFit Kokua,40
1573206,Andrea Arzillo,M,268,265 reps,,265,Italy,CrossFit Modena,32
225013,David Kelly,M,269,265 reps,,265,Ireland,CrossFit Green,42
2087332,Joe Toft,M,270,265 reps,,265,United Kingdom,CrossFit Connect,36
267737,Ryan Brotherston,M,271,265 reps,,265,United Kingdom,White Cliffs CrossFit,34
2230629,Damien LE GALL,M,272,265 reps,,265,France,CrossFit Andarta,36
2678763,Oh taehun,M,273,265 reps,,265,Korea (the Republic of),Jinju CrossFit,27
2325253,FENG HU,M,274,265 reps,,265,China,CrossFit SZ,29
139680,Nolan Ritchie,M,275,264 reps,,264,United States,All Heart CrossFit,35
1244455,Lachlan Raward,M,276,264 reps,,264,Australia,CrossFit Huski,42
1808135,Jordy Bache,M,277,264 reps,,264,France,Virtus Honor CrossFit,33
668358,Ruben De Ruyter,M,278,264 reps,,264,Belgium,CrossFit Potsdam,31
2612906,TAEJUNG KIM,M,279,264 reps,,264,Korea (the Republic of),CrossFit Teddygym,33
1541832,Jordan Francisco,M,279,264 reps,,264,France,CrossFit Vaise District,31
860926,Dominic Geoghegan,M,281,263 reps,,263,United Kingdom,CrossFit Mercia,43
7232,Martin Stepanek,M,281,263 reps,,263,Czechia,CrossFit Hradec Kralove,49
2208969,Alex Feilden-Cook,M,283,263 reps,,263,United Kingdom,CrossFit Bath,40
2500551,Jacob Clasen,M,284,263 reps,,263,Germany,Boundary CrossFit 2,29
1024494,Zachary Kaddatz,M,284,263 reps,,263,Australia,CrossFit Confront,34
2657460,Yun Seop Kwon,M,286,263 reps,,263,Korea (the Republic of),CrossFit Gangnam,28
2599053,Nathan Hunsley,M,287,263 reps,,263,United States,CrossFit Lynchburg,30
2638295,Yechan Juen,M,288,263 reps,,263,Korea (the Republic of),CrossFit BAGEL,30
2164386,Simyon Minasov,M,289,262 reps,,262,Israel,CrossFit Haifa,30
2961523,Antoine Floch,M,290,262 reps,,262,France,L'Arene CrossFit Fontenay Sous Bois,30
1163181,Race Cotton,M,291,262 reps,,262,Australia,Freezing Hot CrossFit,23
1746154,Harley Thompson-Smith,M,292,262 reps,,262,Australia,CrossFit Lower Mountains,32
2261747,Nicholas Hendon,M,293,262 reps,,262,United States,,27
2168341,Callum McCabe,M,293,262 reps,,262,Ireland,CrossFit Southend,27
510178,Sangwoo Seok,M,295,262 reps,,262,Korea (the Republic of),CrossFit Gunja,36
1193534,Aitor Garcia Barcena,M,296,262 reps,,262,Spain,Blue Grizzly CrossFit,37
2422819,Jasper Tuerlings,M,297,262 reps,,262,Netherlands,CrossFit Piushaven,31
1924345,Alexandre Cavanna,M,298,261 reps,,261,France,,36
749303,Roland Guillot,M,299,261 reps,,261,France,CrossFit Hostilius,31
2567221,Brad Tyszyk,M,299,261 reps,,261,Australia,CrossFit Altitude,32
953284,Andrew Murray,M,3701,151 reps,,151,United States,CrossFit 516,52
2806099,Nikhil Nambiar,M,3701,151 reps,,151,Australia,CrossFit Narellan,40
739464,Raymond Cummings,M,3701,151 reps,,151,Australia,CrossFit 2795,44
2947300,Daniel Evans,M,3701,151 reps,,151,United States,CrossFit Grissom,46
2940371,Kay Wiebrands,M,3701,151 reps,,151,United Kingdom,CrossFit WDN,41
4031,Mark Bounader,M,3706,150 reps,,150,Australia,,42
2593503,Bryan Flores,M,3707,150 reps,,150,United States,Middletown CrossFit,27
2914663,Philip Hamann,M,3707,150 reps,,150,United Kingdom,CrossFit Bath,43
2798659,Ming Cheng Hsieh,M,3709,150 reps,,150,Chinese Taipei,Hongtai CrossFit,38
1302918,Clay Strickland,M,3710,150 reps,,150,United States,CrossFit Ho'ola,42
2839538,Gabe Filomeno,M,3711,150 reps,,150,New Zealand,CrossFit Hibiscus Coast,42
2907393,Park Seongyong,M,3711,150 reps,,150,Korea (the Republic of),CrossFit Baegot,30
2931263,Cassian MacKean,M,3713,150 reps,,150,United Kingdom,CrossFit Chew Valley,38
2948267,Seunghyuk Jeon,M,3714,150 reps,,150,Korea (the Republic of),,31
2972577,Lionel NONCLERCQ,M,3715,150 reps,,150,France,,35
1711096,Andre Fichardt,M,3715,150 reps,,150,South Africa,Red X CrossFit,40
2112901,Arthur Koo,M,3717,150 reps,,150,Singapore,Team Secret CrossFit,50
797654,Morgan Atwell,M,3718,150 reps,,150,United States,CrossFit LowCo,47
1691233,Jamie Malloy,M,3719,150 reps,,150,Australia,CrossFit Underway,32
2972078,Olli Luukas,M,3720,150 reps,,150,Finland,CrossFit 40100,38
2964864,Marc Schreiber,M,3720,150 reps,,150,Germany,CrossFit Tuttlingen,38
1354097,Josh Hill,M,3720,150 reps,,150,Australia,The Peoples Gym CrossFit,39
1316196,Gary Smith,M,3723,150 reps,,150,United Kingdom,Leighton Buzzard CrossFit,46
1426151,David Bullock,M,3724,150 reps,,150,United Kingdom,CrossFit Chippenham,46
2424617,Roy van Leeuwen,M,3724,150 reps,,150,Netherlands,CrossFit Uden,35
1421025,Bevan Kling,M,3726,150 reps,,150,Australia,CrossFit Torian,45
1351092,Shaked Ofer,M,3727,150 reps,,150,Israel,YV CrossFit Afula,34
2943677,Mike Lucas,M,3728,150 reps,,150,United Kingdom,Second City CrossFit,44
2709231,Yi Jun Huang,M,3728,150 reps,,150,Chinese Taipei,4SC CrossFit,28
2686851,Surju Kanani,M,3728,150 reps,,150,United Kingdom,CrossFit BFG,41
2442538,Guillaume Bruyere,M,3728,150 reps,,150,France,,33
686621,Sung Duk Choi,M,3732,149 reps,,149,Korea (the Republic of),BASALT CrossFit,43
2802106,Julio Silva,M,3733,149 reps,,149,Portugal,CrossFit Black Edition,37
2501295,James Pilk,M,3734,149 reps,,149,United Kingdom,CrossFit Dire Wolf,36
163080,Marco Pham,M,3735,149 reps,,149,Australia,,36
1000179,Will Hodder,M,3736,149 reps,,149,Australia,CrossFit Cranbourne,46
2842388,Charley Guerrois,M,3737,149 reps,,149,France,CrossFit Chartres,36
2070501,Aaron Rojas,M,3737,149 reps,,149,Australia,CrossFit West Melbourne,33
2331520,Mark Grimwade,M,3739,149 reps,,149,United Kingdom,I Am The Project CrossFit,41
1571106,Kevin Jones,M,3739,149 reps,,149,United States,,41
2950688,Simone Galassi,M,3741,149 reps,,149,Italy,CrossFit Cervia,36
2972038,Arnaud Coispine,M,3742,149 reps,,149,France,CrossFit Graoully,31
763771,Michael Kitts,M,3742,149 reps,,149,United States,NXT Level CrossFit,54
2805712,Robert Johnman,M,3742,149 reps,,149,United Kingdom,CrossFit Glenrothes,38
2971798,Hudson Low,M,3745,149 reps,,149,Australia,CrossFit United Bundaberg,24
2180431,Joel Lewis,M,3746,149 reps,,149,United Kingdom,CrossFit Chew Valley,47
2783134,Itay Endler,M,3747,149 reps,,149,Israel,CrossFit Rishon City,18
2941718,Marvin Tabor,M,3747,149 reps,,149,United States,CrossFit Simpsonville,45
2912198,Yang Fran,M,3747,149 reps,,149,China,CrossFit Hertz 江河汇馆,30
2829941,Harry Wood,M,3747,149 reps,,149,United Kingdom,CrossFit 258,40
89831,Andrew Boyd,M,101,288 reps,,288,Ireland,Equip CrossFit,41
2423549,문 카멜,M,102,288 reps,,288,Korea (the Republic of),CrossFit Rikka,29
2957247,Cody Bell,M,103,287 reps,,287,Australia,CrossFit HBZ,26
2852398,Niël Zimmermann,M,104,287 reps,,287,South Africa,CrossFit PBM,34
2484656,Spencer Grubbs,M,105,287 reps,,287,United States,CrossFit East Nashville,31
1761075,Baxter King,M,106,287 reps,,287,New Zealand,CrossFit Athletic,35
568411,Morgan Lambert,M,107,287 reps,,287,United Kingdom,CrossFit Southend,30
2230486,Shawn Obree,M,107,287 reps,,287,Australia,CrossFit Access,32
202638,Royce Dunne,M,107,287 reps,,287,Australia,CrossFit Torian,35
2971374,Léo Philippon,M,110,287 reps,,287,Canada,,16
2602271,Peng Jiang,M,110,287 reps,,287,China,No One CrossFit,31
693714,Jaeho Choi,M,110,287 reps,,287,Korea (the Republic of),CrossFit Depth,36
299978,Nick Petersen,M,110,287 reps,,287,United States,Kamo Athletics CrossFit,32
1724123,Yangcorgi ,M,114,286 reps,,286,Korea (the Republic of),CrossFit TSF,26
983744,Daniel Simonovski,M,115,286 reps,,286,Australia,CrossFit Never Quit,40
2236998,Alastair Combe,M,116,286 reps,,286,United Kingdom,CrossFit Medway,28
2696332,Dillon Eastick,M,116,286 reps,,286,Australia,,38
1905066,Vicente Herrero,M,116,286 reps,,286,Spain,CrossFit Cordoba,33
2971878,Dylan Rani,M,119,286 reps,,286,Croatia,,28
2200834,Dylan Chow,M,119,286 reps,,286,Australia,Third Circle CrossFit,28
2271484,Freddie Mason,M,119,286 reps,,286,United Kingdom,CrossFit Preston,28
2421616,Nick Bourke,M,119,286 reps,,286,Australia,CrossFit Project Bayside,27
2383676,Kanji Sakiyama,M,123,285 reps,,285,Japan,CrossFit ILF,26
779552,Clinton Morosini,M,124,285 reps,,285,Australia,,34
2684601,Manu Taylorgreen,M,125,285 reps,,285,Australia,,30
2072606,Kevin Munson,M,126,285 reps,,285,United States,Fortified CrossFit,37
2111971,JaeHyun Kim,M,127,284 reps,,284,Korea (the Republic of),BASALT CrossFit,29
1342037,Michael Foster,M,128,284 reps,,284,United Kingdom,Aeternum CrossFit,33
690211,Nikos Fotou,M,129,284 reps,,284,United Kingdom,CrossFit Witham,40
2084746,Kobi Heagney,M,130,283 reps,,283,Australia,CrossFit Wollongong,26
2614090,Matt Petrovski,M,131,283 reps,,283,Australia,,29
932524,Eliott Genin,M,132,283 reps,,283,France,CrossFit Maladium,27
2905629,Beau Graham,M,133,282 reps,,282,Australia,CrossFit CQ,31
1979344,Antton Favereaux,M,134,282 reps,,282,France,CrossFit Brive Box Bison,28
954923,Hyeonggu Kang,M,135,282 reps,,282,Korea (the Republic of),CrossFit BYOH,30
1050692,Mikkel Erichsen,M,136,282 reps,,282,Norway,CrossFit Grimstad,43
1967394,Corey Bruton,M,137,282 reps,,282,Australia,CrossFit Escape,31
2404277,Thomas Unterwelz,M,138,282 reps,,282,Austria,CrossFit Oetztal,37
2579320,Joël Morin,M,139,282 reps,,282,Canada,L'Usine CrossFit 640,37
1922622,Ignacio Galiardo,M,139,282 reps,,282,Israel,CrossFit Superdrive,32
2303227,Eliot Langdon,M,141,281 reps,,281,Australia,Grit Performance CrossFit,35
1788255,Alex Taylor,M,142,280 reps,,280,United Kingdom,Coast Side CrossFit,36
2956073,Patrick McCormack,M,143,280 reps,,280,Ireland,CrossFit Maroubra,31
2598659,Jong chan Yoon,M,143,280 reps,,280,Korea (the Republic of),CrossFit Ssangmun,28
2800838,Lloyd Echegaray,M,145,280 reps,,280,France,CrossFit Nostradamus,33
2380665,hyeongmin Kim,M,146,280 reps,,280,Korea (the Republic of),CrossFit KTG,27
1182865,Mickael Martos,M,147,280 reps,,280,France,CrossFit Nakama,31
1862361,lee minkyu,M,148,280 reps,,280,Korea (the Republic of),,33
2268253,Jake Hazzard,M,148,280 reps,,280,Australia,,27
337236,Paul Burns,M,150,280 reps,,280,United Kingdom,CrossFit 8020,36
2818323,James Spence,M,151,280 reps,,280,United States,CrossFit Rittenhouse,27
2932866,Kabir Bhargava,M,152,280 reps,,280,New Zealand,Soar Performance CrossFit,21
273213,Alex Heslop,M,153,280 reps,,280,United Kingdom,CrossFit Leeds,33
2183814,Mathieu Alex,M,154,280 reps,,280,France,CrossFit Sainte Consorce,29
2189282,Lucas Allognet,M,155,280 reps,,280,France,CrossFit Des Monts,25
2298006,Gustavo Dias Neves,M,156,279 reps,,279,Brazil,SuperForce CrossFit,35
1557023,Julien Allart,M,157,279 reps,,279,France,CrossFit Dunkerque,36
1323449,Samuel Fowler,M,158,279 reps,,279,New Zealand,CrossFit Selwyn,28
1510505,Maxime Budin,M,159,279 reps,,279,France,CrossFit de la Paix,37
2066218,Josh Milgate,M,160,279 reps,,279,Australia,CrossFit Bil Athletic,30
1994052,Andrew Mackenzie,M,160,279 reps,,279,Australia,CrossFit Desire Central,36
1553361,Bastien Laborie,M,162,278 reps,,278,France,Human First CrossFit,24
1269140,Brett Lilley,M,163,278 reps,,278,United Kingdom,CrossFit Fareham,31
2257349,Yong Ho Lee,M,164,278 reps,,278,Korea (the Republic of),CrossFit Rainfield,32
1009428,Lucas de Oliveira,M,165,278 reps,,278,Brazil,Soren CrossFit,32
1927881,Sam Perkins,M,166,278 reps,,278,United Kingdom,Dragon CrossFit,29
2729786,Seth Ford,M,167,277 reps,,277,United States,CrossFit Birmingham,25
1220012,Matthew Short,M,168,277 reps,,277,New Zealand,Thorndon CrossFit,43
2633506,Matthew DiFilippo,M,169,277 reps,,277,United States,Tarheel CrossFit,37
431020,Kyle L'Arrivee,M,170,277 reps,,277,Canada,CrossFit Banff,38
2087574,Dongheun Ji,M,171,276 reps,,276,Korea (the Republic of),CrossFit Sechan HM,28
2486876,Dorian Belpomo,M,172,276 reps,,276,France,CrossFit Blast,32
2460316,Dylan Galiano,M,173,276 reps,,276,Australia,CrossFit Generate,26
98945,Nathan Rust,M,174,276 reps,,276,Australia,CrossFit Chocolate Box Narrabeen,42
1459101,Owen Smith,M,175,276 reps,,276,United Kingdom,CrossFit Leeds,29
2812530,Woo seungyeop,M,176,276 reps,,276,Korea (the Republic of),CrossFit Respect,22
2002551,Hyeong mm Kim,M,177,276 reps,,276,Korea (the Republic of),CrossFit Respect,28
504085,Sam Bishop,M,178,276 reps,,276,United Kingdom,CrossFit Wanderlust,34
1882373,Tyler Minney,M,179,276 reps,,276,United States,Santiam CrossFit,22
1020127,Emiliano Quattrociocchi,M,180,276 reps,,276,Italy,CrossFit Frosinone,46
132146,Dwight Upshaw,M,181,276 reps,,276,United States,CrossFit Sanitas,41
2391210,Glenn Phelan,M,182,276 reps,,276,United Kingdom,White Cliffs CrossFit,41
2086615,Jack Gillespie,M,183,276 reps,,276,Australia,,29
301115,Ewen Lawler,M,184,275 reps,,275,Australia,CrossFit Three Flow,27
2054959,Romain Parisel,M,185,275 reps,,275,France,CrossFit Les Angles,34
864020,Piotr Riabych,M,186,275 reps,,275,Lithuania,Amber CrossFit,38
2179638,Jake Scholefield,M,187,275 reps,,275,United Kingdom,,26
1293475,Aritz Baquedano,M,188,275 reps,,275,Spain,CrossFit Runa,34
1553227,Ildus Hasbutdinov,M,188,275 reps,,275,Russian Federation,,41
460866,Jonathan Colombet,M,190,274 reps,,274,France,100 Pourcent CrossFit,39
2970023,Tom Bean,M,191,274 reps,,274,United Kingdom,White Cliffs CrossFit,32
2486701,Nikola Veljic,M,191,274 reps,,274,Montenegro,,26
2462954,Josh Smith,M,193,273 reps,,273,Australia,CrossFit Chatswood,34
2482602,Alex Newbery,M,194,273 reps,,273,Australia,,28
2493583,Dustin Atchley,M,195,273 reps,,273,United States,,31
174239,Jean-Philip Leclerc,M,196,273 reps,,273,Canada,CrossFit Quebec City,34
1208260,Thibaut Chatevaire,M,196,273 reps,,273,France,CrossFit La Roche sur Yon,35
1665155,Kynan Hodges,M,198,273 reps,,273,Australia,CrossFit Kirrawee,23
1664352,Leon Huraut,M,199,273 reps,,273,France,CrossFit Dunkerque,35
1746893,Sam Cotton,M,200,273 reps,,273,United Kingdom,,26
2789429,John Richards,M,3651,153 reps,,153,Australia,CrossFit 43,41
2957599,Owen Medina,M,3652,153 reps,,153,United States,CrossFit Jaglion,23
2811259,Zac Wallace,M,3653,153 reps,,153,Australia,CrossFit Arete,16
1549299,Dmitrii Gladyshev,M,3653,153 reps,,153,Russian Federation,,39
2793177,Toni Maimó,M,3655,152 reps,,152,Spain,CrossFit Llucmajor,45
2629228,Geonmin Kim,M,3656,152 reps,,152,Korea (the Republic of),Spirit To Body CrossFit,36
2823000,Andrew Harreiter,M,3657,152 reps,,152,United Kingdom,CrossFit Crawley,39
2164051,David McEwen,M,3658,152 reps,,152,Australia,CrossFit Braybrook,40
2971725,Richard Waterfall,M,3659,152 reps,,152,United Kingdom,Ore CrossFit,47
2964687,Darren Petzer,M,3660,152 reps,,152,South Africa,,36
2600919,Guillaume Maerten,M,3661,152 reps,,152,France,CrossFit Le Troisieme Endroit,49
2914952,Duncan Holmes,M,3662,152 reps,,152,Australia,CrossFit Uplift,28
2788416,Okada Daisuke,M,3663,152 reps,,152,Japan,CrossFit Akishima,51
1299578,Giuseppe Gentile,M,3664,152 reps,,152,Italy,CrossFit HideNest,54
2677080,Ashok Kumara Perera Pahalage,M,3665,152 reps,,152,Sri Lanka,,33
2725112,Ashley Harris,M,3666,152 reps,,152,United Kingdom,The Northman CrossFit,45
16229,David Hogan,M,3667,152 reps,,152,Australia,CrossFit 4551,52
2397808,Quintin Fleming,M,3667,152 reps,,152,Australia,CrossFit Abode South,28
2361184,Neil Wells,M,3667,152 reps,,152,United Kingdom,CrossFit Humber,44
1900106,Tony Thomsen,M,3670,152 reps,,152,United States,CrossFit Burke,46
1086608,Simon McAnsh,M,3671,152 reps,,152,United Kingdom,CrossFit 1298,49
2683948,Benjamin Morgan,M,3671,152 reps,,152,United Kingdom,CrossFit Bath,47
2691031,Victor Oyola,M,3673,152 reps,,152,Puerto Rico,La Ruta 167 CrossFit,41
2929511,Dori Panescu,M,3674,152 reps,,152,Romania,Magnum Opus CrossFit,52
2969117,Martin Paton,M,3675,152 reps,,152,United Kingdom,CrossFit Weymouth,38
758854,Josef Barker,M,3676,152 reps,,152,Australia,RFX Athletic CrossFit Bibra Lake,38
2004644,Joe Klassen,M,3676,152 reps,,152,United States,CrossFit Unconquered,46
27345,Wei Yen Tan,M,3678,152 reps,,152,Australia,CrossFit 3056,41
1320214,Blanc Laurent,M,3679,152 reps,,152,France,100 Pourcent CrossFit,48
2451676,Rob Schilz,M,3680,152 reps,,152,United States,CrossFit Wilsonville,47
2961816,Romain Prudhomme,M,3680,152 reps,,152,France,CrossFit Eighteen,33
2937411,Achim Brandstätter,M,3680,152 reps,,152,Austria,CrossFit Eisenstadt,46
2699847,Michael M,M,3680,152 reps,,152,United States,CrossFit Wilmette,43
2917670,Alexis LARGE,M,3680,152 reps,,152,France,CrossFit Trévoux,28
2253366,Jon Varney,M,3685,151 reps,,151,United States,CrossFit Undaunted,32
2892960,Kurt Thomas,M,3686,151 reps,,151,Australia,CrossFit SCBC,17
2957203,Ollie Sawyer,M,3687,151 reps,,151,Australia,CrossFit Armidale,16
2666716,Phil O'Brien,M,3688,151 reps,,151,Ireland,CrossFit Leixlip,44
2682228,Chris Poon,M,3689,151 reps,,151,Australia,EPT CrossFit,44
829496,Steven Spencer,M,3690,151 reps,,151,United States,Bionic CrossFit,39
1567592,Ashraf Mahgoub,M,3691,151 reps,,151,United Kingdom,CrossFit Clitheroe,46
2911475,Gil Abramovich,M,3692,151 reps,,151,Israel,YV CrossFit Afula,30
2417843,Jimmy García,M,3693,151 reps,,151,Spain,M8 CrossFit,46
2833510,Tim Johnson,M,3693,151 reps,,151,Australia,CrossFit 2337,44
267938,Michael Michaelides,M,3693,151 reps,,151,United States,CrossFit Downtown Atlanta,48
641463,David Nee,M,3696,151 reps,,151,Ireland,CrossFit Kokua,51
2955588,Frankie Camilleri,M,3697,151 reps,,151,Australia,CrossFit Metal Therapy,43
2918273,Cam Southgate,M,3698,151 reps,,151,United Kingdom,CrossFit Thame,30
2794130,Ryan Smith,M,3699,151 reps,,151,United Kingdom,179 CrossFit,29
2654142,Manu Da Silva,M,3700,151 reps,,151,France,CrossFit Brest,54
1922215,Nathanael Mason,M,50,303 reps,,303,United States,Southlake Dragon CrossFit,25
2462414,Mikel Ipiña,M,52,303 reps,,303,Spain,Black Grizzly CrossFit,28
1742669,Nevo Dan,M,53,303 reps,,303,Israel,CrossFit Namal,24
2485337,Brett Honsey,M,54,302 reps,,302,United States,CrossFit 608,25
2775564,Kacper Salek,M,55,302 reps,,302,Poland,CrossFit Mazury,22
733035,Wesley Elford,M,56,301 reps,,301,United States,CrossFit Ho'ola,33
163322,Kang Kyungsun,M,57,301 reps,,301,Korea (the Republic of),CrossFit Raindrop,34
1910911,Chris Reid,M,58,301 reps,,301,Australia,CrossFit Chocolate Box,34
95750,Mike Needleman,M,58,301 reps,,301,United States,CrossFit Pine Creek,29
2335021,Christopher Brown,M,60,301 reps,,301,Australia,CrossFit TWA,31
1293074,Jason Urtebize,M,61,300 reps,,300,France,CrossFit Graoully,35
1221947,César Pelinson,M,61,300 reps,,300,Brazil,Soren CrossFit,36
886469,Jack Facer,M,63,298 reps,,298,New Zealand,,34
2798856,Ian Larivière,M,64,298 reps,,298,Canada,CrossFit BCFJ,25
1261219,Theo Buitendag,M,65,297 reps,,297,South Africa,CrossFit MTVE,31
2964466,JIHO PARK,M,66,296 reps,,296,Korea (the Republic of),,25
1090431,Chang Hee Woo,M,67,296 reps,,296,Korea (the Republic of),CrossFit KingGom,36
2480561,Maxime Alberge,M,67,296 reps,,296,France,CrossFit Grimaud,31
291019,Ted Starkweather,M,69,295 reps,,295,United States,CrossFit Mayhem,31
2953875,Richard Lawrenson,M,70,294 reps,,294,United Kingdom,,35
1232033,David Michael Burkhalter,M,70,294 reps,,294,United States,,30
2482564,Mitchell Hall,M,72,294 reps,,294,Australia,CrossFit Narellan,34
2604834,Thomas Grillere,M,73,294 reps,,294,France,CrossFit Serval,33
1339492,Sébastien Biau,M,74,293 reps,,293,France,CrossFit Sainte Consorce,36
1556632,김 대명,M,75,293 reps,,293,Korea (the Republic of),Spirit To Body CrossFit,36
2795116,Caiden Barnes,M,76,293 reps,,293,Australia,CrossFit 2795,21
2607875,Benjamin Fraysse,M,77,293 reps,,293,France,CrossFit 2F,27
2280737,Karl Hill,M,78,292 reps,,292,New Zealand,,30
2291037,Daniel Kelly,M,78,292 reps,,292,Ireland,CrossFit TBB,33
2940816,Baptiste Selin,M,80,291 reps,,291,France,CrossFit La Roche sur Yon,26
2630757,Riki Wainhouse,M,81,291 reps,,291,New Zealand,,22
1269929,Brandon Schipper,M,82,291 reps,,291,United States,Tonka CrossFit,30
2131956,Abraham Suarez Gonzalez,M,82,291 reps,,291,Spain,ATIS CrossFit,27
2907441,kim yonghwan,M,82,291 reps,,291,Korea (the Republic of),CrossFit Team H,25
2439164,Travis Wolfe,M,85,291 reps,,291,United States,CrossFit Big House,29
1550101,Julien Charlot,M,86,290 reps,,290,France,CrossFit LUMIÈRE,27
1636921,Johnny Nicodemus,M,87,290 reps,,290,New Zealand,Raw BOP CrossFit,34
2616735,Daytona Donaldson,M,88,290 reps,,290,New Zealand,CrossFit 3216,27
2792450,Max Young,M,88,290 reps,,290,New Zealand,Thorndon CrossFit,19
2868626,Håkon Halvorsen,M,88,290 reps,,290,Norway,CrossFit Gamlebyen,31
2963119,Harry Beenham,M,91,289 reps,,289,United Kingdom,,36
2642296,kevin riviere,M,92,289 reps,,289,France,CrossFit Castanet-Tolosan,32
2623032,Rory Beech,M,92,289 reps,,289,United Kingdom,White Cliffs CrossFit,33
2823155,Kang Sungwook,M,94,289 reps,,289,Korea (the Republic of),CrossFit Gunja,27
2134382,Anthony Idol,M,95,289 reps,,289,United States,Oceanside CrossFit,28
2352322,Hayden Archbold,M,96,288 reps,,288,Australia,CrossFit 4165,29
1449741,Seonhyeon Kim,M,97,288 reps,,288,Korea (the Republic of),CrossFit Igong,34
2718360,Joel Harries,M,98,288 reps,,288,United Kingdom,Dragon CrossFit,28
2512585,Jordan Ward,M,99,288 reps,,288,New Zealand,CrossFit West Melbourne,28
1963737,Pietro Balzano,M,100,288 reps,,288,Brazil,,26
2272637,Pernille Amalie Kristensen,F,1,11:41,701.0,354,Denmark,CrossFit Butcher's Lab,30
1073413,Grace Strachan,F,2,11:45,705.0,354,Canada,CrossFit Semiahmoo,25
1190953,Danielle Ford,F,3,11:52,712.0,354,New Zealand,Soar Performance CrossFit,30
1803561,Hayley Adams,F,4,344 reps,,344,Australia,CrossFit Soul Rebel Greensborough,25
1996368,Lacey Mackenzie,F,5,334 reps,,334,United Kingdom,Marlborough CrossFit,30
1896333,Renee Wadsworth,F,6,333 reps,,333,New Zealand,Maia CrossFit,32
1814714,Emma Mullen,F,7,328 reps,,328,United Kingdom,CrossFit Furnace Fitness,32
1047451,Lucy Day Gambles,F,8,327 reps,,327,United Kingdom,CrossFit JST,30
2703220,kelsey mang,F,9,327 reps,,327,United States,CrossFit Explode,22
2583381,Allie Piccirillo,F,10,325 reps,,325,United States,CrossFit 904,25
521051,Christina Grant,F,11,322 reps,,322,Australia,CrossFit Bells Beach,40
2188364,Alexandra Turner,F,12,318 reps,,318,United Kingdom,Wakefield CrossFit,32
2413879,Nolwenn Le Bot,F,13,317 reps,,317,France,3.7 CrossFit II,27
2531182,Hannah Granger,F,14,316 reps,,316,New Zealand,Tasman Bay CrossFit,17
1901040,Alessia Michelutti,F,15,312 reps,,312,Italy,CrossFit Udine,24
2956838,siobhan Ritchie,F,16,309 reps,,309,New Zealand,CrossFit Bay of Islands,35
1971795,Lucy Wilson,F,17,309 reps,,309,United Kingdom,Wakefield CrossFit,35
411601,Kristin Phillips,F,18,308 reps,,308,United States,CrossFit Speakeasy,36
1972750,Kristelle Mollica,F,19,307 reps,,307,Australia,Wolfe Den CrossFit,24
2416453,Jessica Morin,F,20,307 reps,,307,France,CrossFit Serval,26
1764572,Louise Parry,F,21,303 reps,,303,United Kingdom,CrossFit Shadow Valley,47
2180043,Rebecca Kingston,F,22,301 reps,,301,Australia,CrossFit Southend,32
548335,Natalie Welsh,F,23,301 reps,,301,Australia,CrossFit 2444,33
710398,Steph Rae,F,24,300 reps,,300,New Zealand,Maia CrossFit,28
1594425,Jen Ciardulli,F,25,300 reps,,300,United States,Branford CrossFit,39
2550593,Gwen Cowley-Roberts,F,26,300 reps,,300,United Kingdom,CrossFit River Mersey,37
901047,Rachele Brambilla,F,27,300 reps,,300,Italy,CrossFit Valax,37
178663,Jessica Walsh,F,28,299 reps,,299,Australia,CrossFit Chemistry,32
831671,Helen Rawlinson,F,29,299 reps,,299,South Africa,CrossFit 3216,26
2969032,Hannah Pitkin,F,30,298 reps,,298,Australia,CrossFit Alice Springs,23
2010495,Thea Hestnes,F,31,298 reps,,298,Norway,,26
2284882,Jana Whitton,F,32,297 reps,,297,Australia,CrossFit Huski,39
2417067,Victoria Veck,F,33,297 reps,,297,United Kingdom,CrossFit Monarch Borough Parade,35
1968304,Meg McSkehan,F,34,296 reps,,296,Australia,CrossFit Alice Springs,29
2264603,Bronty Lacey,F,35,296 reps,,296,Australia,CrossFit EXF,22
2067557,Noemi Tessari,F,36,294 reps,,294,Italy,CrossFit BlindoSbarra,29
2221069,Maraea Witana,F,37,294 reps,,294,New Zealand,CrossFit NAS,26
2594871,Bridget Dorrington,F,38,293 reps,,293,Australia,HCF CrossFit,26
1140229,Emma Carden,F,39,293 reps,,293,Australia,CrossFit 43,35
2413380,Shelbie Mackey,F,40,293 reps,,293,United States,Stormbound CrossFit,34
2330548,Chloe Burgess,F,41,290 reps,,290,Australia,,27
850089,Jordan Henrichs,F,42,290 reps,,290,United States,Kingfisher CrossFit,31
1972570,Savana Purss,F,43,290 reps,,290,Australia,CrossFit Dubbo,31
404909,Shay Carlock,F,44,289 reps,,289,United States,CrossFit Coeur d'Alene,26
1403960,Cassia Thoms,F,45,289 reps,,289,New Zealand,,31
2552844,Sam Palmer,F,46,289 reps,,289,Australia,CrossFit Remi,39
1805890,Ella Stevens,F,47,288 reps,,288,Australia,CrossFit Narlie,23
712994,Yulya Grigoreva,F,48,288 reps,,288,Russian Federation,CrossFit Udarnik,30
2216574,Jade Wilson,F,49,288 reps,,288,United Kingdom,CrossFit Northumbria,24
2946348,Elle Seeto,F,49,288 reps,,288,Australia,,25
2830291,Laura Athanassiadis,F,3300,169 reps - s,,169,France,CrossFit Histía,32
2797748,Brittany Reid Barratt,F,3302,169 reps - s,,169,United Kingdom,CrossFit Disruption,35
2932708,Tilly Wilson,F,3303,169 reps - s,,169,Australia,CrossFit Dubbo,19
2069284,Nicole Skipper,F,3304,169 reps - s,,169,Australia,CrossFit 43,36
2511508,Cassie Alexander,F,3305,169 reps - s,,169,United States,CrossFit Crave,40
2972253,Rhiannon Morgan,F,3306,169 reps - s,,169,United Kingdom,CrossFit Structure,42
2960621,Zoe Cook,F,3307,169 reps - s,,169,United Kingdom,CrossFit Dawn,50
2965756,Lisa Pflug,F,3308,169 reps - s,,169,United States,Centered CrossFit,38
504753,Elizabeth Betteridge,F,3308,169 reps - s,,169,Australia,CrossFit Reclaim,32
1525544,Kirstie Williams,F,3308,169 reps - s,,169,New Zealand,Tasman Bay CrossFit,35
118214,Tanya Gemmell,F,3311,168 reps - s,,168,Australia,CrossFit Ipswich,47
2912607,Aleksandra Dziarnowska,F,3312,168 reps - s,,168,Poland,CrossFit Mazury,27
2931609,Faith Kasreh,F,3313,168 reps - s,,168,Australia,,37
2083857,Gandon Sandrine,F,3314,168 reps - s,,168,France,CrossFit Meaux,52
2082673,Catherine Kelner,F,3315,167 reps - s,,167,Dominican Republic,STI CrossFit,49
2423193,Manuela Sá Fernandes,F,3316,167 reps - s,,167,Portugal,Rust CrossFit,41
2934525,Emmi Nicholl,F,3317,167 reps - s,,167,United Kingdom,CrossFit Structure,48
2922975,violette vey,F,3318,167 reps - s,,167,France,CrossFit Le Chaudron,38
2223651,Christina Papa-Adams,F,3319,167 reps - s,,167,United Kingdom,CrossFit Oxhouse,54
2914085,Yileisa Rosado,F,3320,167 reps - s,,167,Puerto Rico,CrossFit Desvio 142,34
2946763,Hyesoo Shin,F,3321,167 reps - s,,167,Korea (the Republic of),CrossFit Gangnam,29
2926771,Alesha MacKenzie,F,3322,167 reps - s,,167,New Zealand,CrossFit Christchurch,27
2917106,Reese Gallagher,F,3323,167 reps - s,,167,United States,CrossFit Roots,18
2907738,hyewon Yu,F,3324,166 reps - s,,166,Korea (the Republic of),,33
1882932,Monika Deiss,F,3325,166 reps - s,,166,Switzerland,CrossFit Rankweil,46
2717175,VIKTORIIA SELINA,F,3326,166 reps - s,,166,Russian Federation,Motus Cultura CrossFit,35
2661525,Ella Field,F,3327,166 reps - s,,166,Australia,CrossFit Huski,21
2667247,Louise Fletcher,F,3328,166 reps - s,,166,United Kingdom,CrossFit Cairngorm,46
1700783,Pamela Ramirez,F,3329,166 reps - s,,166,United States,CrossFit Equality,41
2675949,Anette Elvebakk,F,3330,166 reps - s,,166,Norway,CrossFit Narvik,42
2904286,Roya Schellenberg,F,3330,166 reps - s,,166,United Kingdom,One Crew CrossFit,35
2970191,Jiyeon Song,F,3332,166 reps - s,,166,Korea (the Republic of),CrossFit Shot,36
2938002,Cristine Montanari,F,3332,166 reps - s,,166,Brazil,Steel Soldiers CrossFit,33
2782243,Lucile HASSOUN,F,3332,166 reps - s,,166,France,CrossFit Dunkerque,39
2964484,Regie Capanan,F,3335,165 reps - s,,165,New Zealand,H1 CrossFit,39
2948430,Katie Ren,F,3335,165 reps - s,,165,China,CrossFit Young,39
1958987,Shannon Steffler,F,3337,165 reps - s,,165,United States,CrossFit Doors of Daring,44
2473520,Sarah Van Orsouw,F,3338,165 reps - s,,165,Australia,CrossFit Hastings,51
2948284,Kate Ward,F,3338,165 reps - s,,165,Australia,CrossFit Soar,40
2907115,HWANG JUNGYUN,F,3340,165 reps - s,,165,Korea (the Republic of),CrossFit Misa,38
956164,Zoe Bloor,F,3341,165 reps - s,,165,United Kingdom,Central Staffs CrossFit,49
2948233,YUN JUNG JHU,F,3342,165 reps - s,,165,Chinese Taipei,CrossFit UltiLife,27
2972898,Rebecca Pratt,F,3343,165 reps - s,,165,United Kingdom,CrossFit Thame,47
2921000,Myriam Pahud,F,3344,165 reps - s,,165,Switzerland,CrossFit Carnotzet,39
1956422,Erin Regan Miga,F,3345,165 reps - s,,165,United States,CrossFit Seize the Day,30
2690518,Steff Klump,F,3346,165 reps - s,,165,Australia,Fort Evolution CrossFit,33
2971638,Kana Kato,F,3347,165 reps - s,,165,Japan,CrossFit Kofu,28
1319357,Amy Miller,F,3347,165 reps - s,,165,Australia,CrossFit 168,39
2941771,Suman Bala,F,3349,164 reps - s,,164,United States,Cox CrossFit,42
2822563,Terri Evans,F,3350,164 reps - s,,164,Australia,,36
2809312,Amanda Bright,F,2601,111 reps,,111,United States,CrossFit Potentia,34
2939295,Melanie Hall,F,2602,111 reps,,111,United Kingdom,CrossFit Brough,39
2225601,Kat Strick,F,2603,111 reps,,111,United Kingdom,CrossFit Penzance,45
2969457,FIONA AMPOMAH,F,2604,111 reps,,111,United Kingdom,X Lab CrossFit Worthing,28
2580552,shriley zhao,F,2605,110 reps,,110,China,CrossFit Inner Strength,42
2967798,Amy Lee,F,2606,110 reps,,110,United Kingdom,CrossFit Keighley,37
202240,Tatyana Faleiro,F,2606,110 reps,,110,Switzerland,,45
2189624,Ashley Gravelle,F,2608,110 reps,,110,United States,CrossFit 696,31
2927027,Jessica Moody,F,2609,110 reps,,110,Australia,CrossFit Uplift,39
2606784,Amandine Henry,F,2610,110 reps,,110,France,CrossFit Rapace,27
1805281,Britt Sweeney,F,2611,110 reps,,110,Australia,CrossFit 2400,31
931160,Anthea Banner,F,2612,110 reps,,110,United Kingdom,CrossFit WDN,50
1632501,Jessica Paglialunga,F,2613,110 reps,,110,United States,902 Athletics CrossFit,40
2798358,Taryn Oppermann,F,2614,110 reps,,110,Australia,,23
1542028,Charlotte Beck,F,2615,110 reps,,110,United States,,47
2011267,Cara Allibone,F,2616,110 reps,,110,United Kingdom,CrossFit Talisman,32
2948524,Caitlin Maher,F,2617,110 reps,,110,Australia,CrossFit Hallam,23
2783998,Lieke De boer,F,2618,109 reps,,109,Netherlands,CrossFit SoWieSo,18
2179838,Ashleigh Victoria Draffen,F,2619,109 reps,,109,Australia,CrossFit Proficient,34
2953413,Brooke Miller,F,2620,109 reps,,109,Australia,CrossFit Knoxfield,43
2599721,Jen Oldacre,F,2621,108 reps,,108,United Kingdom,Southtons CrossFit,40
2952701,Abigail Crocker,F,2622,108 reps,,108,United States,Orchard Valley CrossFit,34
2942071,Noëlle Drost,F,2623,108 reps,,108,Netherlands,CrossFit 5311,25
1659664,Celenia Estime,F,2624,108 reps,,108,Dominican Republic,Crossfit Peak 180 Athletics,50
2821936,Ritu Rajbans,F,2625,107 reps,,107,United Kingdom,CrossFit Milton Keynes,40
2066949,Kay Metzger,F,2626,107 reps,,107,United States,CrossFit Vokse,33
2952532,Jessé Bezuidenhout,F,2627,106 reps,,106,South Africa,CrossFit M4M,33
2923756,Patricia Sorongon,F,2628,106 reps,,106,Australia,CrossFit TRG,30
2903416,Kelly Eisenhauer,F,2629,106 reps,,106,United States,CrossFit Kenosha,35
2794125,Liana Psaila,F,2630,106 reps,,106,United Kingdom,CrossFit 115,28
2642277,Kaci Yoder,F,2631,106 reps,,106,United States,Supercharged Speedsters CrossFit,30
2791894,Emily Smith,F,2632,105 reps,,105,Australia,CrossFit Zenith,42
2825346,Jennifer Naumann,F,2633,105 reps,,105,Germany,CrossFit Live and Lift,36
483462,Lorraine Hughes,F,2634,105 reps,,105,United Kingdom,CrossFit Hereford,40
1565046,Paige Hilder,F,2635,104 reps,,104,Australia,CrossFit Knoxfield,44
1004446,Christa Sargent,F,2636,104 reps,,104,United States,Double Down CrossFit,49
2871299,Marissa Eccles,F,2637,104 reps,,104,Australia,CrossFit Warrnambool,31
2944996,Анастасия Гишян,F,2638,103 reps,,103,Russian Federation,CrossFit Udarnik,30
2933687,Esther Watney,F,2639,103 reps,,103,Australia,Hive Active CrossFit,47
2176752,Karla Penna,F,2640,102 reps,,102,United States,Gryphon CrossFit,36
2937761,Elizabeth Martinez Mejia,F,2641,101 reps,,101,Spain,CrossFit Chiang Mai,45
2948703,Rani Prasad,F,2642,101 reps,,101,Australia,CrossFit Cartel,26
1632805,Amber Sieffert,F,2643,101 reps,,101,United States,Rogue River CrossFit,43
2167172,Gina McCullough,F,2644,101 reps,,101,United States,Apache CrossFit,50
2953619,SAE EUN Song,F,2645,100 reps,,100,Korea (the Republic of),CrossFit Bigfoot,30
2923839,Bethany Wilson,F,2646,100 reps,,100,United States,NXT Level CrossFit,42
2949593,Emma Bricard,F,2647,100 reps,,100,France,CrossFit La Roche sur Yon,18
2960125,dami kim,F,2648,99 reps,,99,Korea (the Republic of),CrossFit HIM,31
2469247,Saakshi Gurbaxani,F,2649,99 reps,,99,India,I Think CrossFit,32
2969621,Emily Flegg,F,2650,99 reps,,99,United Kingdom,NOMADIC TC CrossFit,23
2944281,Jessica Comparolo,F,999,208 reps,,208,Italy,CrossFit Triple Tail,38
2934600,Brooke Seedhouse,F,1002,207 reps,,207,New Zealand,H1 CrossFit,35
2781842,Millie Belcher,F,1003,207 reps,,207,Australia,CrossFit Allsorts,36
2878579,Grace Ball,F,1004,207 reps,,207,Australia,CrossFit Burleigh,19
2213110,Anna Accumanno,F,1005,207 reps,,207,United States,CrossFit Garden City,24
2520168,ANGÉLICA DE LUCA,F,1006,207 reps,,207,Brazil,Republica CrossFit,34
177382,Cathy Paulsen,F,1007,207 reps,,207,United States,CrossFit Freedom,43
2191368,Erica Kudronowicz,F,1007,207 reps,,207,United States,CrossFit Time Warp,24
77510,Theresa Holstein,F,1009,207 reps,,207,United States,CrossFit LPF,53
2939259,Damaris Immel,F,1010,207 reps,,207,Germany,CrossFit LDK,47
268790,Sarah Harding,F,1011,207 reps,,207,United Kingdom,CrossFit Braintree,46
1218108,Silje Solbakken Syversen,F,1012,207 reps,,207,Norway,CrossFit Elverum,38
1961577,Elena Ostrowska,F,1013,207 reps,,207,United Kingdom,CrossFit Huntsman,45
2911826,Monica Rodrigues,F,1014,207 reps,,207,Portugal,5.7 CrossFit,39
2789259,Ina Maywald,F,1015,207 reps,,207,Germany,CrossFit Erlangen,37
1259135,Sophie Winiana,F,1016,207 reps,,207,New Zealand,Raw Iron CrossFit,27
2928149,Melissa Fleming,F,1016,207 reps,,207,Australia,CrossFit Noosa,44
2830096,Meagan Jeffrey,F,1016,207 reps,,207,New Zealand,Tasman Bay CrossFit,28
2961086,GLAUCIA LISSANDRA DIAS SCHUNEMANN,F,1019,206 reps,,206,Brazil,Republica CrossFit,39
2268091,Evangelia Carrese,F,1020,206 reps,,206,Italy,CrossFit Deed,39
893953,Alida Kempen,F,1021,206 reps,,206,Australia,RFX Athletic CrossFit Bibra Lake,37
1976689,Natalie Lemieux,F,1022,206 reps,,206,United States,ONE8 CrossFit,32
2772925,Ann-Kristin Freitag,F,1023,206 reps,,206,Germany,,30
1317606,Laetitia Chabot,F,1024,206 reps,,206,France,CrossFit GaliléÔ,32
2921548,Lennie Donzel,F,1025,206 reps,,206,France,CrossFit Azalea,20
2817792,Nastya Krasnopolsky,F,1025,206 reps,,206,Israel,YV CrossFit Afula,38
2239923,Nicky Lofthouse,F,1025,206 reps,,206,United Kingdom,Coast Side CrossFit,52
2790262,Cathy Prendiville,F,1028,205 reps,,205,New Zealand,Maia CrossFit,32
2175832,Deanna Chew,F,1029,205 reps,,205,Australia,,26
2791063,Samantha Murphy,F,1030,205 reps,,205,United States,CrossFit Lumberton,26
1510318,Silvia Barros,F,1031,205 reps,,205,Portugal,Rust CrossFit,37
1318567,Maura Andrade,F,1032,205 reps,,205,Australia,CrossFit Tide Athletic,39
394826,Jayda Roman,F,1033,205 reps,,205,United States,Tulalip Bay CrossFit,39
1237487,Maria Koroleva,F,1034,205 reps,,205,Russian Federation,CrossFit Udarnik,37
2972047,Samantha Primavera,F,1035,205 reps,,205,Australia,CrossFit Release,31
1337485,Erin Lamey,F,1036,205 reps,,205,United States,CrossFit 103,43
1572292,Brittany Ann Taylor,F,1037,205 reps,,205,United States,Wildland CrossFit,39
488740,Fiorella Ardissone,F,1038,205 reps,,205,Paraguay,,40
2617585,Megan Conheeney,F,1039,205 reps,,205,United States,CrossFit Chiang Mai,36
573439,Kellie-Jean Johnston,F,1039,205 reps,,205,Australia,Grit Performance CrossFit,49
2956732,Charlotte Baird,F,1039,205 reps,,205,Australia,,23
2616461,Anna Ferry-Vauquieres,F,1039,205 reps,,205,France,CrossFit Cagnes sur Mer,29
1221114,Vicki Rishbeth,F,1039,205 reps,,205,United Kingdom,WhiteHart CrossFit,43
2697962,Fiona Tew,F,1044,204 reps,,204,Australia,CrossFit Knoxfield,37
2170490,Tahlee Jordan,F,1045,204 reps,,204,Australia,CrossFit Allsorts,35
2085604,Carly Yashenko,F,1046,204 reps,,204,Australia,CrossFit Wangaratta,28
2848915,Melony Springfield,F,1047,204 reps,,204,Australia,MSF CrossFit,40
2964962,Tahnee Leat,F,1048,204 reps,,204,Australia,CrossFit Slade,41
2826129,Janelle Kleyn,F,1049,204 reps,,204,South Africa,Lions Bay CrossFit,33
546891,Deanna Rawding,F,1050,204 reps,,204,Canada,902 Athletics CrossFit,54
2935579,Axelle Vasselin,F,2951,205 reps - s,,205,France,CrossFit Capacity,24
2231158,Lori Martinez,F,2952,205 reps - s,,205,United States,Blackheart CrossFit,36
2972866,Sian Marshall,F,2953,205 reps - s,,205,United Kingdom,CrossFit Wessex,35
2903235,Keleigh Lunt,F,2954,205 reps - s,,205,United Kingdom,Aeternum CrossFit,32
2812870,Janaina Flores Tonin,F,2955,204 reps - s,,204,Brazil,Republica CrossFit,49
2918247,Dania Gelli,F,2956,204 reps - s,,204,Italy,CrossFit Venezia,35
2799550,Sarah Wright,F,2957,204 reps - s,,204,United Kingdom,CrossFit Bath,41
2784410,Svea van Woerkens,F,2958,204 reps - s,,204,Belgium,Black Oak CrossFit,27
2695751,Ali Sanders,F,2959,204 reps - s,,204,Australia,MSF CrossFit,30
2965659,Livia Zaveri,F,2960,204 reps - s,,204,Brazil,KAZA CrossFit,35
2661790,Brooke Morgan,F,2961,204 reps - s,,204,Australia,CrossFit Sapphire,47
2906847,De cock Sophie,F,2962,204 reps - s,,204,France,Berus CrossFit,40
2453489,Linda Vallese,F,2963,204 reps - s,,204,Italy,CrossFit Arcadia,32
2968441,Chenevier Giunia Camilla,F,2964,204 reps - s,,204,Italy,Bars n Guns CrossFit,43
2972258,Mallika Jhaveri,F,2965,204 reps - s,,204,India,CrossFit Bristol North,28
2771243,Maria Swancey,F,2966,204 reps - s,,204,Mexico,KOPA CrossFit,37
2953780,Kat Lyons,F,2967,204 reps - s,,204,Australia,CrossFit North Carlton,36
2922986,Julie Stevenson,F,2967,204 reps - s,,204,United Kingdom,CrossFit Airdrie,54
2965545,Angela Stevens,F,2969,203 reps - s,,203,Australia,,47
2593916,Lisa Philippi,F,2970,203 reps - s,,203,Australia,CrossFit Tempered Ormeau,47
2068959,Penny Lazarus,F,2971,203 reps - s,,203,Australia,CrossFit Knoxfield,44
2943488,Tanja Spolander,F,2972,202 reps - s,,202,Sweden,CrossFit Collingwood,33
2474443,Kelly Tate,F,2973,202 reps - s,,202,United States,CrossFit Pistol Creek,54
2874373,Hannah Palmer,F,2974,202 reps - s,,202,United Kingdom,CrossFit Crawley,40
2972667,Laura Reid,F,2975,202 reps - s,,202,United Kingdom,Strength Lab CrossFit,39
2598606,Justine Cazé,F,2975,202 reps - s,,202,France,TRIBOK CrossFit,32
2406477,Jaide Coatsworth,F,2977,201 reps - s,,201,Australia,Raw Iron CrossFit,25
2910997,Jess Finlay,F,2978,201 reps - s,,201,United Kingdom,I Am The Project CrossFit,20
2910717,Jane Forbes,F,2979,201 reps - s,,201,New Zealand,Tasman Bay CrossFit,39
2835921,Sandra Morrissey,F,2980,201 reps - s,,201,Ireland,CrossFit Leixlip,45
2517259,Masurier Morgane,F,2981,201 reps - s,,201,France,CrossFit L'Entrepot,51
2248545,Jenny Drew,F,2982,201 reps - s,,201,United Kingdom,CrossFit 1066,41
2826114,Isabel Gongora,F,2983,201 reps - s,,201,Spain,Informa CrossFit,34
2473650,Liana Hendry,F,2983,201 reps - s,,201,New Zealand,Tasman Bay CrossFit,35
2788482,Laura Ard,F,2983,201 reps - s,,201,Ireland,CrossFit Moira,37
2956369,haeji park,F,2986,200 reps - s,,200,Korea (the Republic of),CrossFit Hwado,31
2918269,Stephanie Glacken-Stewart,F,2987,200 reps - s,,200,United Kingdom,CrossFit Airdrie,34
2825644,Ga-yun Kim,F,2988,200 reps - s,,200,Korea (the Republic of),We CrossFit Seocho,32
2826849,ines simon,F,2989,200 reps - s,,200,France,CrossFit Embrun,22
2406929,Chiara De Dea,F,2990,200 reps - s,,200,Italy,Bars n Guns CrossFit,41
2694788,Natalia Velez,F,2991,200 reps - s,,200,United States,CrossFit Southie,33
2972996,Agathe Le Guern,F,2992,200 reps - s,,200,France,CrossFit OB22,22
2930052,Leah Leiva,F,2992,200 reps - s,,200,Ireland,,44
2918926,Charlotte Manelfi,F,2994,199 reps - s,,199,United Kingdom,CrossFit Tunbridge Wells,36
2804333,Marion Raffier Martin,F,2995,199 reps - s,,199,France,CrossFit L'Entrepot,38
2940443,Abigail Righini-Brand,F,2996,199 reps - s,,199,United Kingdom,CrossFit Grantham,37
2950245,Alisha Marxen,F,2997,199 reps - s,,199,Australia,CrossFit TPF,37
2632296,Kelsey McGinn,F,2998,199 reps - s,,199,United States,CrossFit Shatter,25
2971714,Misty Hayes,F,2999,198 reps - s,,198,New Zealand,CrossFit Woolgoolga,43
2957805,KyeongMi Jo,F,3000,198 reps - s,,198,Korea (the Republic of),,30
1826355,Nastya Chercashina,F,1351,191 reps,,191,Russian Federation,CrossFit Udarnik,34
2946595,Irazabal Atxurra,F,1352,191 reps,,191,Spain,Black Grizzly CrossFit,37
2225219,Kylie Welch,F,1353,191 reps,,191,Australia,CrossFit Roar,40
2640080,Elizabeth Sharkey,F,1354,191 reps,,191,Ireland,CrossFit Roscommon,39
2875785,Martina Trapani,F,1355,191 reps,,191,Italy,Leighton Buzzard CrossFit,36
1985307,Brodie Lawrence,F,1356,191 reps,,191,Australia,CrossFit Bairnsdale,33
2424760,Layla Tinworth,F,1357,191 reps,,191,Australia,CrossFit Uplift,24
490165,Sarah FitzSimmons,F,1358,191 reps,,191,United States,Peekskill Strength CrossFit,33
1954138,Nicole Correia,F,1359,191 reps,,191,South Africa,Movement Crew CrossFit,42
2173685,Holly Cummins,F,1360,191 reps,,191,New Zealand,Mount CrossFit,34
2396155,Meghan Bates,F,1361,191 reps,,191,United States,CrossFit Southie,31
2939771,Delaney Snaadt,F,1362,191 reps,,191,United States,CrossFit Fort Vancouver,24
2815301,Devan Swistack,F,1363,191 reps,,191,United States,CrossFit Roseland,32
448391,Danae Bigg,F,1364,191 reps,,191,Australia,Inbound CrossFit,44
2972066,Emma Harvey,F,1364,191 reps,,191,United Kingdom,CrossFit Mayflower,33
117522,Hannah Thom,F,1364,191 reps,,191,United States,CrossFit Omnia,34
2246599,Brandy Varner,F,1364,191 reps,,191,United States,SinCity CrossFit,37
2787827,Marcela Rukovanska,F,1364,191 reps,,191,Slovakia,CrossFit Proton,45
2967254,Kathleen Hartman,F,1369,190 reps,,190,United States,CrossFit For The People,30
1059018,Daniella Zon,F,1369,190 reps,,190,Brazil,Reino CrossFit,36
2655519,Michelle Hopkins,F,1371,190 reps,,190,Australia,Picton CrossFit,36
1714389,Ting Chang,F,1372,190 reps,,190,Chinese Taipei,,30
2092269,Rachel Guthrie,F,1373,190 reps,,190,Australia,,30
2908288,SHENAE WALES,F,1374,190 reps,,190,New Zealand,CrossFit 7010 Nelson,30
262809,Jessica Overmeyer,F,1375,190 reps,,190,United States,SUBU CrossFit,38
1312778,Amanda Harvey,F,1376,190 reps,,190,United States,CrossFit Develop,42
2937746,Joanna Spratt,F,1377,190 reps,,190,New Zealand,CrossFit Louka,52
2934169,Sara Carrara,F,1377,190 reps,,190,Italy,CrossFit Iris,37
2622533,Ravyn Adams,F,1379,190 reps,,190,United States,CrossFit Ikanos,31
1526788,Sophie O'Keefe,F,1380,190 reps,,190,Australia,CrossFit Warrnambool,29
2628240,Jenni Harrela,F,1381,190 reps,,190,Finland,CrossFit Sapphire,35
2933366,Beth Liptrot,F,1382,190 reps,,190,United Kingdom,CrossFit IOW,30
2609372,Allyson Ayles,F,1383,190 reps,,190,Canada,York County CrossFit,28
2412804,JENNIFER MANSOUR NASR,F,1384,190 reps,,190,France,CrossFit LXII,43
2406812,Katy Mason,F,1385,190 reps,,190,Australia,CrossFit Bairnsdale,42
2818876,Courtney Carter,F,1386,190 reps,,190,United States,Shogun CrossFit,34
2233274,Yoon Ji Lee,F,1387,190 reps,,190,Korea (the Republic of),CrossFit Sanbon,34
2412436,Manon Cuzin,F,1388,190 reps,,190,France,CrossFit Gratte-Ciel,25
1567426,Kate Warren,F,1389,190 reps,,190,United Kingdom,179 CrossFit,35
2235437,Gine Dumay,F,1389,190 reps,,190,Netherlands,CrossFit Immersive,42
2968642,Zara Peden,F,1391,190 reps,,190,United Kingdom,CrossFit 8020,30
2799905,Dev Rogers,F,1392,190 reps,,190,South Africa,CrossFit Rising Oak,26
2972471,Hilde De Boer,F,1393,190 reps,,190,Netherlands,CrossFit Leeuwarden,28
2952660,Imogen Kelly,F,1393,190 reps,,190,United Kingdom,CrossFit Aylesbury,39
539872,Nikki Huke,F,1393,190 reps,,190,Australia,CrossFit Remi,38
2970961,Jamie McNair,F,1396,189 reps,,189,Australia,VNTEAM CrossFit,26
2905177,Jade Kelly,F,1397,189 reps,,189,Australia,CrossFit New Beginning,24
2601939,Cassie Huang,F,1398,189 reps,,189,China,CrossFit 25,27
2614096,Rima Bernatoniene,F,1398,189 reps,,189,Lithuania,Amber CrossFit,39
1616412,Seungeun Lee,F,1400,189 reps,,189,Korea (the Republic of),CrossFit Rock Steady,34
2939463,Merin Mathews,F,3701,94 reps - s,,94,India,I Think CrossFit,28
2915372,Lesa Clarkson,F,3701,94 reps - s,,94,Australia,CrossFit Armidale,54
2647963,Jenna Norton,F,3703,93 reps - s,,93,United States,Aroostook Iron CrossFit,34
2919180,Caitlin Fraser,F,3704,92 reps - s,,92,South Africa,CrossFit Menlyn Maine,26
2917423,Huang Yc,F,3705,92 reps - s,,92,Chinese Taipei,CrossFit Lilian,40
2945488,Arline Van wyk,F,3706,91 reps - s,,91,South Africa,CrossFit Artaxes,33
2941853,Jess Rule,F,3707,91 reps - s,,91,New Zealand,CrossFit Porirua,18
2839598,Jen Brown,F,3707,91 reps - s,,91,United Kingdom,CrossFit Wadebridge Four Kings,46
2959720,Ana Diaz,F,3709,90 reps - s,,90,Dominican Republic,Quisqueya CrossFit,27
2951984,Alexandra Sabau,F,3710,89 reps - s,,89,Romania,CrossFit Titans Box,39
2820757,Gabrielle Karagiannis,F,3711,88 reps - s,,88,Australia,CrossFit Dubbo,27
2909224,Vivian Reyes Guzman,F,3712,88 reps - s,,88,Puerto Rico,,49
2951802,Jamie Munsey,F,3713,87 reps - s,,87,United States,CrossFit Boro,45
2905025,Cathy Liu,F,3714,87 reps - s,,87,China,CrossFit CBD,24
2819460,Sharyn Brown,F,3715,80 reps - s,,80,Australia,Two Wolf CrossFit,49
2870832,Melissa Peter,F,3716,79 reps - s,,79,South Africa,Lions Bay CrossFit,44
2634557,Angeline Bobby Hiku,F,3717,76 reps - s,,76,Australia,CrossFit Hastings,33
2902001,Naho Yamada,F,3718,68 reps - s,,68,Japan,CrossFit Hodogaya,32
2912203,Mayu Yamada,F,3719,66 reps - s,,66,Japan,CrossFit Roppongi,26
2939070,Kavi Wanigasinghe,F,3720,56 reps - s,,56,Australia,CrossFit Warragul,33
2941138,Kurara Fukumoto,F,3721,54 reps - s,,54,Japan,CrossFit Roppongi,35
2934550,Christine Korbut,F,3722,50 reps - s,,50,United States,CrossFit Rift Valley,43
2937635,SeoYoun Jeong,F,3723,47 reps - s,,47,Korea (the Republic of),CrossFit Baegot,42
2949900,Victoria Divina,F,3724,44 reps - s,,44,Australia,CrossFit Torian,26
2753428,Ashley Tokley,F,3725,320 reps - f,,320,New Zealand,,30
2798691,Janine Basil,F,3726,260 reps - f,,260,Australia,Charge CrossFit,54
2950208,FUMI MATSUMOTO,F,3727,245 reps - f,,245,Japan,Seto CrossFit,50
2956092,Kelly Hack,F,3728,239 reps - f,,239,Australia,CrossFit Norsemen,44
2914387,Naomi Hobbs,F,3729,238 reps - f,,238,United Kingdom,CrossFit Brough,35
1584669,Tanya McCormack,F,3730,230 reps - f,,230,Australia,CrossFit Narlie,54
2972940,Kao Ohsawa,F,3731,229 reps - f,,229,Japan,Seto CrossFit,27
2958236,Maria Troiano,F,3732,228 reps - f,,228,Italy,CrossFit 569,38
2244473,Samantha Ryder,F,3733,228 reps - f,,228,United Kingdom,Coastline CrossFit,38
2959683,ryoko mita,F,3734,225 reps - f,,225,Japan,Seto CrossFit,43
2944775,gaia matere,F,3735,222 reps - f,,222,Italy,CrossFit Monterotondo,20
1353157,Cyndie Oustalet,F,3736,220 reps - f,,220,France,CrossFit Metz Centre,32
2934940,Jeongmin Lee,F,3737,218 reps - f,,218,Korea (the Republic of),CrossFit Balsan,23
2696086,Jennifer Del Pilar,F,3738,214 reps - f,,214,Puerto Rico,La Ruta 167 CrossFit,35
2943414,Taryn Jane,F,3739,210 reps - f,,210,Australia,CrossFit 4740,33
2962961,Emily Sheppard,F,3740,210 reps - f,,210,United States,CrossFit Port Clinton,33
2960957,Eilidh Clements,F,3741,210 reps - f,,210,United Kingdom,CrossFit MTN,39
2918168,Nicole Playford,F,3742,210 reps - f,,210,Australia,CrossFit Brendale,46
2966820,tara rowley,F,3743,207 reps - f,,207,United Kingdom,CrossFit Pioneer,36
2931274,Hilde Ottevaere,F,3744,205 reps - f,,205,Belgium,Black Oak CrossFit,51
610563,Mary Medina,F,3745,205 reps - f,,205,United States,Resident CrossFit,41
1401037,Sheryl Gammie,F,3746,201 reps - f,,201,South Africa,CrossFit Alberton 2.0,52
2240364,Camila Cabral,F,3747,201 reps - f,,201,Brazil,131 CrossFit Diadema,33
2926277,Sarah Aerts,F,3748,200 reps - f,,200,France,Fysi CrossFit Troyes,30
2923805,Yu fen Tseng,F,3749,200 reps - f,,200,Chinese Taipei,CrossFit Lilian,36
2913103,Mollie Houston,F,3750,199 reps - f,,199,New Zealand,Tasman Bay CrossFit,32
2174249,Nadia Hulsbos,F,351,243 reps,,243,Australia,CrossFit 2400,31
2918198,Lydie Bayt,F,351,243 reps,,243,France,CrossFit Le Chaudron,38
2963324,Shaye Easton,F,353,243 reps,,243,Australia,CrossFit 4551,34
2803175,Oihane Ramada,F,353,243 reps,,243,Spain,Indar CrossFit,26
2260070,Fran Lane,F,355,243 reps,,243,United Kingdom,CrossFit Humber,33
2405415,Saedi Post,F,356,243 reps,,243,United States,Orchard Valley CrossFit,18
2540983,Uxue Nuñez,F,357,243 reps,,243,Spain,Bai CrossFit Deusto,28
1735217,Katharina May,F,358,243 reps,,243,Switzerland,CrossFit Thurgovia,44
2697217,Beth Gray,F,359,242 reps,,242,United Kingdom,CrossFit Humber,33
2448686,Sarah Thomas,F,360,242 reps,,242,Australia,Sonder CrossFit,25
2832881,Rupal Ghelani-Khan,F,361,242 reps,,242,United Kingdom,CrossFit Shenley,30
2401599,Chloé LÉPINE,F,362,242 reps,,242,France,Summum CrossFit,33
2669202,Olivia Davis,F,363,242 reps,,242,United Kingdom,CrossFit West Melbourne,27
1764259,Maddison Noakes,F,364,242 reps,,242,Australia,CrossFit Huski,27
382825,Brynja Halldórsdóttir,F,365,242 reps,,242,Iceland,CrossFit Reykjavík,36
2933081,Liane Nascimento dos Santos,F,366,241 reps,,241,Brazil,Republica CrossFit,43
2827780,Alexis Payne,F,367,241 reps,,241,Australia,CrossFit Access,24
2223919,Vicky Jack,F,368,241 reps,,241,United Kingdom,Strength Lab CrossFit,42
334804,Jody Leonard,F,368,241 reps,,241,United States,Fairwinds CrossFit,40
2851761,Camille Rault,F,370,241 reps,,241,France,CrossFit Shinsekai,27
933544,Meredith Darrah,F,371,241 reps,,241,Canada,CrossFit NCR,49
2232281,Carly Holloway,F,372,241 reps,,241,United States,Coyote CrossFit,29
2655537,Bree Paice,F,373,241 reps,,241,Australia,CrossFit SHP,25
173545,Laura Dekker,F,374,241 reps,,241,Australia,CrossFit 2444,35
2461041,Naomi Ferreira,F,375,241 reps,,241,Australia,,25
2709351,Rebecca Linderman,F,375,241 reps,,241,United States,Central Valley CrossFit,27
2638056,Sabrina Tapia,F,377,241 reps,,241,United States,CrossFit Beach Box,30
2495142,Jessica Stewardson,F,377,241 reps,,241,United Kingdom,Aeternum CrossFit,27
2415082,Zoe Cross,F,379,240 reps,,240,Australia,CrossFit Play,25
2628885,Sophie Dobson,F,380,240 reps,,240,New Zealand,CrossFit Christchurch,23
2848965,Kendra Hill,F,380,240 reps,,240,New Zealand,CrossFit Porirua,29
905860,Kat Hulak,F,382,240 reps,,240,United States,Burn the Ships CrossFit,38
2970222,hyunju park,F,383,240 reps,,240,Korea (the Republic of),CrossFit RAON 2,32
2060040,Alexandra Walters,F,384,240 reps,,240,Australia,The Peoples Gym CrossFit,28
2839696,Bethany Mitchell,F,385,240 reps,,240,United Kingdom,CrossFit Belfast,25
2193029,Ellen Payne,F,385,240 reps,,240,Australia,CrossFit Chemistry,29
2084962,Caroline Montague,F,387,240 reps,,240,United States,,31
2970089,PANCHOUT Laetitia,F,388,240 reps,,240,France,CrossFit Meaux,33
2404591,Pania Tutemahurangi,F,388,240 reps,,240,New Zealand,,27
2558595,Marta Lorenzon,F,390,240 reps,,240,Italy,CrossFit Fonderia,36
2960586,Luisa Di mauro,F,391,240 reps,,240,Italy,CrossFit Udine,40
2302499,Xiangyi Meng,F,392,240 reps,,240,China,No One CrossFit,33
2408181,Brooke Winter,F,393,240 reps,,240,United States,CrossFit High Gear,34
2722536,Andrea Wilsmore,F,394,240 reps,,240,Australia,Concept CrossFit,54
2972267,Harriet Jeanes,F,395,240 reps,,240,United Kingdom,CrossFit Aldgate,28
2967290,Beth Farmer,F,396,240 reps,,240,United Kingdom,,26
2942611,Mari Laidlaw,F,396,240 reps,,240,United Kingdom,Horsham CrossFit,45
943707,Angharad Llewelyn,F,396,240 reps,,240,United Kingdom,Unit15 CrossFit,37
752704,Taleea Davison,F,396,240 reps,,240,Australia,CrossFit Bil Athletic,27
1942960,Sally Ritchens,F,400,239 reps,,239,Australia,CrossFit Wangaratta,44
733747,Kelly Wilson,F,550,229 reps,,229,United Kingdom,732 CrossFit,42
2951936,Shani Sandercock,F,552,229 reps,,229,Australia,CrossFit Adelaide,28
1779646,Laetitia Chevallier,F,553,229 reps,,229,France,CrossFit Gerland,26
1188343,Amy Flood,F,553,229 reps,,229,United Kingdom,CrossFit Verulamium,29
2968324,Melissa Scott,F,553,229 reps,,229,United Kingdom,CrossFit WDN,29
2613122,Dayeon Han,F,556,229 reps,,229,Korea (the Republic of),We CrossFit Seocho,32
2209516,Angela Doshen,F,556,229 reps,,229,Australia,CrossFit Volume,25
1680657,Lisiane Machiavelli,F,556,229 reps,,229,Brazil,CrossFit High Pulse,42
2888209,Lea-Munara Reyes-Leroux,F,559,229 reps,,229,France,Hundred Ten CrossFit,25
2925886,Jemma Reid,F,559,229 reps,,229,United Kingdom,RH10 CrossFit,36
258182,Fritha Hanning,F,559,229 reps,,229,New Zealand,Carbon Method CrossFit,52
2694992,Briana Batist,F,559,229 reps,,229,Australia,Sonder CrossFit,24
1636887,Tiffany Carlson,F,563,229 reps,,229,United States,RCF CrossFit,42
2658703,Miriam Abdullah,F,563,229 reps,,229,Australia,CrossFit Narellan,30
2625303,Jenny Dewar,F,563,229 reps,,229,United States,CrossFit MKT,38
508558,Rhiannon Creamer,F,566,229 reps,,229,Australia,CrossFit Coorparoo,40
1058018,Rachell Zohar,F,567,229 reps,,229,Israel,CrossFit Bux Yehud,37
2921151,Sabrina Alcindor,F,567,229 reps,,229,France,CrossFit Roissy en France,41
2578419,Caroline Bourrelly,F,567,229 reps,,229,France,CrossFit Vitrolles,28
2183469,Hannah Calver,F,570,228 reps,,228,Australia,Rocks CrossFit,40
2611886,Jessica Gois,F,571,228 reps,,228,United Arab Emirates,CrossFit Aptior 1,36
1494626,Louise Richards,F,572,228 reps,,228,New Zealand,Tasman Bay CrossFit,28
2108273,Mina Nam,F,573,228 reps,,228,Korea (the Republic of),VX CrossFit,33
217440,Olga Litvin,F,574,228 reps,,228,United States,Arbor CrossFit,42
5474,Carrie Mildbrand,F,575,228 reps,,228,United States,CrossFit Undisputed Böblingen,49
2196663,Susana Muriel,F,575,228 reps,,228,Spain,PRM CrossFit,33
2937952,Genesis Andino Brown,F,575,228 reps,,228,Puerto Rico,Reto CrossFit,30
431285,Laruchke Leipoldt,F,578,228 reps,,228,South Africa,CrossFit Radium,34
2237214,Iida-Minttu Heinonen,F,578,228 reps,,228,Finland,CrossFit Ilves,30
2577028,Olivia Dean,F,578,228 reps,,228,New Zealand,Mount CrossFit,26
493767,Brittany Cox,F,578,228 reps,,228,United States,CrossFit Santa Ynez Valley,39
2466208,Marina Melnikoff,F,582,228 reps,,228,Australia,CrossFit Currumbin,32
2220036,Ana Paula Espindola,F,582,228 reps,,228,Brazil,Punk CrossFit Eldorado,33
2819317,Natalie Griffiths,F,582,228 reps,,228,Australia,Grandstand CrossFit,29
704081,Jennifer McInnis,F,582,228 reps,,228,Canada,CrossFit Radix,49
2918105,Jessica Hearne,F,586,228 reps,,228,Ireland,CrossFit St Kilda,27
112201,Samantha Gaddes,F,586,228 reps,,228,New Zealand,Tasman Bay CrossFit,46
713896,Rachel Bainbridge,F,586,228 reps,,228,Australia,CrossFit Virtuous,42
1206642,Laura Kunkel,F,586,228 reps,,228,United States,CrossFit Aledo,40
1992268,Sarah Berger,F,586,228 reps,,228,Italy,Evope CrossFit,30
2796404,Amba Middleton,F,586,228 reps,,228,Australia,CrossFit Minerva,27
2645353,Hailey Millican,F,586,228 reps,,228,Australia,CrossFit 505,24
2701966,Adriana Stambullian,F,586,228 reps,,228,Argentina,CrossFit Salt Strength,38
2625965,Kerry-lynn Wilde,F,586,228 reps,,228,United Kingdom,CrossFit Furnace Fitness,34
31071,Natalie Rixon,F,586,228 reps,,228,Australia,Wolfe Den CrossFit,37
2677612,Emma Brewer,F,586,228 reps,,228,Australia,CrossFit Shellharbour City,23
2638274,Sylvia van Noort,F,597,228 reps,,228,Netherlands,CrossFit Cuijk,36
1621757,Kelly Dupont,F,597,228 reps,,228,Canada,,33
2856114,Carly Woodruff,F,597,228 reps,,228,United States,Stormbound CrossFit,30
2965188,Anna Juncosa,F,597,228 reps,,228,Spain,Studio Nova CrossFit,38
2786463,Lynn Schlim,F,1201,197 reps,,197,Luxembourg,CrossFit Bear Crawl,33
1584711,Colleen Hohs,F,1202,197 reps,,197,Canada,11.24 Unity CrossFit,41
2785121,Mariana Goulart Raposo,F,1203,197 reps,,197,Brazil,CrossFit Black Edition,44
2714647,Carrie Mattoon,F,1204,197 reps,,197,United States,CrossFit 585,48
2918233,Tosin Adebutu,F,1205,197 reps,,197,Nigeria,CrossFit Jagun,30
1554512,Fernanda Justo,F,1206,197 reps,,197,Brazil,CrossFit Tide Athletic,39
2822100,akari miyakoshi,F,1207,197 reps,,197,Japan,CrossFit ILF,32
2602163,Georgia Downey,F,1208,197 reps,,197,Australia,CrossFit Bil Athletic,27
2656245,Sophie Smith,F,1208,197 reps,,197,United Kingdom,CrossFit 168 II,27
2267354,Charlotte Rollason,F,1208,197 reps,,197,Australia,CrossFit BodiComplete,23
2655056,Emmanuelle Aubert,F,1208,197 reps,,197,France,CrossFit Gratte-Ciel,32
2914384,Lauren Duff,F,1208,197 reps,,197,Australia,CrossFit Underworld,34
2910683,Sharney Halangahu,F,1208,197 reps,,197,Australia,CrossFit Greater West,33
2913506,Camilla Alves,F,1214,196 reps,,196,Brazil,Bombers CrossFit,37
2903837,Hannah Cameron-Ross,F,1215,196 reps,,196,United Kingdom,CrossFit 57 North,24
2940578,Jen Dixon,F,1216,196 reps,,196,Australia,CrossFit 6714,44
2906805,Ruth Farrell,F,1216,196 reps,,196,United Kingdom,CrossFit Death or Glory,54
2911219,Alisha Parmerlee,F,1218,196 reps,,196,Thailand,CrossFit Pulmo,40
17283,Allison Brager,F,1218,196 reps,,196,United States,Orchard Valley CrossFit,41
2821913,Joely Bruce,F,1220,196 reps,,196,Australia,CrossFit Dubbo,18
2688545,Quang Clarisse,F,1221,196 reps,,196,Australia,,38
2472277,shani idar,F,1222,196 reps,,196,Israel,CrossFit Eilat,45
2934951,Emily Smacchi,F,1223,196 reps,,196,United Kingdom,CrossFit Huntsman,32
2929262,Eden Peri,F,1223,196 reps,,196,New Zealand,H1 CrossFit,22
401494,Maryke Van Wyk,F,1225,196 reps,,196,South Africa,CrossFit PBM,38
2476605,Lauren Pengilley,F,1225,196 reps,,196,United Kingdom,CrossFit 57 North,30
107894,An Wilson,F,1227,196 reps,,196,Australia,CrossFit Dux,41
1895379,Zia Hull,F,1228,196 reps,,196,United Kingdom,T 800 CrossFit,43
2841454,Tara Hart,F,1229,196 reps,,196,United States,CrossFit Vox,41
2970489,Lize Kramer,F,1230,196 reps,,196,Netherlands,,27
2481248,Kirsty Wylie,F,1230,196 reps,,196,United Kingdom,Aeternum CrossFit,37
2416746,Nicole Edmonds,F,1230,196 reps,,196,Australia,Kinetic Performance CrossFit,27
2517842,Nela Gombosová,F,1230,196 reps,,196,Czechia,CrossFit Stadion 1926,24
1012140,Lilly Flores Sutherlin,F,1234,195 reps,,195,United States,CrossFit 271,33
2796822,Lin Tabib,F,1235,195 reps,,195,Israel,Impulso CrossFit,22
2910710,Ariana Haxhiaj,F,1235,195 reps,,195,United States,CrossFit Trinity,29
2963549,hollie mceldowney,F,1237,195 reps,,195,Ireland,CrossFit Cultivar,24
2967120,Katie Gledhill,F,1238,195 reps,,195,United Kingdom,,40
2336171,Madi Wolinski,F,1239,195 reps,,195,Australia,CrossFit DECK,23
1280618,Alana Musolino,F,1240,195 reps,,195,Australia,Charge CrossFit Reservoir,35
2190483,Taryn Chambers,F,1241,195 reps,,195,Australia,Iron Body CrossFit,43
2909490,Sophie Brown,F,1242,195 reps,,195,United Kingdom,732 CrossFit,26
476450,Lisa Reid,F,1243,195 reps,,195,Germany,CrossFit Black Edition,44
2907063,Kate Thorburn,F,1244,195 reps,,195,Australia,CrossFit Coastal Edge,33
2562232,Jasmine Lee,F,1245,195 reps,,195,United States,South Beach CrossFit SI,32
2805005,Taylah Brown,F,1246,195 reps,,195,Australia,CrossFit Shellharbour City,28
2092594,Antonietta Niola,F,1246,195 reps,,195,Italy,CrossFit RTV,34
1250085,Rebecca Bost,F,1248,195 reps,,195,United States,Hub City CrossFit,36
2212112,Gabrielle Ernst,F,1249,195 reps,,195,Australia,CrossFit Singleton,26
2195799,Lise Machurez,F,1250,195 reps,,195,France,FWA CrossFit,48
2610872,ILARIA CASU,F,2250,150 reps,,150,Italy,CrossFit Iris,28
2598192,Privé Wendy,F,2252,150 reps,,150,France,CrossFit Histía,27
2086523,Alice Becker,F,2253,150 reps,,150,Zimbabwe,Rolfe Valley CrossFit,33
2647752,Joanna Davis,F,2254,150 reps,,150,United Kingdom,CrossFit Moira,28
2627329,Dominique Henson,F,2254,150 reps,,150,United Kingdom,CrossFit Aylesbury,34
2941752,Jasmin Razaghi,F,2254,150 reps,,150,United States,CrossFit Luna,26
1785600,Stephanie Canuti,F,2254,150 reps,,150,France,CrossFit Porto Vecchio,39
2798851,Teo Ding,F,2254,150 reps,,150,United Kingdom,CrossFit Solent,21
1787532,Tracy O'Reilly,F,2259,149 reps,,149,Ireland,CrossFit Leixlip,46
1352765,Lauren Schofield,F,2260,149 reps,,149,Australia,CrossFit Moose Fitness,40
549117,Selena Davidson Eno,F,2261,149 reps,,149,Canada,902 Athletics CrossFit,53
2686115,Kathleen Pinaroc,F,2261,149 reps,,149,United States,Jute CrossFit,30
2821115,CONSTANCE HARREAU,F,2261,149 reps,,149,France,The Carbet CrossFit,35
2496080,Emily Hoyles,F,2264,149 reps,,149,United Kingdom,X Lab CrossFit Worthing,33
1867095,Polly Middleton,F,2264,149 reps,,149,United Kingdom,CrossFit Cairngorm,50
2910701,Karla Ramos,F,2264,149 reps,,149,Puerto Rico,Reto CrossFit,29
2098211,Parissa Angelidis,F,2267,149 reps,,149,Australia,Reebok CrossFit Frankston,34
2920371,Saengchan Dara,F,2268,149 reps,,149,France,CrossFit Rengō Valenciennes,31
2837957,Lauren Hines,F,2269,149 reps,,149,Australia,CrossFit Braybrook,30
2805015,Nicola Hobbs,F,2269,149 reps,,149,United Kingdom,Marlborough CrossFit,39
1462215,Gemma Mitchell,F,2269,149 reps,,149,United Kingdom,CrossFit Mercia,42
2919012,Madison Sharp,F,2269,149 reps,,149,Australia,Snake CrossFit,25
2789373,Reem Al-Shaikh,F,2273,148 reps,,148,United Kingdom,CrossFit Structure,45
2212159,Amanda Hornby,F,2274,148 reps,,148,United Kingdom,Leigh CrossFit,54
2925888,Rachel Taylor,F,2275,148 reps,,148,United Kingdom,,38
2909157,Margaux Bouvet,F,2276,148 reps,,148,France,CrossFit Les Angles,24
2004369,Jen Killoren,F,2277,148 reps,,148,United States,RMF CrossFit,42
2789943,Kristen Bard,F,2278,148 reps,,148,United States,CrossFit Iron Flag,40
948516,Anita Anderson,F,2279,148 reps,,148,United States,Black Spruce CrossFit,49
348102,Nancy Gober,F,2279,148 reps,,148,United States,Chester Springs CrossFit,48
1563022,Eleonore Schreuders,F,2279,148 reps,,148,Netherlands,CrossFit Ridderkerk,30
2964928,sashini weeratunge,F,2282,148 reps,,148,Sri Lanka,CrossFit Moose Fitness,33
2423182,Kymara Runchel-Fitzsummons,F,2283,148 reps,,148,Australia,Two Wolf CrossFit,28
2304708,Belle Davison,F,2284,148 reps,,148,Australia,CrossFit Knoxfield,27
2912856,Laura Saunders,F,2284,148 reps,,148,United Kingdom,CrossFit Talisman,45
2836968,Luana Nikita Baptista,F,2286,148 reps,,148,Switzerland,CrossFit Littoral,25
2959559,Delilah De La Cruz,F,2287,147 reps,,147,United States,Uvalde CrossFit,18
2320079,Oliwia Sikora,F,2288,147 reps,,147,Poland,CrossFit New Dogs Gym,26
2972839,Maya Lasaad,F,2289,147 reps,,147,France,CrossFit Sunway,29
1604799,Andrea Bolanos,F,2290,147 reps,,147,United States,CrossFit Monrovia,43
2128809,MONSERRAT ECHANOVE,F,2291,147 reps,,147,Mexico,CrossFit 520 Kairos,31
2700533,Sarai Malinal Torres Delgado,F,2292,147 reps,,147,Mexico,Riginal CrossFit Nürnberg,41
2941220,Lauren Van der Kley,F,2293,147 reps,,147,Australia,CrossFit Confront,34
2087419,Ellen Walker,F,2293,147 reps,,147,Australia,CrossFit COAH,28
956052,Sarah Kavanagh,F,2293,147 reps,,147,Ireland,CrossFit Rotherham,52
1300773,Louise Godbee,F,2296,147 reps,,147,Australia,CrossFit Iron Lion,46
2229794,Tamara Lopez,F,2297,147 reps,,147,Spain,NAMA CrossFit,45
1231086,Elena Brechler,F,2297,147 reps,,147,United States,Always Forward CrossFit,42
2832061,Lujia Zhao,F,2297,147 reps,,147,Australia,CrossFit Young,46
1376021,Genevieve Dally,F,2300,147 reps,,147,Australia,CrossFit Darwin,44
2962975,Maëlys BERTHIER,F,597,228 reps,,228,France,CrossFit Camp Fire,24
2953649,Erin Smith,F,597,228 reps,,228,Australia,CrossFit Sawtell,44
2724372,Victoria Jane Lloyd,F,597,228 reps,,228,United Kingdom,CrossFit Oakham,50
2385003,Abby Madden,F,597,228 reps,,228,Australia,CrossFit Wollongong,22
2010721,Bizzie Ascham,F,597,228 reps,,228,United Kingdom,CrossFit Cheltenham,25
2839528,Eleonore Bichet,F,597,228 reps,,228,France,CrossFit Diversity,35
2904719,Miranda Flannery,F,597,228 reps,,228,Australia,CrossFit Muswellbrook,26
2904711,Giorgia Elliott,F,597,228 reps,,228,Australia,Raw Iron CrossFit,34
2646989,Alicia Hortle,F,609,227 reps,,227,Australia,CrossFit SHP,27
572532,Yasmin Lindenberg,F,610,227 reps,,227,Australia,CrossFit Huski,35
2972208,Sammie Cossio,F,611,227 reps,,227,Australia,Clarence Valley CrossFit,37
969536,Martine Mitchell,F,612,227 reps,,227,Australia,Blue Lake CrossFit,40
1694144,Kristal Steynberg,F,613,227 reps,,227,Australia,CrossFit North Carlton,38
2903536,Becky Hopkins,F,614,227 reps,,227,United Kingdom,CrossFit Chew Valley,36
2965332,lisa helluy,F,615,227 reps,,227,France,CrossFit de la Paix,32
2051624,Chih-Chen Hsieh,F,616,227 reps,,227,Chinese Taipei,WP ZouHui CrossFit,28
2832812,Molly O'Neill,F,617,227 reps,,227,Ireland,CrossFit Cookstown,25
2361009,Kylie Smith,F,618,227 reps,,227,New Zealand,Seaside CrossFit Yeppoon,42
2669817,Melissa Kreft,F,619,227 reps,,227,South Africa,Cape CrossFit,28
2671480,Gemma Klein,F,620,227 reps,,227,United Kingdom,T 800 CrossFit,34
713821,Emily Perez,F,621,227 reps,,227,United States,CrossFit Grandview,28
2950222,Sallie Morton,F,622,227 reps,,227,Australia,CrossFit Bil Athletic,24
2428520,Natalia Enciso,F,622,227 reps,,227,Colombia,Maverick CrossFit,25
275451,Erica Anderson,F,622,227 reps,,227,United States,,54
2428762,Olivia Kalocsai,F,625,226 reps,,226,Australia,Clarence Valley CrossFit,24
1987854,Alesha Evans,F,626,226 reps,,226,Australia,Demon CrossFit,30
2390429,Bruna Nunes Freitas,F,627,226 reps,,226,Brazil,CrossFit Bento,32
2155933,Gail Capell,F,628,226 reps,,226,United States,CrossFit Fury,30
2867113,Marie Weihe,F,629,226 reps,,226,Germany,,25
1805936,Lara Walker,F,630,226 reps,,226,Australia,CrossFit Huey,35
2633220,Chiara Parrinello,F,631,226 reps,,226,Italy,CrossFit HideNest,28
2715946,Heather Harding,F,632,226 reps,,226,Australia,CrossFit Chocolate Box,32
2630454,Sophie De Clercq,F,633,226 reps,,226,United States,CrossFit Taylors,25
2063696,Lucy Prudden,F,634,226 reps,,226,United Kingdom,CrossFit Muswellbrook,30
2620307,Andrea Erni-Geisseler,F,634,226 reps,,226,Switzerland,,43
2662423,Barbara Faust,F,634,226 reps,,226,Denmark,Gladsaxe CrossFit,53
681531,Hannah Douglass,F,637,225 reps,,225,New Zealand,CrossFit Porirua,34
2427248,Val OnSnow,F,638,225 reps,,225,China,CrossFit Neuro,25
2656477,Michaela Kerr,F,639,225 reps,,225,United Kingdom,CrossFit Furnace Fitness,40
2783480,Kate Goodchild,F,640,225 reps,,225,Australia,CrossFit Cessnock,33
1980967,Raph Svensen,F,641,225 reps,,225,Australia,CrossFit Tempered Ormeau,39
2918241,Lou Maume,F,642,225 reps,,225,France,CrossFit Voreppe,30
2631822,Sonata Ilijonskiene,F,642,225 reps,,225,Lithuania,CrossFit Kaunas,52
1976187,Rachel Prestwich,F,644,225 reps,,225,Australia,CrossFit Audax,30
2150784,Magali Decary,F,645,225 reps,,225,Canada,CrossFit Valleyfield,38
1770478,Hann Steele,F,646,225 reps,,225,Australia,CrossFit Torian,35
1633560,Maggie Kenter,F,647,225 reps,,225,United States,CrossFit Epping,29
2666713,Karen Tullett,F,648,225 reps,,225,United Kingdom,I Am The Project CrossFit,41
1620816,Rimgaile Auguliene,F,649,225 reps,,225,Lithuania,Amber CrossFit,37
719093,Mary Kate Hauck,F,650,225 reps,,225,United States,CrossFit Syracuse,34
2558222,Leilani Campbell,F,797,218 reps,,218,Australia,565 CrossFit,23
2942175,Ellen Bakken,F,797,218 reps,,218,Norway,CrossFit Lillestrøm,40
2936556,Daniel Belelti,F,797,218 reps,,218,Israel,YV CrossFit Afula,32
2925636,Claire Lilburne,F,797,218 reps,,218,Australia,,36
2717551,Chantelle Bosch,F,805,217 reps,,217,South Africa,CrossFit PBM,39
2708895,Sarah Noble,F,806,217 reps,,217,Australia,CrossFit Moorabbin,26
1372787,Millie Estrada,F,807,217 reps,,217,United States,Wasatch CrossFit,23
956335,Erika Kusakari Ferret,F,808,217 reps,,217,United States,CrossFit Corso,46
2414418,Miquela McDonald,F,809,217 reps,,217,United Kingdom,CrossFit RTV,33
1323232,Keeley Dempster,F,810,217 reps,,217,Australia,CrossFit Underway,22
2470368,Bronwyn Hiles,F,811,217 reps,,217,Australia,CrossFit 2444,42
2964096,Giulia Chiapella,F,812,217 reps,,217,Italy,CrossFit Hawthorn East,27
2188409,Jessica Schmitt,F,813,217 reps,,217,United States,CrossFit Yellow Falcon,41
2660347,Minna Savolainen,F,814,217 reps,,217,Finland,CrossFit Siilinjarvi,35
2712690,Angelique Cross,F,815,217 reps,,217,Australia,,33
2742783,Caroline Paviani,F,816,217 reps,,217,Brazil,Republica CrossFit,26
2809765,Vaida Jonuskaite,F,817,217 reps,,217,Lithuania,CrossFit Glasgow,35
2963475,Kelsie Foster,F,818,217 reps,,217,Australia,CrossFit 6714,27
2594742,Emilie Paternot,F,819,217 reps,,217,Belgium,CrossFit Arlon,45
2939731,Jana Smith,F,820,217 reps,,217,United Kingdom,CrossFit Bath,44
2597016,Tahlia Mitchell,F,820,217 reps,,217,Australia,HomeFront CrossFit,26
2187418,Melissa Rew,F,820,217 reps,,217,Australia,PBTL CrossFit,33
2774576,Oliwia Stańczuk,F,820,217 reps,,217,Poland,CrossFit Mazury,24
2475699,Perrine HUBERT,F,820,217 reps,,217,France,CrossFit 2F,27
708147,Jen Koch,F,825,216 reps,,216,United States,Badger CrossFit,49
2944654,Abby Sim,F,826,216 reps,,216,New Zealand,CrossFit 7010 Nelson,25
2953337,Meg Fitt,F,827,216 reps,,216,Australia,CrossFit 3850,39
2682048,Kanisha Lehr,F,828,216 reps,,216,Australia,Two Wolf CrossFit,32
2162739,Josephine Christie,F,829,216 reps,,216,United Kingdom,Sea City CrossFit,29
2277064,Helen May,F,830,216 reps,,216,United Kingdom,Wakefield CrossFit,54
1203032,Adriane Domingues,F,831,216 reps,,216,Brazil,CrossFit Tide Athletic,37
2970365,Jessica Hernandez,F,832,216 reps,,216,United States,FCL CrossFit,32
2839664,Xu Jiang,F,833,216 reps,,216,Korea (the Republic of),Golden Crown CrossFit Seodaemun,28
1217707,Vebica Evans,F,834,216 reps,,216,Australia,CrossFit 25,46
2922832,Samantha Turner,F,835,216 reps,,216,United Kingdom,CrossFit Humber,37
1975754,Zoe Reid,F,836,216 reps,,216,United Kingdom,CrossFit 57 North,28
2161368,Kaylee Fuller,F,836,216 reps,,216,United States,CrossFit Fortress,22
106688,Rafaela Marques,F,838,216 reps,,216,South Africa,REF CrossFit Jozi,43
715245,Åshild Aaen Torpe,F,839,216 reps,,216,Norway,CrossFit Asker,38
2673512,Kelly Johnston,F,840,216 reps,,216,Australia,CrossFit Wollongong,53
2960631,Tuulia Ollila,F,841,216 reps,,216,Finland,CrossFit 40100,34
1422295,Sarah Hulslander Pignatello,F,842,216 reps,,216,United States,CrossFit Fury,38
1633001,Anne Line Tørresen,F,843,216 reps,,216,Norway,CrossFit Oslo Kriger,39
2196289,Kate Hawkes,F,843,216 reps,,216,South Africa,CrossFit Mecca,25
1122774,Janely Lopez,F,845,215 reps,,215,United States,,42
2667781,Robyn Dunn,F,846,215 reps,,215,United Kingdom,CrossFit Cookstown,26
2854071,Elena Recaldin,F,847,215 reps,,215,Italy,CrossFit Iron Kings,26
2943844,Sophie Tozer,F,848,215 reps,,215,United Kingdom,CrossFit WDN,35
1559755,Amber Bill,F,848,215 reps,,215,United States,CrossFit BearCat,45
2475319,Eadaoin OReilly,F,850,215 reps,,215,Ireland,,30
2851328,Ingrid Marchant,F,1151,199 reps,,199,Australia,CrossFit New Beginning,43
2839877,Anna Santucci,F,1152,199 reps,,199,Italy,CrossFit Iris,33
2592569,Isabel Campos Canaves,F,1153,199 reps,,199,Spain,CrossFit Llucmajor,47
2923868,Naoko Zamma,F,1154,199 reps,,199,Japan,CrossFit Remi,37
2945144,Jonna Heikkinen,F,1155,199 reps,,199,Finland,CrossFit 40100,37
2617959,Béatrice Lecerf,F,1156,199 reps,,199,France,CrossFit Nakama,40
2914190,Mila Holland,F,1157,199 reps,,199,Australia,RFX Athletic CrossFit Bibra Lake,42
2648875,Sarah VALENTINO,F,1158,199 reps,,199,France,CrossFit Vinkere,35
2522619,Jenifer Sabater Diaz,F,1159,199 reps,,199,Spain,CrossFit 4566,38
1789409,Amanda Norton,F,1160,199 reps,,199,Ireland,CrossFit Leixlip,49
996297,Juliana Bordieri,F,1161,199 reps,,199,Brazil,Reserva Campolim CrossFit,38
1773196,Dana Haak,F,1162,199 reps,,199,Australia,CrossFit Southend,29
972384,Adina Novac Ionesco,F,1163,199 reps,,199,Switzerland,CrossFit Leman,54
2321738,Eliza Clark,F,1164,199 reps,,199,United States,CrossFit District Eighteen,25
1561957,Karen Turner,F,1165,199 reps,,199,United Kingdom,New Horizon CrossFit,39
2822757,Lisa Nicholas,F,1166,199 reps,,199,United Kingdom,CrossFit Solent,41
2922400,Emma Whiteley,F,1167,199 reps,,199,United Kingdom,West Leeds CrossFit,36
2244287,Paula Pahtaharju,F,1168,199 reps,,199,Finland,CrossFit Rosteri,30
2920598,Karoline Eknes,F,1169,199 reps,,199,Norway,CrossFit Moss,39
2969215,Isabelle Kühn,F,1170,199 reps,,199,Netherlands,CrossFit Limes,38
1043379,Liesl Wickson,F,1170,199 reps,,199,Australia,CrossFit 2337,46
2921226,Lauren Moes,F,1170,199 reps,,199,Australia,,25
2780670,ZIYAN JIANG,F,1170,199 reps,,199,China,CrossFit SZ,28
501637,Jessica Mooney,F,1174,198 reps,,198,United States,CrossFit Hard Knox,39
2107314,Sabrina Braun,F,1175,198 reps,,198,Germany,CrossFit Peak Vitality,37
2788007,Natalia Tristan,F,1176,198 reps,,198,United Kingdom,CrossFit Solent,34
1090671,Christina Napoli,F,1177,198 reps,,198,United States,CrossFit Sunset Park,39
2785023,Franziska Hursach,F,1178,198 reps,,198,Germany,S2S CrossFit,32
955807,Mary Seawright,F,1179,198 reps,,198,United States,,39
142809,Chelsea Owen,F,1180,198 reps,,198,Australia,CrossFit United Bundaberg,39
2839736,Rebecca Andrews,F,1181,198 reps,,198,United Kingdom,CrossFit Alpha Wolf,47
2842839,Isy Blackwell,F,1182,198 reps,,198,United Kingdom,CrossFit Alpha Wolf,19
1359020,Carley Waye,F,1183,198 reps,,198,Australia,Wolfe Den CrossFit,39
2916656,Rachel Royles,F,1183,198 reps,,198,United Kingdom,CrossFit Humber,35
684239,Mandy Howard,F,1185,198 reps,,198,United States,CrossFit Humidity,41
2190397,Mel Omar,F,1186,198 reps,,198,Australia,CrossFit Narellan,45
2971411,Sophie Harrington,F,1187,198 reps,,198,New Zealand,,16
2803894,Judith Fronczek,F,1187,198 reps,,198,Australia,CrossFit North Carlton,43
2604266,Catherine Rybka,F,1187,198 reps,,198,United States,CrossFit Incite,42
2954016,Alanah Wiblen,F,1190,197 reps,,197,Australia,CrossFit Arete,23
2449583,Lydia Hayden,F,1191,197 reps,,197,United Kingdom,CrossFit Bristol North,28
769878,Jessica Trusler,F,1192,197 reps,,197,Australia,CrossFit Lower Mountains,35
2946778,Marthanique Van der westhuizen,F,1193,197 reps,,197,South Africa,CrossFit Highfields,32
2822024,chloe vella,F,1194,197 reps,,197,Australia,CrossFit Arete,22
2012806,Kyungran Lee,F,1195,197 reps,,197,Korea (the Republic of),,32
1771389,Elisha Moore,F,1196,197 reps,,197,Australia,CrossFit Huski,29
2662931,Sophie Simpson,F,1196,197 reps,,197,United Kingdom,I Am The Project CrossFit,36
2052418,Natalia Sikora,F,1198,197 reps,,197,Switzerland,CrossFit Lausanne,21
2904442,Pika Triti,F,1199,197 reps,,197,France,CrossFit Rompsay,28
2784220,Yerim Kim,F,1200,197 reps,,197,Korea (the Republic of),CrossFit Baegot,31
837223,Lorna Norris,F,1251,195 reps,,195,United Kingdom,CrossFit Temple,35
796439,Laura Clark,F,1252,195 reps,,195,United States,TTT CrossFit,51
2564894,HOKYOUNG PARK,F,1252,195 reps,,195,Korea (the Republic of),Jinju CrossFit,44
2816070,Noemie Cabon,F,1252,195 reps,,195,France,CrossFit Brest,34
2904760,Megan Bell,F,1252,195 reps,,195,Australia,,35
2002698,Louise Barber,F,1256,194 reps,,194,Australia,CrossFit Moreton Bay,31
2005705,Graziele Policarpio,F,1257,194 reps,,194,Brazil,CrossFit Barigui,30
2541455,Zoe Cock,F,1258,194 reps,,194,Australia,,39
269435,Nadine Godwin,F,1258,194 reps,,194,Australia,Dialogue CrossFit,44
2262829,Lorelei Williamson,F,1260,194 reps,,194,Australia,Cornerstone CrossFit,43
2433528,Charlie Way,F,1261,194 reps,,194,Australia,,38
1991207,Pavla Vachova,F,1261,194 reps,,194,Slovakia,CrossFit Bells Beach,33
2437680,Sarah Coates,F,1263,194 reps,,194,Australia,CrossFit Woolgoolga,44
1236060,Jessie Gibson,F,1263,194 reps,,194,United States,CrossFit Wooster,33
2596625,Stefanie Zuccarello,F,1265,194 reps,,194,Italy,Riginal CrossFit Nürnberg,38
2621282,Célia Leu,F,1265,194 reps,,194,France,CrossFit Rengō Valenciennes,28
2594482,Jinka Zandbergen,F,1267,194 reps,,194,Netherlands,CrossFit Uden,42
2958510,Annie Mackenzie,F,1268,194 reps,,194,United Kingdom,CrossFit OzBox,38
2677819,Youngsun Lim,F,1269,194 reps,,194,Korea (the Republic of),CrossFit 8055,37
2487652,Melissa Lezama,F,1269,194 reps,,194,United States,Shogun CrossFit,28
1215975,Lisa Horowitz,F,1271,194 reps,,194,Australia,Wolfe Den CrossFit,38
2793659,Rosa Oliver,F,1271,194 reps,,194,Spain,CrossFit Llucmajor,38
685516,Megan Hyndman,F,1273,194 reps,,194,United Kingdom,Still CrossFit,35
2671959,Naomi Daunou,F,1274,194 reps,,194,United Kingdom,CrossFit Solent,44
435817,Laura Jones,F,1275,194 reps,,194,United Kingdom,CrossFit Witham,36
921864,Federica Lempi,F,1276,194 reps,,194,Italy,CrossFit Deed,30
2957862,Grace Porter,F,1277,194 reps,,194,United Kingdom,Coast Side CrossFit,42
2118942,Hannah Britton,F,1278,194 reps,,194,United Kingdom,CrossFit Navalia,31
2595561,jade kopp,F,1278,194 reps,,194,France,CrossFit Viniacius,22
2501421,Tracy Sammon,F,1280,194 reps,,194,United States,CrossFit Faded Glory,54
2811932,Eden Elul,F,1281,194 reps,,194,Israel,YV CrossFit Afula,32
2965973,Naya Nieves-Rivera,F,1282,194 reps,,194,Venezuela (Bolivarian Republic of),CrossFit Louvre,34
2392093,Hanna Van Ginhoven,F,1282,194 reps,,194,United Kingdom,CrossFit Mercia,51
2964826,Joelle Wohler,F,1284,194 reps,,194,Switzerland,CrossFit Baden,32
2752567,Jessica Fleming,F,1284,194 reps,,194,United States,CrossFit Provision,28
2601696,Lucel Elodie,F,1284,194 reps,,194,France,CrossFit Khaleesi,39
2956912,YSol Yoon,F,1284,194 reps,,194,Korea (the Republic of),CrossFit Choongjun,36
2948390,Marit Holmefjord Pedersen,F,1284,194 reps,,194,Norway,CrossFit Lillestrøm,42
2755366,Tong Tong,F,1284,194 reps,,194,China,CrossFit Slash,28
2648273,Keeley Reynolds,F,1284,194 reps,,194,Australia,Flat White CrossFit Strathfield,37
2904853,Rebecca Cronin,F,1284,194 reps,,194,Australia,CrossFit Release,31
2071970,Zoe Shuttleworth,F,1284,194 reps,,194,United Kingdom,Golden Valley CrossFit,46
2057421,Erin Whitbread,F,1293,193 reps,,193,Australia,Flat White CrossFit Rhodes,33
2903695,Stephanie Buchanan,F,1294,193 reps,,193,United Kingdom,CrossFit 1298,35
191646,Lauren Nicole Aucoin,F,1295,193 reps,,193,United States,CrossFit Vice,39
234826,Chausse Lauer,F,1296,193 reps,,193,United States,3-46 Grit CrossFit,49
2965744,Clémence Laurent,F,1297,193 reps,,193,France,CrossFit Le Mans,24
2945474,Una Brown,F,1298,193 reps,,193,Ireland,CrossFit MSQD,44
2962694,Mónica Achaques Fernández,F,1299,193 reps,,193,Spain,CrossFit Colmenar Viejo,27
117976,Angela Barnas,F,1300,193 reps,,193,Australia,CrossFit Sisyphus,46
2951796,Brittney Asher,F,2501,128 reps,,128,United States,Samurai CrossFit,33
2056993,Georgina Sexton,F,2502,128 reps,,128,Australia,CrossFit Larrikins,44
2635733,Ana Vargas,F,2503,127 reps,,127,Brazil,Arbo CrossFit,26
2939477,Chaewon Kim,F,2504,127 reps,,127,Korea (the Republic of),Modu CrossFit,29
2921715,Sarah Cole,F,2505,127 reps,,127,Australia,Iron Body CrossFit,36
992984,Katie Winter,F,2506,127 reps,,127,United Kingdom,CrossFit Bodmin,37
2832799,Gemma Heugh,F,2507,127 reps,,127,Australia,CrossFit Soar,49
2919916,Adriana Dantas,F,2508,126 reps,,126,Portugal,Rust CrossFit,35
2403413,Amber Guo,F,2509,126 reps,,126,China,CrossFit Reason,29
2816213,Pauline Niederberger,F,2510,126 reps,,126,France,CrossFit Vinkere,39
2937698,Sienna Gafa,F,2511,126 reps,,126,Australia,CrossFit Facilitate,16
2925681,Emerson Finch,F,2512,126 reps,,126,Australia,CrossFit Arete,18
2416074,Sara Daissaoui,F,2512,126 reps,,126,France,Anjou CrossFit,31
2967203,SUNG GIL SHIN,F,2514,126 reps,,126,Korea (the Republic of),CrossFit DAEGA,33
2831548,Claudia Androsky,F,2514,126 reps,,126,United States,CrossFit Shipwreck,24
2827545,Dahyeon Ko,F,2516,126 reps,,126,Korea (the Republic of),CrossFit Arcade,29
2600167,Renata Raffin,F,2517,126 reps,,126,Brazil,Ginge CrossFit,46
2514241,Alyson Giesemann,F,2518,126 reps,,126,United States,CrossFit Reign,33
2972894,Hannah Gray,F,2519,126 reps,,126,United Kingdom,Fosse Way CrossFit,36
2972814,Bérengère Gerbaz,F,2520,126 reps,,126,France,CrossFit Rengō Valenciennes,41
1065235,Karly Ellis,F,2521,126 reps,,126,United Kingdom,CrossFit Reading,51
2785608,Nadeen Chaytor,F,2522,126 reps,,126,Australia,CrossFit 6714,43
2289808,Katherine Ebenezer,F,2523,126 reps,,126,United Kingdom,179 CrossFit,44
2496606,Charlotte Ball,F,2524,126 reps,,126,United Kingdom,CrossFit APG,42
2909169,Morgane Wittmer,F,2525,126 reps,,126,France,CrossFit 571,24
2223177,Nathalie Kennel,F,2526,126 reps,,126,France,TRIBOK CrossFit,48
789924,Laura Lira,F,2527,126 reps,,126,Brazil,CrossFit Vila Mascote,32
2125770,Ainsley Sloman,F,2527,126 reps,,126,Australia,CrossFit Armidale,28
1764158,eunju min,F,2527,126 reps,,126,Korea (the Republic of),CrossFit Bigfoot,36
2920160,Natasha Cook,F,2527,126 reps,,126,Australia,CrossFit Tempered Ormeau,44
2917386,Sophie Grant,F,2531,125 reps,,125,United Kingdom,Marlborough CrossFit,40
2940668,Emma Fauchon,F,2532,125 reps,,125,France,CrossFit Le Mans,29
2460805,Caroline Kennedy,F,2533,125 reps,,125,United Kingdom,CrossFit Northumbria,46
2906858,Heather Ainslie,F,2534,124 reps,,124,United Kingdom,CrossFit Haddington,25
2933062,Beatriz Brito,F,2535,124 reps,,124,Portugal,Grandolativa CrossFit,22
2800994,Casey Wease,F,2535,124 reps,,124,Australia,CrossFit Woodford,35
2952297,Laura Ostsieker,F,2537,124 reps,,124,Germany,CrossFit Bulls and Bears South,42
2671414,miri Oh,F,2538,124 reps,,124,Korea (the Republic of),CrossFit 101,39
2690384,Liad Zuckerman,F,2539,124 reps,,124,Israel,CrossFit Hatira,37
1359520,Sukyeong Bang,F,2540,123 reps,,123,Korea (the Republic of),CrossFit Baekseok,53
2917251,Sa-angtip Netprasert,F,2541,123 reps,,123,Thailand,Power Up CrossFit,32
2700720,Alicia Felix,F,2542,123 reps,,123,France,CrossFit Genas,28
162887,Yoshiko Daiku,F,2543,122 reps,,122,Japan,buran CrossFit Gym,47
2815838,Jody Maynard,F,2544,122 reps,,122,Australia,CrossFit Hallam,49
2008048,Olga SandovalZazueta,F,2545,121 reps,,121,Mexico,Natural Selection CrossFit,38
778626,Annie Johnstone,F,2546,121 reps,,121,Australia,,46
2004901,Anna Soos,F,2546,121 reps,,121,Romania,CrossFit Fabric,54
2939275,Ella de Thierry,F,2546,121 reps,,121,United Kingdom,CrossFit Bath,28
2692665,Rachel Athey,F,2549,120 reps,,120,United Kingdom,CrossFit Stokesley,50
2918186,Eske Stander,F,2550,120 reps,,120,South Africa,,28
248817,Laura Clarke,F,851,215 reps,,215,United Kingdom,CrossFit Lacemakers,35
1230300,Hui-Hsin Ko,F,852,215 reps,,215,Chinese Taipei,CrossFit Lilian,45
1688451,Katie Bleekman,F,853,215 reps,,215,United Kingdom,CrossFit 4TC,33
2786832,Tash Forster-Jones,F,854,215 reps,,215,Australia,CrossFit TPF,35
1194632,Cerissa Martinez,F,855,215 reps,,215,United States,Sawed-Off CrossFit,51
2889601,gemma davies,F,855,215 reps,,215,United Kingdom,CrossFit Wolfhound Larne,42
2931971,Ashlee Harvey,F,855,215 reps,,215,Australia,CrossFit Audax,29
1155297,Sophie Buller,F,855,215 reps,,215,Australia,CrossFit Audax,25
2196449,Melanie Nelson,F,855,215 reps,,215,United States,CrossFit 696,31
2934531,Lovisa Stadelmann,F,855,215 reps,,215,Sweden,CrossFit Sickla,25
2921233,Jess Summerson,F,855,215 reps,,215,United Kingdom,CrossFit Sydenham,39
2915211,Greta Meikle,F,855,215 reps,,215,New Zealand,Tasman Bay CrossFit,22
2598562,Maeva Degri,F,855,215 reps,,215,France,CrossFit Meaux,35
2955454,Nicola Kerr,F,864,214 reps,,214,United Kingdom,CrossFit Chippenham,39
2845014,Libby Bow,F,865,214 reps,,214,United Kingdom,CrossFit Manticore,26
2568988,Shannon Bramwell,F,866,214 reps,,214,Australia,CrossFit Woodford,21
2398024,Natasha Hirt,F,867,214 reps,,214,United Kingdom,Claymore CrossFit,31
2417706,Keutiens Mireille,F,868,214 reps,,214,Belgium,CrossFit Sarreguemines,37
2447057,Alina Mikalsen,F,869,214 reps,,214,Norway,Reebok CrossFit Bryggen,23
1984138,Jordan Herron,F,870,214 reps,,214,United Kingdom,CrossFit WDN,36
2910443,floriane CHARVET,F,871,214 reps,,214,France,CrossFit Wood Shack,34
2653260,Ségolène Charles,F,872,214 reps,,214,France,CrossFit Vinkere,31
2962024,Niina Salminiemi,F,873,214 reps,,214,Finland,CrossFit Kaarina,42
920040,Alison Baker,F,874,214 reps,,214,Australia,,41
2937855,Annecke Botha,F,875,214 reps,,214,South Africa,CrossFit Tijger Valley,25
2396233,Catarina Pereira,F,875,214 reps,,214,Portugal,5.7 CrossFit,36
2396658,Natalie Van Wyk,F,877,214 reps,,214,South Africa,Lions Bay CrossFit,42
2782434,Fiona Hamilton,F,878,214 reps,,214,Australia,CrossFit Braybrook,43
2782241,Jenna Mcbain,F,879,214 reps,,214,Australia,CrossFit 2444,37
2655495,Emma Blake,F,880,214 reps,,214,Australia,CrossFit Moose Fitness,39
2701183,Pauline HENRY,F,881,214 reps,,214,Belgium,CrossFit Link,34
2715798,Charlotte Harvey,F,881,214 reps,,214,United Kingdom,,31
2478045,Hannah McCarron,F,881,214 reps,,214,Australia,CrossFit No Bad Days,35
1788003,Hanne sofie Stolinski,F,881,214 reps,,214,Norway,CrossFit Moss,30
2786251,Lazarina Sidiropoulou,F,881,214 reps,,214,Greece,CrossFit Navalia,38
2650418,Charlotte Pauls,F,886,213 reps,,213,Australia,,24
2195661,Holly Haworth,F,887,213 reps,,213,United Kingdom,CrossFit Sevenoaks,27
2151843,Maja Mills,F,888,213 reps,,213,Canada,CrossFit Nook,35
2970712,Ruth Yap,F,889,213 reps,,213,Singapore,CrossFit RagTag,27
2904166,Jeanne Wirsching,F,890,213 reps,,213,France,CrossFit Vinkere,24
2959138,Kristen Woods,F,891,213 reps,,213,Australia,,29
2949877,Laura Barratt,F,892,213 reps,,213,United Kingdom,,27
746372,Yea Jee Lee,F,893,213 reps,,213,Korea (the Republic of),CrossFit bigcheese SINDANG,37
2673064,Megan Hawksworth,F,894,213 reps,,213,Australia,CrossFit Confront,31
2722679,Megan Bennett,F,895,213 reps,,213,United Kingdom,CrossFit Fort Ashton,34
2247622,Nadine Draber,F,896,213 reps,,213,Austria,CrossFit Rankweil,29
2421885,Rotem Kaufman,F,897,213 reps,,213,Israel,,39
1904991,Marie-Laure Mellier,F,898,213 reps,,213,France,CrossFit LXII,45
2607661,Léa Carrière,F,899,213 reps,,213,France,CrossFit Porto Vecchio,26
274338,Brook Stillman,F,900,213 reps,,213,United States,CrossFit 2232,46
2943282,Carmen Martin,F,1901,168 reps,,168,South Africa,Rolfe Valley CrossFit,23
513695,Michelle Fisher,F,1901,168 reps,,168,United States,CrossFit Vokse,47
1872061,Emily Leverett,F,1903,168 reps,,168,United States,CrossFit Expedition,36
2791750,Nancy Spampinato,F,1903,168 reps,,168,Italy,CrossFit Misterbianco,34
2972174,Caitlin Riley,F,1905,168 reps,,168,United Kingdom,CrossFit Humber,23
2626059,Alyssa Lingerfelt,F,1906,168 reps,,168,United States,CrossFit Lena,30
2783660,Ruth Blake,F,1907,168 reps,,168,United Kingdom,CrossFit Penzance,37
2442146,Joy Dunlop,F,1908,168 reps,,168,United Kingdom,CrossFit Glasgow,43
2219551,Daniëlle Campo,F,1909,168 reps,,168,Netherlands,CrossFit Weert,32
2602427,Billie Moody,F,1910,168 reps,,168,United Kingdom,CrossFit Northumbria,34
1325444,Jasmin Junger,F,1910,168 reps,,168,Spain,CrossFit Lynx,42
2943519,Makayla Murray,F,1912,168 reps,,168,Australia,RFX Athletic CrossFit Bibra Lake,20
1074772,Em Lockyer,F,1912,168 reps,,168,Australia,CrossFit 2340,48
2801693,Kathleen Callow,F,1912,168 reps,,168,Australia,CrossFit Bairnsdale,35
2928259,Ingrid Garzon,F,1912,168 reps,,168,Australia,CrossFit Noosa,42
2908804,Yoona Kim,F,1916,167 reps,,167,Korea (the Republic of),VX CrossFit,30
2925766,Kari Cecilie Egeland,F,1917,167 reps,,167,Norway,CrossFit Verftet Kystby,33
2419949,Emma Wardle,F,1918,167 reps,,167,Australia,CrossFit Nook,36
2511362,Yael Pritch Knaan,F,1919,167 reps,,167,Israel,CrossFit Blend,51
2972249,Shari Williams,F,1920,167 reps,,167,Australia,,31
2597116,Ellen Kindlon,F,1921,167 reps,,167,Ireland,CrossFit Leixlip,27
2594600,Chloé Six,F,1922,167 reps,,167,France,CrossFit Versailles,30
2843661,Vanessa Beasley,F,1923,167 reps,,167,United States,CrossFit Steamboat,35
2251401,Natasha Hampton,F,1924,167 reps,,167,United Kingdom,CrossFit Humber,32
2971448,Rina Yoon,F,1925,167 reps,,167,Korea (the Republic of),,37
2905675,Adeline Le Goff,F,1925,167 reps,,167,France,Berus CrossFit,35
2820958,Jenna Attwood,F,1927,167 reps,,167,United Kingdom,CrossFit Fort Ashton,43
2924094,Kate Webb,F,1928,167 reps,,167,United Kingdom,CrossFit Fort Ashton,52
2943561,Maisie Evans,F,1929,167 reps,,167,United Kingdom,CrossFit Alpha Wolf,25
2836183,sirine Ghanmi,F,1929,167 reps,,167,Tunisia,La Defense Factory CrossFit,33
2900714,Veronica Eneix,F,1931,166 reps,,166,Japan,Samurai CrossFit,40
2935858,Anna Neven,F,1932,166 reps,,166,Australia,,16
2763639,Sierra Avery,F,1933,166 reps,,166,United States,CrossFit Sky 385,33
2453660,Emmanuelle Callac,F,1934,166 reps,,166,France,CrossFit Brest,38
2468810,Nicki Carr,F,1935,166 reps,,166,Australia,CrossFit Singleton,36
2840499,Philippa Allsopp,F,1936,166 reps,,166,United Kingdom,CrossFit Bodmin,32
2833786,Emily Hird,F,1936,166 reps,,166,United Kingdom,CrossFit Witham,26
2844571,Caroline Macpherson,F,1938,166 reps,,166,United Kingdom,CrossFit Thame,44
2939088,Sara Hidalgo,F,1939,166 reps,,166,Spain,White Grizzly CrossFit,31
443122,Elaine Knight,F,1940,166 reps,,166,United Kingdom,CrossFit Dire Wolf,49
1616435,Peggy Fein,F,1941,166 reps,,166,United States,CrossFit Confront,54
2903930,Kaitlyn Evelyn,F,1941,166 reps,,166,Canada,CrossFit Bowmanville,25
2965639,Emma Whitting,F,1943,166 reps,,166,Australia,CrossFit Verge,37
532288,Ani Riggs,F,1944,166 reps,,166,United States,Full Steam CrossFit,43
2327338,Olivia McMann,F,1945,166 reps,,166,New Zealand,CrossFit Selwyn,27
476516,Minna Ajo-Notin,F,1946,166 reps,,166,Finland,CrossFit Basement Kurvi,44
830640,Aimee McKenna,F,1947,166 reps,,166,Canada,Kaos CrossFit,49
2826911,Kayla Etherton,F,1948,166 reps,,166,United States,Locked n Loaded CrossFit,31
2914259,Sara Ford,F,1949,166 reps,,166,United States,CrossFit Cultivate,29
2820828,Emma Davis,F,1950,166 reps,,166,United Kingdom,Snake CrossFit,27
2770807,Salima Nabizadeh,F,3151,183 reps - s,,183,United Kingdom,CrossFit Exe,32
2585042,Mako Wada,F,3151,183 reps - s,,183,Japan,,26
2681769,Rasa Sodeikienė,F,3153,182 reps - s,,182,Lithuania,Amber CrossFit,42
2925761,Filipa Neves,F,3154,182 reps - s,,182,Portugal,CrossFit Montijo,33
2432025,Brooke Campbell,F,3155,182 reps - s,,182,Australia,CrossFit Narellan,24
2952039,María Tapia,F,3156,182 reps - s,,182,Spain,CrossFit LILS 28044,41
2928387,Yi Ting Shih,F,3157,182 reps - s,,182,Chinese Taipei,,36
1955873,Lisa Shaull,F,3158,182 reps - s,,182,United States,Hancock CrossFit,30
2909981,Becky Varey,F,3159,182 reps - s,,182,United Kingdom,CrossFit Thame,41
2464142,Mariana Menezes,F,3160,182 reps - s,,182,Brazil,CrossFit Carcará,33
2905563,Jorette Van Rooyen,F,3161,182 reps - s,,182,South Africa,CrossFit Alberton 2.0,41
2179719,Sarah Jess,F,3162,182 reps - s,,182,United Kingdom,Funk CrossFit,44
2936165,Reanna Bigeni,F,3162,182 reps - s,,182,Australia,CrossFit Uplift,28
2908740,Hailey Sellers,F,3162,182 reps - s,,182,United States,Blackheart CrossFit,33
2622390,Hannah Nicholls,F,3165,182 reps - s,,182,New Zealand,CrossFit Porirua,49
2645898,Greta Corazza,F,3166,182 reps - s,,182,Italy,CrossFit Munich,44
2938911,Natasha Titova,F,3166,182 reps - s,,182,Australia,CrossFit Geelong,46
2926203,Diana Dibusi,F,3166,182 reps - s,,182,Romania,RH10 CrossFit,37
2944863,Momoka Ota,F,3169,181 reps - s,,181,Japan,CrossFit Naniwa,23
2949935,Georgia Pendlebury,F,3170,181 reps - s,,181,Australia,CrossFit Warrnambool,33
2937677,Santiago Angelique,F,3171,181 reps - s,,181,France,Next CrossFit,27
2919107,Josiane Dos Santos,F,3172,181 reps - s,,181,Brazil,Boombox Amambai CrossFit,46
2965923,susanne schiffer,F,3173,181 reps - s,,181,Netherlands,CrossFit Uden,46
1314177,Amanda Myles,F,3174,181 reps - s,,181,Australia,CrossFit Soar,35
2793914,Stella Shin,F,3175,180 reps - s,,180,Korea (the Republic of),CrossFit Voyager Collective,46
2387360,chiara oneglio,F,3176,180 reps - s,,180,Italy,CrossFit HideNest,29
2069793,Donna Sayer,F,3177,180 reps - s,,180,United Kingdom,RH10 CrossFit,40
2953976,Megane Aziez,F,3178,180 reps - s,,180,France,CrossFit LE PUY,32
2956931,Priscilla Pater,F,3179,180 reps - s,,180,Netherlands,CrossFit SoWieSo,32
2884088,Ayumi Nakazato,F,3180,179 reps - s,,179,Japan,CrossFit Aoyama,30
2811473,ha na Na,F,3181,179 reps - s,,179,Korea (the Republic of),CrossFit Jeongeup,41
2641912,Bauke Van de Ven,F,3182,179 reps - s,,179,Belgium,Black Oak CrossFit,25
2940212,Sophie Simmons,F,3183,179 reps - s,,179,United States,100 Proof CrossFit,30
1218155,Sarah Lombard,F,3184,179 reps - s,,179,Australia,CrossFit Warrnambool,36
2921940,Ciou Yu Fu,F,3185,179 reps - s,,179,Chinese Taipei,CrossFit Six-Forty,35
2905951,Crystal Lincoln,F,3186,179 reps - s,,179,United States,CrossFit Vibrant,38
2971377,Beneeta Kiran,F,3187,179 reps - s,,179,India,CrossFit 9 One,26
2930953,Kirsten Taljaard,F,3188,179 reps - s,,179,South Africa,CrossFit Alberton 2.0,25
2961214,Sugar Cabanos,F,3188,179 reps - s,,179,Philippines,CrossFit Prime Ape Club,41
2963256,Carmen Rivera,F,3190,178 reps - s,,178,United States,CrossFit Wingman,48
2923421,Carmen Branco,F,3191,178 reps - s,,178,Portugal,Rust CrossFit,43
2960620,Alice Villanova,F,3192,178 reps - s,,178,Italy,CrossFit Arcadia,26
2948550,Tabatha Kamerling,F,3193,178 reps - s,,178,Australia,Dialogue CrossFit,39
2669415,Edel McGowan,F,3194,178 reps - s,,178,Ireland,CrossFit Sligo,35
2638050,Clare Monkman,F,3195,178 reps - s,,178,Australia,CrossFit Desire North,49
2687080,Bessie Egles,F,3196,178 reps - s,,178,United Kingdom,CrossFit Navalia,31
2972895,Amy Milliken,F,3197,178 reps - s,,178,United Kingdom,Central Staffs CrossFit,37
2815506,Sam Topperwien,F,3197,178 reps - s,,178,Australia,CrossFit Bairnsdale,39
2929244,Lana Hennah,F,3199,177 reps - s,,177,New Zealand,CrossFit 7010 Nelson,36
2972788,Jessica Dunn,F,3200,177 reps - s,,177,Australia,CrossFit Moreton Bay,38
2793974,Chedsuda Friebe,F,2451,134 reps,,134,Thailand,Hundred Ten CrossFit,52
1215880,Ygna Allyra Gamez,F,2452,134 reps,,134,Philippines,CrossFit ETHOS,31
1607402,Natalie Willsher,F,2453,134 reps,,134,Australia,CrossFit Warrnambool,35
2819254,Luana Puzzangara,F,2454,134 reps,,134,Australia,Injustice CrossFit,36
2939241,Sarah Kearney,F,2455,134 reps,,134,Australia,Macarthur CrossFit,28
916213,Emma Donaldson,F,2455,134 reps,,134,Australia,CrossFit Bounce,36
1808637,Joanna Montanari,F,2455,134 reps,,134,United States,Bombers CrossFit,38
2438488,Jackelyn Solis,F,2455,134 reps,,134,Peru,CrossFit Raynham,39
2923764,Jessica McIntyre,F,2459,133 reps,,133,United States,Samurai CrossFit,35
2965194,Chiaki Hagiwara,F,2460,133 reps,,133,Japan,L7 CrossFit Ba Ke Si,34
2902527,Sara Michielan,F,2461,133 reps,,133,Italy,CrossFit Treviso,38
2666534,Petra Ahne,F,2462,133 reps,,133,Germany,CrossFit Halle,44
1998507,Orla Doherty,F,2463,133 reps,,133,Ireland,CrossFit Southend,34
2970924,Rajaa Hastings,F,2464,132 reps,,132,Morocco,CrossFit Santa Ynez Valley,44
2931787,Carly Stockman,F,2465,132 reps,,132,United States,CrossFit Saguaro,32
2405203,jiye kwon,F,2466,132 reps,,132,Korea (the Republic of),CrossFit Mad Monster,39
2842358,WU PI CHUN,F,2467,132 reps,,132,Chinese Taipei,CrossFit Six-Forty,37
1559421,Arya Reign,F,2468,132 reps,,132,Australia,CrossFit Torian,33
2392270,Alexis Wright,F,2469,132 reps,,132,Australia,CrossFit TRG,22
2914849,Faith Cleveland,F,2470,132 reps,,132,United States,Upper Valley CrossFit,32
2839977,Nadezhda Galchuk,F,2470,132 reps,,132,Russian Federation,CrossFit Udarnik,33
2909371,성문 김,F,2472,132 reps,,132,Korea (the Republic of),CrossFit Yeowol,40
2972618,Satu Vähämäki,F,2473,132 reps,,132,Finland,CrossFit 40100,31
2339238,Teresa Haag,F,2474,132 reps,,132,United States,CrossFit Phoenixville,47
2268783,Alessia Cicognini,F,2475,132 reps,,132,Italy,CrossFit Udine,40
2300677,Viridiana Ruiz,F,2476,131 reps,,131,Mexico,CrossFit 520 Kairos,37
2907753,Kyssha Mah,F,2477,131 reps,,131,Canada,CrossFit Chiang Mai,33
1093459,Alexandra Zaoui,F,2478,131 reps,,131,France,CrossFit Valenton,35
1212925,Rachel Spratt,F,2479,131 reps,,131,Australia,CrossFit Southern Highlands,50
241153,Jodie Hanson,F,2480,131 reps,,131,Australia,CrossFit Bribie Island,36
2391042,Ester Musters,F,2481,131 reps,,131,Netherlands,CrossFit SoWieSo,47
2926426,Beth Robins,F,2482,131 reps,,131,United Kingdom,CrossFit WDN,33
2953906,Thalia Henry,F,2483,131 reps,,131,Australia,CrossFit Ulladulla,19
2932982,Megen White,F,2484,131 reps,,131,United States,CrossFit Fort Monroe,25
176676,Kylie Ide,F,2484,131 reps,,131,Australia,Macarthur CrossFit,44
2336183,Anabelle Ross,F,2486,130 reps,,130,Australia,CrossFit Uplift,20
2015968,Zoe Huangfu,F,2487,130 reps,,130,Australia,CrossFit Young,34
1237398,Silvia Sze,F,2488,130 reps,,130,Australia,CrossFit The Shack,43
2788669,Daniela Margoi,F,2488,130 reps,,130,United Kingdom,CrossFit Tunbridge Wells,46
2913503,Cristina Llopis Valderas,F,2490,130 reps,,130,Spain,NAMA CrossFit,40
1267046,Mae Loparo,F,2491,130 reps,,130,United States,Chagrin Falls CrossFit,44
1566092,Angelica Torres,F,2492,130 reps,,130,Mexico,CrossFit Lava,48
2823283,Silvia scagnoli,F,2493,130 reps,,130,Italy,CrossFit Trigoria,49
2227896,Crystal Fagan,F,2494,130 reps,,130,Australia,CrossFit Moose Fitness,35
1737350,Katy S-H,F,2495,130 reps,,130,United Kingdom,CrossFit APG,35
2909582,Jessica Gunter,F,2496,129 reps,,129,United Kingdom,CrossFit Solihull,34
2790910,Elizabeth Kintner,F,2497,129 reps,,129,United States,Natural Selection CrossFit,35
2107270,Jennifer Loucas,F,2498,129 reps,,129,United States,CrossFit Seize the Day,51
2594864,Rasa Petruskeviciute,F,2499,128 reps,,128,Lithuania,Amber CrossFit,47
2950640,Jodi Swan,F,2500,128 reps,,128,Australia,Inbound CrossFit,33
1953257,Octavia Benecke,F,951,210 reps,,210,South Africa,CrossFit PFC,25
1554910,Siobhan Cullern,F,951,210 reps,,210,United Kingdom,Constant Pursuit CrossFit,37
2213514,Ana Vasconcelos,F,953,210 reps,,210,United Kingdom,CrossFit Bristol North,46
2956856,Sarah Chantrell,F,954,210 reps,,210,United Kingdom,732 CrossFit,36
2413221,Gemma Hersh,F,955,210 reps,,210,United Kingdom,Mudeford Quay CrossFit,41
2907906,Kendell Brown,F,956,210 reps,,210,Australia,CrossFit 4390,28
2906912,Deb Anderson,F,957,210 reps,,210,United Kingdom,732 CrossFit,44
2674480,Georgia Heraghty,F,958,210 reps,,210,Australia,CrossFit Chatswood,32
2427124,VC Santia,F,959,210 reps,,210,Philippines,Team Secret CrossFit,31
2589360,Audrey Lofthouse,F,960,210 reps,,210,United States,CrossFit City Line,26
1306286,Patty Charlton,F,961,210 reps,,210,Canada,Kaos CrossFit,48
2808150,Natalie Goglia,F,962,210 reps,,210,United States,CrossFit Potentia,44
2690326,Karina Albertini,F,963,210 reps,,210,Brazil,CrossFit Mahalo,42
2683940,Julia Belitzer,F,964,210 reps,,210,Germany,CrossFit T.S.S.,42
2905535,Kirstie Samson,F,965,210 reps,,210,United Kingdom,CrossFit Glasgow,38
2782485,Charlotte Dellorfano,F,965,210 reps,,210,France,CrossFit Rengō Valenciennes,39
2617735,Jade Reymond,F,967,210 reps,,210,Switzerland,CrossFit Morges,33
1248014,Amanda Hook,F,968,210 reps,,210,Australia,Grandstand CrossFit,45
2647052,Darolyn Bradley,F,969,210 reps,,210,United Kingdom,CrossFit Iron Fort,45
2357281,Bethany Biddle,F,969,210 reps,,210,United Kingdom,CrossFit Furnace Fitness,28
2972835,Shanel Shefki,F,971,210 reps,,210,Australia,565 CrossFit,24
2832820,Sarah Stapleton,F,971,210 reps,,210,Australia,CrossFit 2795,35
2832926,Emma Dearie,F,971,210 reps,,210,Australia,Concept CrossFit,26
2951962,Kirsty Parsons,F,971,210 reps,,210,United Kingdom,CFC CrossFit,40
1573020,Cathy Escolano,F,971,210 reps,,210,France,CrossFit United Together,50
2454938,Lily Streeting,F,971,210 reps,,210,Australia,CrossFit 2337,28
2168934,Anaïck Jegou,F,971,210 reps,,210,France,CrossFit BlueBird,44
2904520,Kate Byrne,F,971,210 reps,,210,New Zealand,CrossFit AACFA,33
2617089,Seunghee Eun,F,979,209 reps,,209,Korea (the Republic of),CrossFit RNL,32
948066,Katrina Clark,F,980,209 reps,,209,Australia,CrossFit 2400,50
1633150,Anne-Sophie Leroy,F,980,209 reps,,209,France,MADMA CrossFit,34
2169539,Sara Kucera,F,980,209 reps,,209,United States,CrossFit Kokua,43
2168286,Yukyoung Chang,F,983,209 reps,,209,Korea (the Republic of),CrossFit Streetcat,27
2909238,Line Van As,F,984,209 reps,,209,South Africa,Lions Bay CrossFit,40
2175015,Océane Degueurce,F,985,209 reps,,209,France,CrossFit Trévoux,28
2966426,Isabel Scherrer,F,986,209 reps,,209,Austria,CrossFit Rankweil,28
241249,Rachel Malone,F,987,209 reps,,209,Australia,CrossFit Sisyphus,39
1791391,AeKyung Kim,F,988,209 reps,,209,Korea (the Republic of),,44
2952764,Lorena Gomez,F,989,209 reps,,209,Colombia,CrossFit Liminal,31
2669324,Isobel Waterworth,F,990,209 reps,,209,United Kingdom,West Leeds CrossFit,23
2435364,Jess Dinmore,F,991,209 reps,,209,United Kingdom,NOMADIC TC CrossFit,30
2015977,Jane Toovey,F,992,209 reps,,209,Australia,,46
2962987,Samantha Weir,F,993,208 reps,,208,United States,Battle CrossFit,25
2942793,geertje van Diermen,F,994,208 reps,,208,Netherlands,,40
2632560,Joclyn Warner,F,995,208 reps,,208,Australia,Raw Iron CrossFit,29
2850308,Trinidad Dastres,F,996,208 reps,,208,Chile,,30
2846243,Ellen Van der Heijden,F,997,208 reps,,208,Netherlands,CrossFit Cuijk,42
1549043,Emily-Jane Willmot,F,998,208 reps,,208,New Zealand,CrossFit Porirua,38
2965010,Mikayla Abson,F,999,208 reps,,208,Australia,CrossFit Ipswich,28
2946060,Pyper Marchant,F,999,208 reps,,208,Australia,CrossFit New Beginning,19
1562172,Cintia Muzs,F,1749,174 reps,,174,United Kingdom,CrossFit Fearnaught,34
2906035,Shai Aviv,F,1752,174 reps,,174,Israel,CrossFit Via Maris,39
2915380,Jade Jones,F,1753,174 reps,,174,Australia,CrossFit TWA,35
2970048,Greta Rudytė,F,1754,174 reps,,174,Lithuania,Amber CrossFit,29
2849065,Camilla Næss,F,1754,174 reps,,174,Norway,,34
2421852,Fiona Mills,F,1754,174 reps,,174,United Kingdom,Still CrossFit,44
2902366,carolina sartorato,F,1757,174 reps,,174,Italy,CrossFit Treviso,34
2818232,Jayne Burrows,F,1758,174 reps,,174,United Kingdom,CrossFit Structure,38
275550,Briana Miller,F,1758,174 reps,,174,United States,CrossFit Agoge,44
2909425,Luana Cardoso,F,1758,174 reps,,174,Brazil,CrossFit High Pulse,41
2972496,Karoliina Gröötilä,F,1761,174 reps,,174,Finland,CrossFit Kemijärvi,43
2483986,Saskia Oude Egberink,F,1762,174 reps,,174,Netherlands,CrossFit Immersive,40
2657572,Seo Seonhwa,F,1763,174 reps,,174,Korea (the Republic of),CrossFit TSF,32
2832303,Anna Cocks,F,1763,174 reps,,174,Australia,CrossFit Virtuous,41
2809147,Stephanie Russ,F,1765,174 reps,,174,United Kingdom,CrossFit Glos,45
1761739,Alanna Street,F,1766,174 reps,,174,Australia,CrossFit Cartel,33
2453091,Rachel Doherty,F,1766,174 reps,,174,United Kingdom,CrossFit APC,43
2919883,Samantha Feno,F,1766,174 reps,,174,United States,Bombers CrossFit,28
1310557,Lieve Descamps,F,1769,174 reps,,174,Belgium,Black Oak CrossFit,48
2476021,ilse huylenbroeck,F,1769,174 reps,,174,Belgium,Black Oak CrossFit,47
2187318,Alison El-Cassabgui,F,1771,174 reps,,174,United States,Mishigami CrossFit,40
2250477,Emma Webber,F,1772,174 reps,,174,United Kingdom,Stonehenge CrossFit,40
2286059,Carrie Kimberley,F,1773,174 reps,,174,United States,CrossFit Bink 36,45
1142173,Bethany Manwaring,F,1774,174 reps,,174,Australia,,31
2967003,Millie Stewart,F,1775,174 reps,,174,United Kingdom,CrossFit Theta,26
1598523,Amela Jasarevic,F,1776,174 reps,,174,United States,CrossFit Mohawk Valley,35
2941828,Rebecca Pearce,F,1777,174 reps,,174,Australia,CrossFit Hunted Fitness,46
2054238,Nadia Di Liberto,F,1777,174 reps,,174,Italy,CrossFit 2337,47
2512158,JACQUELINE CORIA,F,1777,174 reps,,174,Brazil,CrossFit Carcará,35
1685631,Chia-Fang Tsai,F,1780,173 reps,,173,Chinese Taipei,CrossFit UltiLife,33
1011596,Emma Warden,F,1780,173 reps,,173,Australia,CrossFit Hastings,41
2428569,Maddy Clarke,F,1782,173 reps,,173,Australia,CrossFit Soul Rebel Thornbury,31
2513359,Laura Varanda,F,1783,173 reps,,173,Portugal,Rust CrossFit,40
2453995,Chloe Ball,F,1784,173 reps,,173,Australia,CrossFit 2795,17
1563591,Michaela Egan,F,1784,173 reps,,173,United Kingdom,CrossFit Sisyphus,40
2926805,Kiara Hewitt,F,1786,173 reps,,173,Australia,CrossFit Huey,22
2096059,Natalie Stoker,F,1787,173 reps,,173,United States,CrossFit Psyched,40
819810,Kim Ressler,F,1788,173 reps,,173,United States,CrossFit Minot,48
2935805,Helena Noah,F,1788,173 reps,,173,United Kingdom,CrossFit Solent,38
2415575,Valentina Bof,F,1788,173 reps,,173,Italy,CrossFit Trigoria,42
1594053,Samantha Brewer,F,1791,173 reps,,173,United Kingdom,Celtic CrossFit,43
2909111,Katie Tunnicliffe,F,1792,173 reps,,173,United Kingdom,CrossFit Disruption,29
2467273,Karen Nieves,F,1793,173 reps,,173,Puerto Rico,CrossFit 53,45
969930,Jo-anne Moolman,F,1794,173 reps,,173,New Zealand,CrossFit Rotorua,45
7542,Tanya Buchan,F,1795,173 reps,,173,Australia,CrossFit Iron Lion,47
2671356,Michela Lazzaroni,F,1796,173 reps,,173,Italy,CrossFit Udine,33
2943350,Claire Johnston,F,1796,173 reps,,173,Australia,CrossFit Centaur Valor,41
2275435,Vanessa Hartas,F,1796,173 reps,,173,Australia,CrossFit CrossAxed,34
2796262,Katie Biederman,F,1796,173 reps,,173,United States,Pine Street CrossFit,28
2831098,Elsie Foster,F,1800,172 reps,,172,Australia,CrossFit Ulladulla,18
2959052,Bridey Sabin,F,201,256 reps,,256,Australia,,36
2929199,Emma Walsh,F,202,255 reps,,255,Australia,CrossFit Wollongong,20
2957553,Kaja Hamang,F,203,255 reps,,255,Norway,CrossFit Narvik,26
1954855,Hannah Maurice,F,204,255 reps,,255,United Kingdom,CrossFit Tyneside,34
1551863,Masson Sandra,F,205,255 reps,,255,France,Oski CrossFit,39
1824094,Rebecca Richter,F,206,255 reps,,255,United Kingdom,CrossFit Northumbria,30
1602956,Maree Dimitriadis,F,207,255 reps,,255,Australia,CrossFit Knoxfield,46
2933372,Grace Wentworth,F,207,255 reps,,255,Australia,CrossFit Generate,26
2409748,Rachael Ayre,F,209,255 reps,,255,Australia,CrossFit Reclaim,49
2136348,Paula Rosa Balbinot,F,209,255 reps,,255,Brazil,Republica CrossFit,35
2267760,Briana Hill,F,211,255 reps,,255,New Zealand,,27
2687959,Jaimie Mackenzie,F,212,255 reps,,255,New Zealand,CrossFit Louka,48
2789338,Krystel Desgagnes,F,213,255 reps,,255,Canada,,36
674478,Meghan Fondriest,F,214,254 reps,,254,United States,CrossFit Onerous,40
504347,Katherine Booth,F,215,254 reps,,254,Australia,CrossFit Currumbin,47
703044,Janelle Chow,F,216,254 reps,,254,United States,CrossFit Longevity Willows,34
2105928,Mayla Rabana,F,217,254 reps,,254,Australia,CrossFit Underway,35
2083385,Giada Lanciano,F,218,254 reps,,254,Italy,CrossFit Trastevere,40
2919115,Amy Wiley,F,218,254 reps,,254,United States,,32
2465654,Cristie Moy,F,220,253 reps,,253,Australia,CrossFit Iron Lion,41
1782269,Christen Crafford,F,221,253 reps,,253,South Africa,CrossFit PBM,28
2192462,Lissa Golding,F,222,253 reps,,253,New Zealand,Mount CrossFit,35
715381,Emilie Daolio,F,223,253 reps,,253,France,,40
1793801,Madeline Ruiz,F,224,253 reps,,253,Australia,CrossFit Blenheim,37
2491353,Paulina Díaz,F,225,253 reps,,253,Spain,NAMA CrossFit,34
2443615,Britnee Addison,F,226,253 reps,,253,New Zealand,H1 CrossFit,24
2227207,Molly Smallie,F,227,253 reps,,253,Australia,CrossFit Wauchope,22
2673187,Chelsea Cooper,F,228,253 reps,,253,Australia,CrossFit Bil Athletic,26
2787047,Goeun Lee,F,228,253 reps,,253,Korea (the Republic of),CrossFit RAON,20
2591982,Elisa Azria,F,228,253 reps,,253,France,Calade CrossFit,25
2353380,Francesca Ehmig,F,231,252 reps,,252,Australia,CrossFit 168 Alexandria,39
1989334,Veronica Teresa Colabelli,F,232,252 reps,,252,Italy,CrossFit Udine,44
2659178,Tabby Vause,F,233,252 reps,,252,United Kingdom,,25
2876828,Anna Wilson,F,233,252 reps,,252,Australia,CrossFit Moose Fitness,26
2340654,Sarah Trinder,F,235,252 reps,,252,New Zealand,CrossFit Bay of Islands,38
2015859,Grace Pilon,F,236,252 reps,,252,Australia,CrossFit Dubbo,27
2251817,Taryn Gitsham,F,237,252 reps,,252,Switzerland,CrossFit Leman,23
120235,Audrey Woelfing,F,238,252 reps,,252,France,CrossFit 1600,42
787435,Felicity Lewis,F,238,252 reps,,252,Australia,CrossFit Dauntless,37
2717278,Mikaela Warne,F,240,252 reps,,252,Australia,CrossFit Dauntless,30
978703,Mira Cajan,F,241,252 reps,,252,Finland,CrossFit Oulu,36
2462055,Chantal Read,F,242,252 reps,,252,United Kingdom,CrossFit 1066,35
2697049,Chloe Wade,F,243,251 reps,,251,Australia,CrossFit 2795,22
1757610,Isabella Ferrier,F,244,251 reps,,251,New Zealand,CrossFit Unbound Athletic,27
2437825,Francesca Gregori,F,244,251 reps,,251,Italy,CrossFit Genzano di Roma,29
787968,Jess Tonkin,F,246,251 reps,,251,Australia,The Shed CrossFit,39
1585498,Megan Landgraf,F,247,251 reps,,251,United States,Upper Valley CrossFit,28
2914488,陈 欣忆,F,248,251 reps,,251,China,,26
2474392,Sally Walker,F,249,251 reps,,251,Ireland,CrossFit 168 Alexandria,25
2441018,Anais Leboucq,F,250,251 reps,,251,France,CrossFit 3216,26
2914766,Sydney VanZee,F,2051,161 reps,,161,United States,Mishigami CrossFit,30
2300015,Laura Pontille,F,2052,161 reps,,161,France,CrossFit Genas,33
2465746,Grace Schuhmann,F,2053,161 reps,,161,United States,CrossFit Magnify,24
2454005,Sophie Gibbins,F,2054,161 reps,,161,Australia,CrossFit Motion,27
1640309,Martina Cesarotto,F,2055,161 reps,,161,Italy,CrossFit Iron Kings,37
2057725,Amie McCarthy,F,2056,161 reps,,161,United Kingdom,CrossFit Chew Valley,41
1955338,Chloe Bauer,F,2057,161 reps,,161,Australia,CrossFit United Bundaberg,32
2264816,Jessica Regan,F,2058,161 reps,,161,United States,CrossFit ELM,39
2624006,Marloes van Dijk,F,2059,161 reps,,161,Netherlands,CrossFit Uden,29
2390303,becky johnson,F,2060,161 reps,,161,Australia,CrossFit Ballina,28
2787775,Erin Nolan,F,2060,161 reps,,161,Australia,CrossFit Slade,43
2811780,Thea Sofie Heiberg,F,2060,161 reps,,161,Norway,Grenland CrossFit,23
2915067,Bree Parker,F,2063,160 reps,,160,United States,Samurai CrossFit,35
2805025,Sian Holderness,F,2064,160 reps,,160,Australia,CrossFit 505,33
2330671,Tiff Wass,F,2065,160 reps,,160,Australia,CrossFit Athletic City,38
1562947,Lisa Mcgrath,F,2066,160 reps,,160,United Kingdom,CrossFit Chew Valley,54
2946421,Laurène Bajard,F,2067,160 reps,,160,France,CrossFit Autricum,31
2941363,Aubrey Thiede,F,2068,160 reps,,160,United States,CrossFit Develop,24
2799871,Kasey Bolt,F,2069,160 reps,,160,Australia,CrossFit New Beginning,17
2469026,Laure Guamis,F,2070,160 reps,,160,France,FWA CrossFit,34
2591886,Melissa Reid,F,2071,160 reps,,160,New Zealand,CrossFit Christchurch,29
2936469,Naomi Storeton-West,F,2072,160 reps,,160,United Arab Emirates,CrossFit Oasis,36
2429078,Malannie Wang,F,2073,160 reps,,160,Australia,Flat White CrossFit Rhodes,38
1551420,Brenda Ward,F,2074,160 reps,,160,United States,CrossFit Olentangy,40
2796107,Fiona Maugendre,F,2075,160 reps,,160,France,Etxea CrossFit,32
2922981,Steffi Zemke,F,2076,160 reps,,160,Germany,CrossFit Erlangen,44
2697188,Jordan Reeves,F,2077,160 reps,,160,United Kingdom,Coastline CrossFit,34
2221986,Nyibol Gatlwak,F,2078,160 reps,,160,Australia,CrossFit Braybrook,35
2421556,Marion Kunstek,F,2079,160 reps,,160,France,CrossFit 168,31
2920438,Emily Cook,F,2079,160 reps,,160,Australia,CrossFit Bairnsdale,24
2916742,Simona Ballario,F,2081,159 reps,,159,Italy,CNT CrossFit,36
2717636,Gwyneth Lane,F,2082,159 reps,,159,Australia,CrossFit Darwin,48
2914576,Kendell Little,F,2083,159 reps,,159,United States,CrossFit Sona,18
2192016,Marine Desvergnes,F,2084,159 reps,,159,France,CrossFit GaliléÔ,32
1277259,Virginia Szombathy,F,2085,159 reps,,159,Australia,Fuse CrossFit,43
529029,Amber Dixon,F,2086,159 reps,,159,United States,CrossFit Boro,36
1207725,Emma Evans,F,2087,159 reps,,159,Australia,CrossFit Muswellbrook,47
2413600,Maddison White,F,2088,159 reps,,159,Australia,CrossFit Might,25
2185431,Abigail Smith,F,2089,159 reps,,159,United Kingdom,CrossFit Huntsman,46
2646222,Gillian Fryer,F,2090,159 reps,,159,United Kingdom,CrossFit DeltaFox,45
2339707,Beth Bennett,F,2091,159 reps,,159,Australia,CrossFit Remi,40
2067575,Alexis Reagan,F,2092,159 reps,,159,United States,CrossFit Arlington Heights,41
2680503,Lieke Buurman,F,2092,159 reps,,159,Netherlands,CrossFit SoWieSo,26
2618717,Denise Lonte,F,2094,159 reps,,159,South Africa,,40
1987600,Nicole Hardman,F,2095,159 reps,,159,Australia,CrossFit 2400,41
467165,Holly Butler,F,2096,159 reps,,159,United States,CrossFit Obsession,40
2968925,Queenie T,F,2097,159 reps,,159,Philippines,CrossFit P.M.I,35
2783076,Alison Kline,F,2097,159 reps,,159,United States,Bombers CrossFit,34
2613304,Cristina Burgos Sánchez,F,2097,159 reps,,159,Spain,CrossFit Llucmajor,43
2972625,Kerry Holliday,F,2100,158 reps,,158,United Kingdom,CrossFit Humber,39
2944747,Charlise Fis,F,2651,98 reps,,98,France,CrossFit Nakama,28
1796273,Paola Hack,F,2652,98 reps,,98,United States,CrossFit 696,44
2783344,Jessi Ackley,F,2653,98 reps,,98,United States,CrossFit Rift Valley,39
2488088,Rachel Hamilton,F,2654,98 reps,,98,Australia,CrossFit 505,47
2972069,Rylee Woods,F,2655,97 reps,,97,Australia,CrossFit Shellharbour City,23
2914185,Shu Chen Ko,F,2656,96 reps,,96,Chinese Taipei,Hongtai CrossFit,53
2973002,Courtney Dove,F,2657,96 reps,,96,United States,CrossFit Lodestar,25
2909446,Lieke Lansbergen - van der Laan,F,2658,96 reps,,96,Netherlands,CrossFit SoWieSo,32
2834040,Lucy Mappley,F,2659,94 reps,,94,United Kingdom,CrossFit Tunbridge Wells,32
2607349,Danuta Mania,F,2660,94 reps,,94,Australia,CrossFit 6714,53
2929900,Emilie Pernet,F,2661,93 reps,,93,France,CrossFit Metz Centre,31
2903470,Zhanna Kudryashova,F,2662,93 reps,,93,Russian Federation,CrossFit Udarnik,40
2953776,Steph Smith,F,2663,92 reps,,92,New Zealand,CrossFit Christchurch,30
2907611,Roselyne TRECH,F,2664,92 reps,,92,France,CrossFit Lesdiguières,40
2588748,yihua peng,F,2665,90 reps,,90,Chinese Taipei,CrossFit Lilian,44
2963961,Valeria Osorio,F,2666,89 reps,,89,United States,Sweat Culture CrossFit,26
2805052,Srisowmya Mahabhashyam,F,2667,88 reps,,88,Australia,CrossFit Larrikins,40
2937871,Charlotte Alderwick,F,2668,87 reps,,87,United Kingdom,BKW CrossFit,39
2916201,Jill Reid,F,2668,87 reps,,87,United Kingdom,CrossFit 1298,53
2915496,Janet Brand,F,2670,86 reps,,86,South Africa,,29
2804579,Monique Rocha,F,2671,86 reps,,86,Brazil,CrossFit Carcará,37
2936301,Morgane Palladino,F,2672,85 reps,,85,France,CrossFit Lesdiguières,24
2969903,Carolina Pineda,F,2673,83 reps,,83,Australia,,25
2846235,Jade McDiarmid,F,2674,78 reps,,78,United Kingdom,CrossFit 57 North,30
2459296,Alexis Eames,F,2675,76 reps,,76,Australia,CrossFit Moose Fitness,17
1581461,Natalie Gossett,F,2676,74 reps,,74,United States,East Ormond Beach CrossFit,37
1411844,Emily Borger,F,2677,71 reps,,71,Australia,CrossFit 2444,34
2928182,Samantha Cooper,F,2678,65 reps,,65,Australia,Hillside CrossFit,21
2965665,Taya Morgan,F,2679,63 reps,,63,United Kingdom,CrossFit Chew Valley,23
957210,Sandy Petley,F,2680,61 reps,,61,Australia,Injustice CrossFit,50
2631836,Thalita Feitosa Costa,F,2681,59 reps,,59,Australia,CrossFit Reclaim,42
2959688,Sophia Fraser,F,2682,55 reps,,55,Australia,CrossFit Hunted Fitness,32
2919251,Audrey Valla,F,2683,51 reps,,51,France,CrossFit BlueBird,27
2923975,Vikki Craig,F,2684,48 reps,,48,United Kingdom,CrossFit 1298,46
2717194,YUKA IKE,F,2685,45 reps,,45,Japan,CrossFit Kochi,51
2932301,Sandra Hogg,F,2686,42 reps,,42,United Kingdom,Peak Fitness CrossFit,49
2670972,Jenny Tinker,F,2687,40 reps,,40,Australia,Two Wolf CrossFit,46
2165529,Shelly McCharen,F,2688,35 reps,,35,United States,Jurassic CrossFit,53
2421146,Melissa Sheppard,F,2689,25 reps,,25,United States,CrossFit R.I.F.L.,34
2944792,Faith Mabandhla,F,2690,23 reps,,23,Zimbabwe,Peak Fitness CrossFit,27
2788694,Emilie Liauté,F,2690,23 reps,,23,France,CrossFit Beaune,46
2652347,Marion Baldoni,F,2692,20 reps,,20,France,CrossFit Vinkere,27
2915788,Katrina Barker,F,2693,20 reps,,20,United Kingdom,CrossFit Northumbria,45
2706330,Claire Macintosh,F,2694,20 reps,,20,United Kingdom,CrossFit Glos,44
985192,Amanda Sullivan,F,2694,20 reps,,20,Australia,CrossFit 4810,37
2601525,Laura Scott,F,2696,20 reps,,20,United Kingdom,The Northman CrossFit,36
2628467,Sara Gilbert,F,2696,20 reps,,20,United States,CrossFit Knoxville,44
2421255,Claire Limousin,F,2696,20 reps,,20,France,CrossFit Vinkere,36
2932178,Jill Higgins,F,2696,20 reps,,20,United Kingdom,Still CrossFit,43
297867,Ali Hill,F,2696,20 reps,,20,United Kingdom,CrossFit Kirkintilloch,47
2483595,Becky Newnes,F,2101,158 reps,,158,United Kingdom,NWK CrossFit,45
1009373,Emma Dunlop-Jones,F,2102,158 reps,,158,Australia,CrossFit Avalon Beach,49
1965555,Mui Mui Sue,F,2103,158 reps,,158,Malaysia,CrossFit Lilian,42
2565373,Raquel Helena Siegel,F,2104,158 reps,,158,Brazil,CrossFit Canasvieiras,44
1967411,Faye Goldstraw,F,2105,158 reps,,158,United Kingdom,CrossFit Leamington,42
101777,Irene Van Rhyn,F,2106,158 reps,,158,South Africa,Red X CrossFit,44
2614745,Margarida Silva,F,2107,158 reps,,158,Portugal,Rust CrossFit,19
2015719,Melissa Heldoorn,F,2108,158 reps,,158,Australia,CrossFit Knoxfield,36
2669132,Hannah Waterton,F,2108,158 reps,,158,Australia,CrossFit Allsorts,27
1985031,Ana Seabra,F,2110,158 reps,,158,Portugal,CrossFit 3070,37
2785758,Wianette Pieterse,F,2111,158 reps,,158,South Africa,CrossFit Leixlip,36
2657055,Stefani Barbosa,F,2112,158 reps,,158,Australia,,31
2826784,Luisa Depetro,F,2112,158 reps,,158,Italy,CrossFit Maddox,35
2622841,Becca French,F,2112,158 reps,,158,United Kingdom,CrossFit Structure,28
2814055,Rosanna Cianciullo,F,2115,157 reps,,157,Australia,CrossFit 4810,31
2483770,Beatriz Wagner,F,2115,157 reps,,157,Brazil,Ginge CrossFit,18
2612090,maria lauar,F,2117,157 reps,,157,Brazil,Punk CrossFit Eldorado,20
157600,Brooke Wilkie,F,2118,157 reps,,157,Australia,CrossFit Hunted Fitness,35
1758847,Sarah Eads,F,2119,157 reps,,157,United States,CrossFit Landrush,48
2821841,Michelle Lowery,F,2120,157 reps,,157,New Zealand,H1 CrossFit,40
2964903,Lauren Sattler,F,2121,157 reps,,157,Australia,MSF CrossFit,36
2955648,Coryn Rolfe,F,2121,157 reps,,157,New Zealand,CrossFit Napier,34
2956565,Chantel Washington,F,2123,157 reps,,157,Australia,CrossFit Moreton Bay,46
2970433,Mariam Ghosn,F,2124,157 reps,,157,Australia,Wolfe Den CrossFit,42
2231117,Chanyeong Park,F,2125,157 reps,,157,Korea (the Republic of),Muhan CrossFit,33
2912431,Mekelle Davis,F,2126,157 reps,,157,United States,CrossFit Vokse,41
2939755,Jordana Mendes,F,2127,157 reps,,157,Brazil,Steel Soldiers CrossFit,37
2781875,Leanne Kelly,F,2127,157 reps,,157,United Kingdom,CrossFit Telford,39
2910961,Floriane DE CAMPOS,F,2129,157 reps,,157,France,CrossFit Vinkere,33
1829897,Carolina Guizado,F,2129,157 reps,,157,Australia,CrossFit 4165,38
2946196,Nicola McKenzie,F,2131,157 reps,,157,Australia,CrossFit Ocean Grove,28
1955407,Nikki Eyre,F,2132,157 reps,,157,United Kingdom,CrossFit Bodmin,45
2932238,Meghan Roda,F,2133,157 reps,,157,United States,CrossFit Fitness Coliseum,33
1992919,Sharen Blanco,F,2134,157 reps,,157,Mexico,CrossFit 520 Kairos,42
2953801,Hayley Fergus,F,2135,157 reps,,157,Australia,,23
1619286,Simone Outteridge,F,2135,157 reps,,157,Australia,CrossFit Hunted Fitness,48
2910755,Tash Freeburn,F,2135,157 reps,,157,Australia,CrossFit Kirrawee,31
2923181,Anna Farrington,F,2135,157 reps,,157,United States,,24
2957223,Silje Slåttun,F,2139,156 reps,,156,Norway,,38
2945413,Nachali Otero Ramos,F,2140,156 reps,,156,Puerto Rico,Reto CrossFit,30
1911592,Wa ha ha,F,2140,156 reps,,156,Chinese Taipei,Hongtai CrossFit,43
2496514,Elisa Auvachey,F,2142,156 reps,,156,France,CrossFit HEKA Part-Dieu,24
2938040,Jennifer Freeman,F,2143,156 reps,,156,United Kingdom,X Lab CrossFit Worthing,45
2963321,Jolenn Rogers,F,2144,156 reps,,156,United States,CrossFit Crestview,20
2654860,Amybeth Vivas,F,2144,156 reps,,156,Puerto Rico,CrossFit Rio Grande,41
2611920,Sara Mariani,F,2146,156 reps,,156,Italy,CrossFit Iris,30
2010917,Sarah Neaime,F,2147,156 reps,,156,Brazil,CrossFit City Wolves,36
2621405,Natasha Glynn,F,2147,156 reps,,156,United Kingdom,CrossFit Cheddar Rising,47
2904658,Amber stevens,F,2149,156 reps,,156,United Kingdom,CrossFit Temple,30
2530815,Marica de Waal,F,2150,156 reps,,156,South Africa,CrossFit Vredenburg,31
2832407,Katya Mahmutov,F,1951,166 reps,,166,Israel,CrossFit Krayot,33
2624427,Rosemary Mercedes,F,1951,166 reps,,166,United States,Union City CrossFit,48
2828553,Georgie Sneddon,F,1953,166 reps,,166,United Kingdom,CrossFit Rayleigh,37
2401258,Eilana Boyle,F,1953,166 reps,,166,Australia,PBTL CrossFit,25
2873948,Sara Brandan,F,1953,166 reps,,166,Australia,CrossFit Warragul,19
2926915,Taylor Waugh,F,1953,166 reps,,166,Australia,Dialogue CrossFit,22
1873360,Lydia Dixon,F,1953,166 reps,,166,United Kingdom,CrossFit Bath,29
2650543,Bianca Simpson,F,1958,165 reps,,165,Australia,CrossFit Dubbo,22
2788115,Taylor Becker,F,1959,165 reps,,165,United States,CrossFit Denton,27
1974449,Kayla Driscoll,F,1960,165 reps,,165,Australia,CrossFit United Bundaberg,34
2636575,Faucher Elise,F,1961,165 reps,,165,France,CrossFit Lead Your Life,27
2953535,heomija heo,F,1962,165 reps,,165,Korea (the Republic of),,53
2964457,Emma Cavanough,F,1963,165 reps,,165,Australia,Picton CrossFit,28
2942542,Nikki Beedham,F,1964,165 reps,,165,United Kingdom,The Northman CrossFit,30
2052065,Kirsty Preston,F,1965,165 reps,,165,United Kingdom,CrossFit Oasis,40
2790829,Anne-Laure AGUERA,F,1966,165 reps,,165,France,CrossFit Sunway,39
2601102,Clarissa Nolz,F,1967,165 reps,,165,United States,Odin CrossFit,32
2790097,Lucy Watts,F,1968,165 reps,,165,United Kingdom,CrossFit Thame,37
2927701,Caitlyn Shears,F,1968,165 reps,,165,Australia,CrossFit Uplift,27
2598513,Lena Bruns,F,1968,165 reps,,165,Estonia,CrossFit Leixlip,38
2843191,Jayne Shenton,F,1971,165 reps,,165,United Kingdom,CrossFit JST,45
2954372,Helen Ruane,F,1972,165 reps,,165,United Kingdom,CrossFit Solent,44
732117,Bec Shiells,F,1972,165 reps,,165,Australia,CrossFit Tannum Sands,41
1867578,Natália Santos,F,1974,165 reps,,165,Brazil,Reserva Campolim CrossFit,34
2904006,Romane Gaudin,F,1975,165 reps,,165,France,Berus CrossFit,32
2477169,Sofia Lauar,F,1976,165 reps,,165,Brazil,Punk CrossFit Eldorado,17
2915855,Beth krone,F,1977,165 reps,,165,United States,Flaming Gorge CrossFit,37
2830907,Meirav Fell,F,1978,165 reps,,165,Australia,CrossFit Melbourne,17
2226249,Ana paula Soares,F,1978,165 reps,,165,Brazil,Trinus CrossFit,35
2538485,Ashley Telfer,F,1978,165 reps,,165,New Zealand,CrossFit Kia Kaha,33
2819149,Ting Chi Tien,F,1981,164 reps,,164,Chinese Taipei,CrossFit UltiLife,28
1252552,Courtney Hosch,F,1982,164 reps,,164,United States,CrossFit Coal,29
2964705,Sinead Ambrose,F,1983,164 reps,,164,Ireland,,28
2944144,Lara Eluau,F,1984,164 reps,,164,France,CrossFit Autricum,28
2939856,Emma Bolchoz,F,1985,164 reps,,164,United States,CrossFit FXT,24
2820685,Devin Marshall,F,1985,164 reps,,164,United States,CrossFit FXT,25
2914383,Marga Mascaró,F,1987,164 reps,,164,Spain,CrossFit Llucmajor,25
1748150,Karin Grohmannova,F,1988,164 reps,,164,Czechia,Metronome CrossFit,38
199514,Kristy D'Angelo,F,1989,164 reps,,164,Australia,Sonder CrossFit,45
2913270,Jordan Wheeler,F,1990,164 reps,,164,Australia,CrossFit CADC,25
1977856,Lorraine Bryce,F,1991,164 reps,,164,Australia,CrossFit Torian,34
2970188,Aisling Brenan,F,1992,164 reps,,164,Ireland,CrossFit Resonate,32
2106583,Nancy Chen,F,1993,164 reps,,164,Chinese Taipei,L7 CrossFit Ba Ke Si,40
2939189,Elodie Bedel,F,1994,164 reps,,164,France,CrossFit Epinal,38
2965097,Ludivine Faure Almeida,F,1995,164 reps,,164,France,CrossFit Shenron,45
2782307,Annea Futko,F,1996,164 reps,,164,Kosovo,Metronome CrossFit,28
2848022,Caitlin Bittner,F,1997,164 reps,,164,United States,CrossFit 516,42
2731497,Krista Leivo,F,1997,164 reps,,164,Finland,CrossFit Huntti,43
2931002,Safa Nazer,F,1997,164 reps,,164,India,CrossFit Peak 365,34
876227,Ashleigh Rodgers,F,1997,164 reps,,164,Australia,CrossFit Reclaim,36
2903705,Ruth Muller,F,3450,154 reps - s,,154,Portugal,CrossFit Black Edition,47
2671593,Treesa Joseph,F,3452,154 reps - s,,154,India,CrossFit Beowulf,34
2798711,Angel Chadwick,F,3453,154 reps - s,,154,Australia,CrossFit Bairnsdale,20
2831784,jie Zhang,F,3454,154 reps - s,,154,Australia,CrossFit Young,39
2215553,Nicky Dalmon,F,3455,154 reps - s,,154,United Kingdom,Southtons CrossFit,38
2932039,Susana Reis,F,3455,154 reps - s,,154,Portugal,CrossFit Black Edition,41
2846165,Paula Ortiz,F,3457,154 reps - s,,154,Puerto Rico,CrossFit Desvio 142,36
2417104,Taylah McEwan,F,3458,154 reps - s,,154,Australia,Inbound CrossFit,30
2652844,Matilda Gómez Hinze,F,3459,154 reps - s,,154,Spain,CrossFit Olavide,28
2953832,Liv Paterson,F,3460,154 reps - s,,154,Australia,CrossFit Tempered Ormeau,16
2932864,Morag Reaney,F,3461,154 reps - s,,154,United Kingdom,CrossFit Glasgow,32
2518916,Bonnie Scott,F,3462,154 reps - s,,154,Australia,CrossFit Huey,38
2954168,Lucie Raimbeaux,F,3463,154 reps - s,,154,France,CrossFit Genas,28
2905765,Maren Pflüger,F,3464,154 reps - s,,154,Germany,CrossFit Helden,27
2972349,Andie Xu,F,3465,154 reps - s,,154,Australia,CrossFit Young,41
2840094,Ashley Berry,F,3465,154 reps - s,,154,United States,CrossFit Panthera,37
2912859,Sally Bryant,F,3465,154 reps - s,,154,New Zealand,Tasman Bay CrossFit,38
2959341,Claire Albertson,F,3468,154 reps - s,,154,United States,Old Hickory CrossFit,25
2952534,Leah Gonzales,F,3468,154 reps - s,,154,United States,12 Labours CrossFit,50
2904726,Márcia Guês,F,3470,153 reps - s,,153,Brazil,CrossFit Black Edition,48
2965003,Alicia Malatesta,F,3471,153 reps - s,,153,Australia,CrossFit TRG,23
2912039,Klunkaew Klunnuruk,F,3472,153 reps - s,,153,Thailand,Power Up CrossFit,33
2939199,Minseon Park,F,3473,153 reps - s,,153,Korea (the Republic of),CrossFit Mad Monster,25
2934005,Emilia Brzoza,F,3474,153 reps - s,,153,Poland,CrossFit Black Ground,22
2143969,Carelli Stephanie,F,3474,153 reps - s,,153,France,CrossFit Epinal,48
2904438,Stefanie Jackson,F,3474,153 reps - s,,153,United States,CrossFit MFP,33
2965584,Mirari Basterra,F,3477,152 reps - s,,152,Spain,White Grizzly CrossFit,38
2971046,Jayanti Bhattacharya,F,3478,152 reps - s,,152,India,CrossFit 9 One,45
2914349,Abi Mailler,F,3479,152 reps - s,,152,Switzerland,CrossFit Morges,32
2957622,Caterina Marcellini,F,3480,152 reps - s,,152,Australia,Niche CrossFit,35
2799795,Angelica Maldonado,F,3481,152 reps - s,,152,United States,CrossFit Whiskey6,47
2930660,Aimie Edwards,F,3482,152 reps - s,,152,United Kingdom,Ultra CrossFit,33
2966039,Scarlett Downer,F,3483,152 reps - s,,152,Australia,CrossFit Reclaim,19
2894429,Jodie Partington,F,3484,151 reps - s,,151,New Zealand,H1 CrossFit,41
2945039,Leire Untzueta Azurmendi,F,3485,151 reps - s,,151,Spain,White Grizzly CrossFit,29
2932053,Magdalena Gortler,F,3486,151 reps - s,,151,Germany,CrossFit Erlangen,32
2800496,Katarzyna Koczanowska,F,3487,151 reps - s,,151,Poland,CrossFit Poznan,37
2932072,Ashlee Wood,F,3488,151 reps - s,,151,Australia,Two Wolf CrossFit,38
2915609,Alex Burris,F,3489,151 reps - s,,151,Australia,CrossFit Uplift,37
2927056,Ahjin Cho,F,3490,151 reps - s,,151,Korea (the Republic of),Beeline CrossFit,33
2205191,Maxine Johnston,F,3491,151 reps - s,,151,South Africa,CrossFit Tijger Valley,34
2954155,Lucie Dhorne,F,3492,151 reps - s,,151,France,CrossFit Oloron Sainte Marie,38
2950627,MIN GYEONG KIM,F,3492,151 reps - s,,151,Korea (the Republic of),CrossFit Like,35
2969534,Jemma Steele,F,3494,150 reps - s,,150,United Kingdom,CrossFit Bristol North,36
2857884,Amy Smith,F,3495,150 reps - s,,150,United Kingdom,CrossFit Bristol North,33
2905729,Raquel Ventura,F,3496,150 reps - s,,150,Brazil,CrossFit Carcará,26
2817852,Denise Foppa,F,3497,150 reps - s,,150,Brazil,Origem CrossFit,40
2916276,Victora Cavill,F,3498,150 reps - s,,150,United Kingdom,CrossFit Pioneer,36
2795914,Oriana Paredes,F,3499,150 reps - s,,150,Spain,NAMA CrossFit,26
2909913,Andrea Arce,F,3500,150 reps - s,,150,Peru,CrossFit 4165,25
2949627,Isabelle Costelloe,F,2201,154 reps,,154,Ireland,CrossFit Navitas,26
2231271,Frances Nolan,F,2202,154 reps,,154,Australia,The Peoples Gym CrossFit,29
2621578,Rebecca Lavelle,F,2202,154 reps,,154,Australia,CrossFit 505,41
2784832,Frances Grueger,F,2202,154 reps,,154,Germany,Seaside CrossFit Yeppoon,36
2840114,Haeyun Jung,F,2205,153 reps,,153,Korea (the Republic of),CrossFit Sound Wave,26
2388672,Xuyu Yi,F,2206,153 reps,,153,China,CrossFit PA,30
2929676,Tracy Lin,F,2207,153 reps,,153,China,CrossFit Young,41
1568080,Sascha Hull,F,2208,153 reps,,153,United Kingdom,CrossFit Aylesbury,43
2578797,Raluca Fuleki,F,2208,153 reps,,153,Romania,Magnum Opus CrossFit,38
2007420,Renata Festivo,F,2210,153 reps,,153,Brazil,CrossFit On Araruama,48
2964931,Natasha Cox,F,2211,153 reps,,153,Australia,,30
2968804,leanne havlin,F,2212,153 reps,,153,United Kingdom,CrossFit DeltaFox,45
2945874,Marilou Holman,F,2213,153 reps,,153,Australia,CrossFit Encircle,45
2933487,ELLIE SINGLETON,F,2214,153 reps,,153,Australia,MSF CrossFit,37
2416020,Kirsten Human,F,2214,153 reps,,153,United Kingdom,CrossFit Riberac,45
1208299,Lesley Pugh,F,2214,153 reps,,153,United Kingdom,CrossFit 1298,40
2783550,Aliesha Harper,F,2214,153 reps,,153,Australia,CrossFit Bairnsdale,39
2789642,Christine Hunter,F,2218,152 reps,,152,New Zealand,H1 CrossFit,31
2783473,Olivia Brooker,F,2219,152 reps,,152,Australia,CrossFit Flourish,19
2787929,Yura Jeong,F,2220,152 reps,,152,Korea (the Republic of),CrossFit RAON,24
2431104,Emma Brickle,F,2221,152 reps,,152,Australia,CrossFit Hallam,44
2445591,Kristen Klaus,F,2222,152 reps,,152,United States,CrossFit Fit Farm,45
2758950,Helen White,F,2223,152 reps,,152,United Kingdom,CrossFit Chester,48
2639773,Emily Crawford,F,2223,152 reps,,152,Australia,CrossFit Geelong,22
2422067,Melissa Kreinin,F,2225,152 reps,,152,United States,CrossFit Rapture,37
2261972,Angel Smith,F,2226,152 reps,,152,United States,CrossFit Fontana,41
2932989,Edel O Brien,F,2226,152 reps,,152,Ireland,Farmyard CrossFit,38
1777778,Hayley Kruger,F,2226,152 reps,,152,Australia,CrossFit Bounce,41
2945506,Alexa Bole,F,2229,151 reps,,151,United States,CrossFit PKB,27
2973016,Claribel Ortiz Quiles,F,2230,151 reps,,151,Puerto Rico,Reto CrossFit,31
2839229,Ilaria Caruso,F,2231,151 reps,,151,Italy,CrossFit Crawley,35
2952636,Sara Trevisan,F,2232,151 reps,,151,France,Berus CrossFit,37
287434,Jade Tarlinton,F,2233,151 reps,,151,Australia,CrossFit Tide Athletic,38
2396131,Rachael Emerson,F,2234,151 reps,,151,United States,CrossFit Bangor,52
2466153,Valentina Rocca,F,2235,151 reps,,151,Italy,CrossFit Zola Predosa,39
35821,Jessica Trott,F,2236,151 reps,,151,United States,CrossFit IBC,43
2942837,Tina Josnik,F,2237,151 reps,,151,Germany,CrossFit Erlangen,39
2800483,Lea Belsom,F,2238,151 reps,,151,United Kingdom,CrossFit RTV,41
2406513,Cheyennen Pese,F,2239,151 reps,,151,Australia,CrossFit Ipswich,45
2602523,Stephanie Vangi,F,2239,151 reps,,151,France,CrossFit Nostradamus,42
2220111,Tamsyn Brewster,F,2241,150 reps,,150,United Kingdom,CrossFit Esher,51
2904087,Bianca Wilcox,F,2242,150 reps,,150,United Kingdom,CrossFit Connect,35
2833456,Ashia Pereira,F,2243,150 reps,,150,United States,,23
2972139,Nele Anshelm,F,2244,150 reps,,150,Austria,CrossFit Rankweil,38
991145,Naoko Okada,F,2244,150 reps,,150,Japan,CrossFit Daikanyama,34
2930794,Rujira Cleaver,F,2246,150 reps,,150,Thailand,CrossFit Peak 365,42
413985,Paulina Warren,F,2247,150 reps,,150,United Kingdom,BKW CrossFit,40
2837265,Becky Sausins,F,2247,150 reps,,150,United Kingdom,CrossFit Chippenham,39
2840374,Amber Lucas,F,2249,150 reps,,150,United Kingdom,CrossFit JST,35
1818839,Wendy Lung,F,2250,150 reps,,150,Chinese Taipei,CrossFit 3056,24
2474105,Michelle Davies,F,3001,198 reps - s,,198,United Kingdom,CrossFit Huntsman,49
2908690,Suzanne Goodman,F,3002,198 reps - s,,198,United Kingdom,CrossFit Moira,36
2953127,Emma Tallini,F,3002,198 reps - s,,198,United Kingdom,Marlborough CrossFit,47
2907943,Chrissy Garnett,F,3002,198 reps - s,,198,United Kingdom,White Cliffs CrossFit,47
2911386,Emonete Santiago,F,3005,197 reps - s,,197,Brazil,CrossFit Imperatriz,47
2787116,Nathalia Zarpellon,F,3006,197 reps - s,,197,Brazil,Reserva Campolim CrossFit,33
2911268,Rebecca Jemmett,F,3007,197 reps - s,,197,United Kingdom,CrossFit Bristol North,43
2940255,megumi marumoto,F,3008,197 reps - s,,197,Japan,CrossFit Setagaya,25
2413844,Charlene Lasserre,F,3009,197 reps - s,,197,France,CrossFit Autricum,31
2972021,Alexa Fortier,F,3010,197 reps - s,,197,France,CrossFit Yggdrasil,29
2650537,Emily McKay,F,3011,197 reps - s,,197,Australia,Peak Project CrossFit,42
2637692,Danielle Bengs,F,3012,197 reps - s,,197,United States,Shogun CrossFit,36
2634231,Louise Gostelow,F,3013,197 reps - s,,197,United Kingdom,CrossFit Vastus,46
2907836,Georgia Ahmadi,F,3014,197 reps - s,,197,Australia,CrossFit New Beginning,34
2920549,Hannah Findsen,F,3015,197 reps - s,,197,Australia,CrossFit Brendale,30
2948904,Sakura Kido,F,3016,196 reps - s,,196,Japan,CrossFit Roppongi,21
2935155,Kara Darby,F,3017,196 reps - s,,196,United States,Shogun CrossFit,32
2926683,Sarah McKay,F,3018,196 reps - s,,196,Australia,CrossFit Moorabbin,34
2914649,Jooyeon kim,F,3019,196 reps - s,,196,Korea (the Republic of),CrossFit Redwood,44
2089063,Kimberly Sims,F,3020,196 reps - s,,196,United States,CrossFit Chief Nation,43
2663894,Frances Kings-Thompson,F,3021,196 reps - s,,196,Ireland,CrossFit Cheltenham,34
2813907,Kristen Carlson,F,3022,196 reps - s,,196,United States,RCF CrossFit,41
2914348,Annette Sloan-Gardner,F,3023,195 reps - s,,195,Australia,CrossFit Three Flow,39
2807212,Samantha Faulkner,F,3024,195 reps - s,,195,New Zealand,CrossFit 0435,43
2176447,Nicola Carter,F,3025,195 reps - s,,195,United Kingdom,CrossFit B76,43
2814322,Celeste Hargraves,F,3026,195 reps - s,,195,Australia,CrossFit Tide Athletic,45
2658533,Renata Koury,F,3027,195 reps - s,,195,Brazil,Reserva Campolim CrossFit,49
2933618,Alysha Garcia,F,3028,194 reps - s,,194,Australia,CrossFit Reclaim,35
2912434,Emma Range,F,3029,194 reps - s,,194,United States,Salty Hive CrossFit,24
2932907,Zoe Dissell,F,3030,194 reps - s,,194,United Kingdom,CrossFit Bath,48
2913511,Katheryn Rodriguez,F,3031,194 reps - s,,194,Spain,CrossFit Colmenar Viejo,33
2808895,Christina Balfour,F,3032,194 reps - s,,194,Norway,CrossFit Moss,30
2914045,Karen Rosado,F,3033,194 reps - s,,194,Puerto Rico,CrossFit Desvio 142,33
2829142,Lana Osadze,F,3034,194 reps - s,,194,Italy,CrossFit Iris,32
2949829,Charlene Mageropoulos,F,3035,194 reps - s,,194,Australia,Freezing Hot CrossFit,39
2926247,Jane Adams,F,3036,194 reps - s,,194,United Kingdom,CrossFit Bath,24
2933242,Beth Claridge,F,3037,194 reps - s,,194,United Kingdom,CrossFit Chiltern,48
2957219,Sophie Elford,F,3038,193 reps - s,,193,United Kingdom,,45
1236015,Katarzyna Lampach,F,3039,193 reps - s,,193,Germany,CrossFit Erlangen,47
1962234,Marelie van der Merwe,F,3040,193 reps - s,,193,South Africa,CrossFit Vredenburg,28
2173977,Laura Mapelli,F,3041,193 reps - s,,193,Italy,CrossFit Begin,41
2423620,Amandine Lamal,F,3042,193 reps - s,,193,France,CrossFit LXII,44
2783168,Perrine Lavie,F,3043,193 reps - s,,193,France,CrossFit F621,39
1605529,Courtney Connew,F,3044,193 reps - s,,193,Australia,CrossFit Might,34
2262080,Kate Santoro,F,3045,192 reps - s,,192,United States,CrossFit MXL,41
2972508,Nipuni Perera,F,3046,192 reps - s,,192,Australia,CrossFit Script,37
2924687,Isabella Field,F,3047,192 reps - s,,192,New Zealand,H1 CrossFit,16
1291153,Alinne Rocha,F,3048,192 reps - s,,192,Brazil,CrossFit Alfa 091,44
2960510,Meggan McCauley,F,3049,192 reps - s,,192,Australia,CrossFit Reclaim,23
2782586,Sandra Titos,F,3050,192 reps - s,,192,Spain,CrossFit Llucmajor,39
1757403,Danielle Tubridy,F,251,251 reps,,251,Ireland,Avenge CrossFit,42
2282376,Camille Dion-Garneau,F,252,251 reps,,251,Canada,CrossFit 500,33
2202084,Haoting Lee,F,252,251 reps,,251,United States,CrossFit ATR,36
1950885,Yasmin Collins,F,254,250 reps,,250,Australia,Raw Iron CrossFit,35
2281000,Alessandra Deliberato,F,255,250 reps,,250,Switzerland,Tone Up CrossFit and Fight,47
2428935,Izzy Freshwater,F,256,250 reps,,250,United Kingdom,CrossFit Stokesley,42
2827922,Jen Williams,F,257,250 reps,,250,United States,,39
38268,Emma Hayes,F,257,250 reps,,250,Australia,CrossFit Sisyphus,34
1027783,Zoe Pottenger,F,259,250 reps,,250,Australia,CrossFit Knoxfield,32
1197109,Bekka Collins,F,260,250 reps,,250,United Kingdom,,39
2182963,Tatiana Chung,F,261,250 reps,,250,France,CrossFit de la Paix,34
660937,Joana Teixeira,F,262,250 reps,,250,Portugal,AMT CrossFit,37
2446038,Ashleigh Harvey,F,262,250 reps,,250,United Kingdom,Carbon Method CrossFit,39
2674059,Ashleigh Lieberman,F,262,250 reps,,250,Australia,CrossFit Currumbin,32
2396515,Lea Poisson,F,262,250 reps,,250,France,Two Goats CrossFit,34
2612132,Andrea Elizabeth Luz Baptista,F,266,249 reps,,249,Uruguay,Fuse CrossFit,44
109178,Lauren Russell,F,267,249 reps,,249,United States,Vanguard CrossFit,37
1785796,Sarah Yardley,F,268,249 reps,,249,United States,CrossFit Tuff,37
2971667,Breella Case,F,269,249 reps,,249,Australia,Dialogue CrossFit,25
2782692,Ekaterina Maddern,F,269,249 reps,,249,United Kingdom,CrossFit Penzance,46
2677431,Katie May,F,271,249 reps,,249,United Kingdom,JJK CrossFit,47
2964721,Keeva Diggin,F,272,249 reps,,249,Ireland,CrossFit 168 Alexandria,25
2784112,Emeline Michaud,F,273,249 reps,,249,France,CrossFit CSLG Melun,40
2908928,GENCO AURELIE,F,274,249 reps,,249,France,CrossFit Graoully,40
2815525,Jurema Farias,F,275,249 reps,,249,Brazil,,42
2410611,Emily Scott,F,276,249 reps,,249,Australia,CrossFit Prolific,30
2906541,Zoe Robinson,F,276,249 reps,,249,New Zealand,Carbon Method CrossFit,26
2790990,Madison Barkow,F,278,248 reps,,248,United States,M4G CrossFit,27
2799829,Rhiannon Pas,F,279,248 reps,,248,Netherlands,CrossFit Cuijk,37
2219244,Tanguy Charlotte,F,280,248 reps,,248,France,CrossFit LOBET,30
352086,Elizabeth Ardagna,F,281,248 reps,,248,United States,CrossFit RTV,37
438620,Yelana Jennings,F,281,248 reps,,248,Australia,CrossFit Dauntless,35
2682825,Kelly Van Egmond,F,283,248 reps,,248,Netherlands,CrossFit Knoxfield,32
1032154,Emma Bække,F,284,248 reps,,248,Denmark,CrossFit Heaven,30
1301946,Alana Schwaiger,F,285,248 reps,,248,Australia,CrossFit Geelong,32
2434282,Kathleen Beckman,F,286,248 reps,,248,Australia,CrossFit Chocolate Box,26
7569,Alana Biggam,F,287,248 reps,,248,Australia,CrossFit Brisbane,45
2253846,Isidora Oroz,F,288,248 reps,,248,Ireland,CrossFit Gorey,31
1940708,Isabel Vidot,F,289,248 reps,,248,Australia,CrossFit Coorparoo,36
2972039,Jenny Harrington,F,290,248 reps,,248,New Zealand,,48
2423363,Aimee Barns,F,290,248 reps,,248,Australia,CrossFit West Melbourne,33
2380887,Jennifer ODonnell,F,292,247 reps,,247,Ireland,CrossFit Magherafelt,41
1448152,Kaitlyn Waldie,F,293,247 reps,,247,Australia,CrossFit Dubbo,35
2920322,Tyler Radovanovic,F,294,247 reps,,247,Australia,CrossFit Moose Fitness,27
1267080,Zoe Morrison,F,295,247 reps,,247,Australia,CrossFit Release,40
2428361,Ebony Dashwood,F,295,247 reps,,247,United Kingdom,CrossFit 2337,32
504117,Monique Legey,F,297,247 reps,,247,Australia,CrossFit 2444,35
239665,Ann-Marie Rooney,F,298,247 reps,,247,Ireland,CrossFit Navitas,41
2180001,Anais Vautier,F,299,247 reps,,247,France,CrossFit Serval,33
2714201,Guro Rist,F,300,247 reps,,247,Norway,,22
2266499,Natalie Ernst,F,151,262 reps,,262,United States,CrossFit Perryville,22
2260651,Mathilde Detienne,F,152,262 reps,,262,France,CrossFit Frankton,36
2429828,Gwladys Mabonzo,F,153,262 reps,,262,France,CrossFit HelvetiX,37
2614576,marine berrabah,F,154,262 reps,,262,France,CrossFit Nostradamus,39
2603919,Lexey Bean,F,155,262 reps,,262,United States,,24
2971892,Mel Vunakece,F,156,262 reps,,262,Australia,Flat White CrossFit Rhodes,37
2247941,Letizia Descotes,F,156,262 reps,,262,France,CrossFit West District,30
1172924,Kara Wagand,F,158,261 reps,,261,United States,Kinetic Grit CrossFit,33
1909775,Bianca Jones,F,159,261 reps,,261,Australia,Inbound CrossFit,37
2941800,Karina Whelan,F,160,261 reps,,261,Australia,BTS CrossFit,39
713849,Alice Orgnacco,F,161,261 reps,,261,Italy,CrossFit Udine,37
1806340,Mar Tregon,F,162,261 reps,,261,Spain,CrossFit Llucmajor,38
2160193,Shae Marum,F,162,261 reps,,261,Australia,CrossFit Wollongong,27
2214894,Megan Eastin,F,164,260 reps,,260,United States,TTT CrossFit,32
2937860,Abby Black,F,165,260 reps,,260,Australia,CrossFit Minerva Erina,36
2810189,Anna Cuming,F,166,260 reps,,260,United Kingdom,CrossFit Posibl,34
2456451,Megan Humphrey,F,167,260 reps,,260,United States,CrossFit Sweat Shop,30
2871628,Ellys Feather,F,168,260 reps,,260,United Kingdom,CrossFit Glasgow,28
2603456,Freya Leathers,F,169,259 reps,,259,United Kingdom,One Crew CrossFit,24
2917062,Sophie Moore,F,170,259 reps,,259,United Kingdom,CrossFit Penzance,35
2679349,Molly Hannafin,F,171,259 reps,,259,United Kingdom,CrossFit SWTBX Yard,29
1529578,Caroline Cunningham,F,172,259 reps,,259,United Kingdom,CrossFit Devizes,41
2793264,OH SEUNGA,F,173,259 reps,,259,Korea (the Republic of),CrossFit Choongjun,21
1821716,Flore Bettenfeld,F,174,259 reps,,259,France,CrossFit Khaleesi,35
2434661,Hannah DenHartog,F,175,259 reps,,259,United States,DFX CrossFit,25
1761976,Charlene Volle,F,176,258 reps,,258,France,CrossFit Castèu,31
2671250,Ally Hamill,F,177,258 reps,,258,New Zealand,Tasman Bay CrossFit,25
591696,Katerina Aliberti,F,178,258 reps,,258,United Kingdom,Still CrossFit,37
1566432,Bec Sgouros,F,179,258 reps,,258,Australia,CrossFit Narellan,27
1597352,Kelsey McKeon,F,180,258 reps,,258,United States,Union City CrossFit,31
2845356,Lyndsay Sutton,F,181,258 reps,,258,United States,CrossFit Salvation,31
228460,Tracey Jones,F,181,258 reps,,258,United States,TTT CrossFit,45
2510379,Georgina Howe,F,183,258 reps,,258,Australia,CrossFit Huski,32
2165625,Rebecca Chisholm,F,184,258 reps,,258,Australia,CrossFit Bells Beach,42
2214986,Marion Chauveau,F,185,258 reps,,258,France,CrossFit de la Paix,34
2133560,Jo Wood,F,186,257 reps,,257,United Kingdom,Motus Cultura CrossFit,38
922543,Kathryn Wilson,F,187,257 reps,,257,United States,CrossFit 696,32
2598243,Junghyun Park,F,188,257 reps,,257,Korea (the Republic of),CrossFit Become Better,43
1600906,Kirsty Marchbank,F,189,257 reps,,257,United Kingdom,,40
2271565,Eilidh Breslin,F,190,257 reps,,257,United Kingdom,CrossFit Glasgow,23
1954753,Amber Cooke,F,191,256 reps,,256,Australia,CrossFit Ipswich,37
481639,Kendra Lee,F,192,256 reps,,256,United States,CrossFit St. Pete,39
2782465,Abi Harrison-Clark,F,193,256 reps,,256,United Kingdom,Wakefield CrossFit,36
2971671,Schae Freeman,F,194,256 reps,,256,Australia,City 4051 CrossFit,24
1675008,Hayley Brandes,F,194,256 reps,,256,New Zealand,CrossFit Bay of Islands,36
935098,Amy Tomlinson,F,196,256 reps,,256,United States,Burg CrossFit Grub,41
2217877,Emily Farrelly,F,197,256 reps,,256,Ireland,CrossFit Southend,28
585834,Harriet Hobbs,F,197,256 reps,,256,Australia,CrossFit Athletic,36
2459897,Giovanna Fichera,F,199,256 reps,,256,United States,CrossFit Arise,28
1910441,Sara Stang,F,200,256 reps,,256,United States,Tight Five CrossFit,27
2913071,Brooke Murray,F,1997,164 reps,,164,Australia,CrossFit Southern Highlands,30
33715,kylie stabb,F,1997,164 reps,,164,Australia,CrossFit Geo,43
2804744,경진 강,F,2003,163 reps,,163,Korea (the Republic of),CrossFit RAON 2,28
2636739,Gillian Gadenne,F,2004,163 reps,,163,United States,CrossFit MFP,33
2679208,Louise Marsh,F,2005,163 reps,,163,United Kingdom,CrossFit Tunbridge Wells,48
2938807,Allison Holmes,F,2006,163 reps,,163,United States,CrossFit Plattsburgh,30
2907016,Chiara Candiotto,F,2007,163 reps,,163,Italy,CrossFit Treviso,50
964158,Brooke Hayes,F,2008,163 reps,,163,Australia,Inbound CrossFit,35
2800943,DAWOON KIM,F,2009,163 reps,,163,Korea (the Republic of),CrossFit Buddy,43
1018662,Sarah Knudsen,F,2010,163 reps,,163,United States,Tulalip Bay CrossFit,42
2483113,Seo Jung ok,F,2011,163 reps,,163,Korea (the Republic of),CrossFit Hoguk,49
44947,Kim Kubala,F,2011,163 reps,,163,New Zealand,CrossFit 7010 Nelson,37
2838568,Katrina Brosens,F,2013,163 reps,,163,Australia,BRIKK CrossFit,36
2955609,Lily Danby,F,2014,163 reps,,163,Australia,CrossFit Lower Mountains,25
2829773,Isabella Bucher,F,2015,163 reps,,163,United States,Burn the Ships CrossFit,26
2953803,Valentina Vaida-Bont,F,2016,163 reps,,163,Romania,Magnum Opus CrossFit,30
2832850,Jessica Wright,F,2017,163 reps,,163,United Kingdom,Coastline CrossFit,32
1814186,Jemma Dyson,F,2017,163 reps,,163,Australia,CrossFit 3850,35
939169,Adriane Miller,F,2019,163 reps,,163,United States,Jump Ship CrossFit,42
2808009,Emily Cordy,F,2020,163 reps,,163,Australia,,31
1799265,Grace Moneghetti,F,2021,163 reps,,163,Australia,Kinetic Performance CrossFit,25
715563,Megan Campbell,F,2022,163 reps,,163,United States,Salty Hive CrossFit,35
2828524,Kathryn Rieck,F,2023,162 reps,,162,Australia,CrossFit Sisyphus,45
2613538,Charlie Viqueira,F,2024,162 reps,,162,United Kingdom,CrossFit Wadebridge Four Kings,45
2498792,jeongha lee,F,2025,162 reps,,162,Korea (the Republic of),CrossFit Familiar,33
508683,Clare Evans,F,2026,162 reps,,162,United Kingdom,CrossFit Thame,45
2936954,Anni-Maria Aitta,F,2027,162 reps,,162,Finland,CrossFit Oulu,35
41438,Goeun Noh,F,2028,162 reps,,162,Korea (the Republic of),Muhan CrossFit,46
2268461,Rebecca Lotti,F,2029,162 reps,,162,Ireland,CrossFit Leixlip,37
2922541,Alma Lopez,F,2030,162 reps,,162,United States,CrossFit KENAZ,40
2852676,Diana Jelenova,F,2031,162 reps,,162,United Kingdom,CrossFit Glasgow,34
89580,Cindy Young,F,2031,162 reps,,162,United States,CrossFit Solano,52
2965692,Jasmine Farrugia,F,2033,162 reps,,162,Australia,Sonder CrossFit,22
994862,Lize Kleynhans,F,2033,162 reps,,162,South Africa,CrossFit Ira,46
2913221,Maddison Kent,F,2033,162 reps,,162,Australia,CrossFit Uplift,28
2442923,Emily Kelly,F,2036,162 reps,,162,Ireland,CrossFit Leixlip,31
2947769,Ali Pace,F,2037,162 reps,,162,United States,CrossFit Postal,33
2784523,Fiona Bent,F,2038,162 reps,,162,Ireland,CrossFit Leixlip,38
1800558,Elisabetta Terrin,F,2039,162 reps,,162,Italy,CrossFit Venezia,50
2962675,Rosie Mckissock,F,2040,162 reps,,162,United Kingdom,CrossFit Bath,44
2219754,Meg Bessey,F,2041,162 reps,,162,United States,CrossFit Donelson,47
2848888,ella grundy,F,2042,162 reps,,162,Australia,CrossFit Escape,21
1304239,Maelle Morgan,F,2043,162 reps,,162,Australia,CrossFit 2400,42
2962136,Martine Helgeneseth,F,2044,162 reps,,162,Norway,Offline CrossFit,33
2665742,Natalie Falkous,F,2044,162 reps,,162,United Kingdom,CrossFit Northumbria,48
2953458,Amy Cooper,F,2044,162 reps,,162,United Kingdom,,38
2740337,Caitlin Keen,F,2047,161 reps,,161,Australia,CrossFit Erupt,23
2949574,Valeriya Zhelnina,F,2048,161 reps,,161,Russian Federation,,25
742122,Valeria Vighi,F,2049,161 reps,,161,Italy,CrossFit Deed,44
2600519,Sarah Boswell,F,2050,161 reps,,161,Australia,CrossFit Muswellbrook,32
2905400,Eufemia Le Roux,F,3351,164 reps - s,,164,South Africa,Lions Bay CrossFit,38
2884550,Edith Duquesnoy,F,3352,164 reps - s,,164,France,CrossFit Rengō Valenciennes,53
2971770,Cheryl B,F,3353,164 reps - s,,164,United States,CrossFit PA,46
2954502,JANG NAYEONG,F,3354,164 reps - s,,164,Korea (the Republic of),CrossFit Sasang,24
2965534,Emily Potter,F,3355,164 reps - s,,164,Australia,CrossFit Roar,25
2965551,Susannah Shelley,F,3356,164 reps - s,,164,United Kingdom,CrossFit Bodmin,50
2941548,Susan Rundle,F,3357,164 reps - s,,164,United Kingdom,Dominus CrossFit,43
2930948,Elodie Lab,F,3358,164 reps - s,,164,France,Bunks CrossFit,41
2492933,Vicky Hobson-Hargreaves,F,3359,164 reps - s,,164,United Kingdom,CrossFit 258,47
2924280,Agnes Gidlund,F,3360,164 reps - s,,164,Sweden,CrossFit Sickla,53
2836116,Emma Hassell,F,3361,164 reps - s,,164,United Kingdom,RH10 CrossFit,32
2962593,Emma MARING,F,3361,164 reps - s,,164,France,CrossFit Vinkere,26
1030657,Tabitha Scarpulla,F,3361,164 reps - s,,164,United States,Hurricane CrossFit,42
2907862,Emilie Coibion,F,3361,164 reps - s,,164,Belgium,CrossFit Mind Steel,39
2215772,Naémi Meisser,F,3365,163 reps - s,,163,Dominican Republic,Puerto Plata CrossFit,31
2936442,Sieun Lee,F,3366,163 reps - s,,163,Korea (the Republic of),CrossFit Gangnam,26
2930204,Lianne Moloney,F,3367,163 reps - s,,163,United Kingdom,CrossFit Meath,41
2963868,Micaela Murray,F,3368,163 reps - s,,163,United States,Block CrossFit,32
2436094,Perrine Letouq,F,3369,163 reps - s,,163,France,Antropos CrossFit Pierre-Bénite,24
2918036,김 희선,F,3370,163 reps - s,,163,Korea (the Republic of),Get It CrossFit,32
2614933,Estee Pinchasin,F,3371,163 reps - s,,163,United States,Nevermore CrossFit,51
2903645,Silvia Hulselmans,F,3372,162 reps - s,,162,Netherlands,CrossFit SoWieSo,41
2792159,Luciana Edvarde,F,3373,162 reps - s,,162,Brazil,Reserva Campolim CrossFit,43
2957717,Lizzie Murphy-Sheridan,F,3374,162 reps - s,,162,United Kingdom,CrossFit Solihull,32
2630923,Wendy Robertson,F,3374,162 reps - s,,162,United Kingdom,CrossFit Shire,50
2620026,Noami Steele,F,3376,162 reps - s,,162,Australia,CrossFit Forbes,36
1646110,Kerin Doran,F,3376,162 reps - s,,162,Australia,CrossFit Metal Therapy,45
2845691,Stephanie Torres,F,3376,162 reps - s,,162,Puerto Rico,CrossFit Swell,25
2951831,Michelle Mayger,F,3379,161 reps - s,,161,Australia,,46
2781999,Andrea De Marchena,F,3380,161 reps - s,,161,Dominican Republic,STI CrossFit,26
2917850,Greet Buylinckx,F,3381,161 reps - s,,161,Belgium,Black Oak CrossFit,49
2795852,Kim van Boxmeer,F,3382,161 reps - s,,161,Netherlands,CrossFit Uden,45
2964266,Saaya Soken,F,3383,161 reps - s,,161,Japan,GANJUU CrossFit,27
2911350,Karine Bacon,F,3384,161 reps - s,,161,France,CrossFit Mougins,50
2637088,nivelle odile,F,3385,161 reps - s,,161,France,CrossFit Cagnes sur Mer,54
2917840,Ashley Hayes,F,3386,160 reps - s,,160,United States,Free Will CrossFit,39
1427379,Odie Agustin,F,3387,160 reps - s,,160,Philippines,CrossFit Collingwood,46
2790724,Kerri Roberts,F,3388,160 reps - s,,160,United Kingdom,CrossFit Thame,38
2950287,정 채림,F,3389,160 reps - s,,160,Korea (the Republic of),Get It CrossFit,25
2475552,Scarlett Hester,F,3390,160 reps - s,,160,United States,CrossFit White River,38
2805772,Chanelle Burman,F,3391,160 reps - s,,160,Australia,CrossFit Reclaim,44
2959982,Andrea Ojaimy,F,3392,160 reps - s,,160,Australia,CrossFit Moorabbin,39
2930997,Noah Sarucia,F,3393,160 reps - s,,160,United States,CrossFit Aspinock,37
2921155,Elodie Robin-Loreto,F,3394,160 reps - s,,160,France,CrossFit Trévoux,36
2931937,Alicia Holding,F,3395,159 reps - s,,159,Australia,CrossFit 121,49
2911702,Geri Brown,F,3396,159 reps - s,,159,United Kingdom,CrossFit Furnace Fitness,41
2938136,Kamilla dos Santos Morais,F,3397,159 reps - s,,159,Brazil,Boombox Amambai CrossFit,38
2972852,Karla Renata Tavares das Silva,F,3398,159 reps - s,,159,Brazil,CrossFit Montijo,41
2790406,Natalie Schaffer,F,3399,159 reps - s,,159,Israel,CrossFit Dino,48
2663705,Stacey Mighty,F,3400,159 reps - s,,159,United States,CrossFit Issaquah,49
2918884,Joeli Fernanda Steffenon,F,3651,119 reps - s,,119,Brazil,Origem CrossFit,30
2953448,Yoo Irae,F,3652,118 reps - s,,118,Korea (the Republic of),CrossFit DAEGA,26
2913848,Inga De Best,F,3653,118 reps - s,,118,Netherlands,CrossFit SoWieSo,37
2938023,yunjeong choi,F,3654,117 reps - s,,117,Korea (the Republic of),CrossFit Baegot,40
2930539,Diana Monaretto,F,3655,117 reps - s,,117,Brazil,Origem CrossFit,34
2937554,Linda Badrosian,F,3656,116 reps - s,,116,United States,CrossFit OwnIt,44
1867452,Tere Cossaboon,F,3657,116 reps - s,,116,United States,CrossFit Simpsonville,46
2650365,Teresa Binks,F,3658,116 reps - s,,116,United Kingdom,CrossFit Solent,38
2914101,Dalia Galvan,F,3659,115 reps - s,,115,Mexico,Magno CrossFit,38
2602223,Sheila Bossen,F,3660,115 reps - s,,115,Netherlands,CrossFit SoWieSo,31
2918323,Océane Le Grand,F,3661,113 reps - s,,113,France,,25
2960654,Helen Watt,F,3662,113 reps - s,,113,Australia,CrossFit 2400,39
2907156,Sarah Van Kempen,F,3663,113 reps - s,,113,Australia,CrossFit Warrnambool,36
2830454,Cloe Ponthieu,F,3664,112 reps - s,,112,France,CrossFit Histía,34
2940996,Macarena Martinez Gomez,F,3665,112 reps - s,,112,Spain,CrossFit Coney Island,36
2923778,Nabeela Kinnas,F,3666,111 reps - s,,111,Australia,CrossFit Reclaim,28
2267597,Daniela Hess,F,3667,111 reps - s,,111,Italy,CrossFit Ettlingen,47
2951006,Nalini Millette,F,3668,111 reps - s,,111,Canada,CrossFit NCR,48
2827323,Gabriela Espinoza,F,3669,111 reps - s,,111,Mexico,CrossFit Vallarta,27
2972978,Haleigh-lynn Tone,F,3670,110 reps - s,,110,Canada,Kaos CrossFit,25
960221,Minka Lehmann,F,3671,109 reps - s,,109,Australia,CrossFit Hastings,54
2971092,Abia Lynch,F,3672,108 reps - s,,108,Australia,Cornerstone CrossFit,26
2634931,Charlie Mortley,F,3673,108 reps - s,,108,Australia,CrossFit SCBC,16
1522563,Melissa Newhauser,F,3674,108 reps - s,,108,United States,Burn the Ships CrossFit,52
2960466,Nivedita Kumar,F,3675,108 reps - s,,108,India,CrossFit HITEC City,33
2944581,Lianie Coetzee,F,3676,107 reps - s,,107,Australia,CrossFit SCBC,16
2784558,daisy donato-audier,F,3677,107 reps - s,,107,Switzerland,CrossFit Morges,47
1739604,Julie Jones,F,3678,106 reps - s,,106,United Kingdom,CrossFit Northumbria,42
2948538,Loredana Cojocaru,F,3678,106 reps - s,,106,Romania,CrossFit Pantheon,38
2933924,Gemma Thompson,F,3678,106 reps - s,,106,South Africa,,41
720402,Neeley Turrell,F,3681,104 reps - s,,104,United Kingdom,CrossFit LE3,42
1759206,Ruo Xin Lim,F,3682,103 reps - s,,103,Singapore,,43
1559866,Jessie Gomez-Guerra,F,3683,103 reps - s,,103,United States,Four Creeks CrossFit,50
2929208,YI LIN LIANG,F,3684,102 reps - s,,102,Chinese Taipei,CrossFit Six-Forty,47
2798765,Kate Harzmeyer,F,3685,102 reps - s,,102,Australia,CrossFit Warrnambool,41
2837808,Riley Shaw,F,3686,102 reps - s,,102,United States,CrossFit Override,32
2922260,Patricia Galafassi,F,3687,101 reps - s,,101,Brazil,Republica CrossFit,31
2824262,Carissa Webb,F,3688,101 reps - s,,101,Australia,CrossFit St Kilda,52
2629723,Polly Hicks,F,3689,100 reps - s,,100,United Kingdom,CrossFit Solent,54
2933751,Tamara Altimimi,F,3690,99 reps - s,,99,United Kingdom,CrossFit Llanelli,25
2683677,Marianne Philipson,F,3691,99 reps - s,,99,New Zealand,CrossFit Porirua,44
2968207,Jessica Teubes,F,3692,99 reps - s,,99,South Africa,CrossFit Artaxes,33
2905887,Agathe Amoros,F,3693,98 reps - s,,98,France,Makitha CrossFit,38
2416093,Kayla Yeager,F,3694,98 reps - s,,98,United States,CrossFit 301 Elite,32
2970793,Marelys Estrara,F,3695,98 reps - s,,98,United States,CrossFit Inspirit,17
2226111,Kalanit Taub,F,3696,98 reps - s,,98,Israel,,39
2955036,Martina Hess,F,3697,98 reps - s,,98,Austria,CrossFit Eisenstadt,42
2822480,Shreelekha Y,F,3698,97 reps - s,,97,India,I Think CrossFit,32
2907383,Jooyeon Seo,F,3699,97 reps - s,,97,Korea (the Republic of),CrossFit GUTS,35
2965001,Tiisetso Thobeha,F,3700,97 reps - s,,97,South Africa,,29
389738,Christine McEwan,F,2696,20 reps,,20,Australia,CrossFit CrossAxed,49
1203448,Kelsey Jang,F,2696,20 reps,,20,United States,CrossFit Contrivance,33
2915544,Gillian McLelland,F,2703,6 reps,,6,United Kingdom,CrossFit 1298,51
2952825,Georgia Mowett,F,2704,1 reps,,1,Australia,CrossFit Audax,28
2972610,Fanny Vimeux,F,2705,340 reps - s,,340,France,CrossFit Fall and Rise,42
2960420,Adeline Roux,F,2706,313 reps - s,,313,France,CrossFit Onyx 1326,23
2955611,Emma Jones,F,2707,299 reps - s,,299,United Kingdom,,39
2958141,Molly Rogers,F,2708,297 reps - s,,297,Ireland,CrossFit Sligo,33
2818021,Egle Olle,F,2709,296 reps - s,,296,Estonia,CrossFit KÕU,36
2941581,Paige Satchell,F,2710,288 reps - s,,288,New Zealand,CrossFit NAS,28
2425701,Jo Harris,F,2711,284 reps - s,,284,United Kingdom,CrossFit Chippenham,33
1204818,Roxana Diaconu,F,2712,284 reps - s,,284,Romania,CrossFit Columna,34
2797020,Britt Koenis,F,2713,282 reps - s,,282,Netherlands,CrossFit Weijver,23
2958342,Anri Neuhoff,F,2714,279 reps - s,,279,South Africa,CrossFit Never Back Down,21
2969871,JIAE PARK,F,2715,278 reps - s,,278,Korea (the Republic of),VX CrossFit,31
1002368,Salome Engelbrecht,F,2716,278 reps - s,,278,South Africa,NorSub CrossFit,40
113390,Savannah Matyas,F,2717,277 reps - s,,277,United States,Paradiso CrossFit,41
2950235,Emily Poole,F,2718,276 reps - s,,276,Australia,CrossFit Three Flow,32
1905187,Emi Alors,F,2719,276 reps - s,,276,Spain,CrossFit Cordoba,32
1309321,Anna Williams,F,2720,275 reps - s,,275,New Zealand,CrossFit Napier,37
2972113,Brooke Gilmour,F,2721,275 reps - s,,275,Australia,CrossFit Rox,46
2948173,Kirsty Franklin,F,2722,270 reps - s,,270,Australia,,52
2904855,Alais Piccin Concatto,F,2723,268 reps - s,,268,Brazil,Republica CrossFit,39
2908043,Aileen Murphy,F,2724,268 reps - s,,268,Ireland,CrossFit Drumcondra,37
2909466,Jessica Popplewell,F,2725,268 reps - s,,268,United Kingdom,I Am The Project CrossFit,29
2915366,Daria Alexandrovna,F,2726,268 reps - s,,268,China,Hertz CrossFit,33
2600869,Caroline Le Bris,F,2727,267 reps - s,,267,France,CrossFit Dunkerque,35
2926585,Tauana Saldanha Goncalves,F,2728,265 reps - s,,265,Brazil,Informa CrossFit,35
760174,Lillian Steele,F,2729,262 reps - s,,262,Australia,CrossFit Brisbane,46
2196700,Te Whetumarama Nuku,F,2730,262 reps - s,,262,New Zealand,CrossFit TDG,25
2929348,Kaidi van der Merwe,F,2731,261 reps - s,,261,Estonia,CrossFit Remi,31
2928169,Stefania Casati,F,2732,261 reps - s,,261,Italy,CrossFit Triple Tail,40
2972497,Miriam Cos,F,2733,260 reps - s,,260,Spain,Tenax CrossFit,33
1245593,Anna Nagel,F,2734,259 reps - s,,259,Netherlands,CrossFit Scheveningen,30
1337182,Charlotte Carr,F,2735,258 reps - s,,258,Australia,CrossFit Athletic,26
2468061,Daria Lawson,F,2736,257 reps - s,,257,Australia,CrossFit 2600,42
2963096,Margot Peragin,F,2737,257 reps - s,,257,France,CrossFit 2F,28
586251,Belinda Napoli,F,2738,256 reps - s,,256,Australia,Charge CrossFit,41
2496438,Olivia Molina,F,2739,254 reps - s,,254,United States,Koda CrossFit Norman,29
982863,Sarah Crampton,F,2740,252 reps - s,,252,Australia,CrossFit Nook,37
2928390,Joelma Dalzochio,F,2741,251 reps - s,,251,Brazil,Republica CrossFit,36
2955919,Sarah Nottingham,F,2742,251 reps - s,,251,United States,CrossFit Megalodon,37
2972922,Nikki Gore,F,2743,250 reps - s,,250,United States,,43
2057225,Sabrina Trachsel,F,2744,250 reps - s,,250,Switzerland,CrossFit Biel-Bienne,35
2960473,Andrea Asenjo,F,2745,249 reps - s,,249,Spain,CrossFit LILS 28044,37
2928186,Rebecca Heyworth,F,2746,249 reps - s,,249,United Kingdom,CrossFit Wigan,40
1958499,Jill Logan,F,2747,248 reps - s,,248,United Kingdom,CrossFit Astraea,47
2972830,Liz Crossman,F,2748,246 reps - s,,246,United Kingdom,CrossFit 1066,34
2472783,Yvonne Apswoude,F,2749,245 reps - s,,245,Netherlands,CrossFit Flamingo,38
2935409,Veronica Horan,F,2750,245 reps - s,,245,Ireland,CrossFit Drumcondra,27
2960331,Mollie Gimson,F,1051,204 reps,,204,United Kingdom,CrossFit Disruption,31
2965688,황 영주,F,1052,204 reps,,204,Korea (the Republic of),CrossFit Vulcan,25
2012572,Ally Parker,F,1053,204 reps,,204,Australia,CrossFit Woolgoolga,49
2461052,Anna Maitland,F,1054,204 reps,,204,United Kingdom,Newbury CrossFit,34
2400900,Cassidy Ridley,F,1055,204 reps,,204,United States,CrossFit Athletics,27
533728,Clare Ferguson,F,1056,204 reps,,204,Australia,CrossFit Confront,30
2618784,Anna Heusler,F,1057,204 reps,,204,Germany,CrossFit District Eighteen,33
2918590,Marie-Aimée Altmeyer,F,1058,204 reps,,204,France,CrossFit Biarritz,32
2462979,Yvette Clough,F,1058,204 reps,,204,United Kingdom,Wakefield CrossFit,48
2964711,Brierley Auimatagi,F,1060,204 reps,,204,New Zealand,Soar Performance CrossFit,32
2946594,Susan Gelsi,F,1060,204 reps,,204,Australia,,35
1958462,Anna Öjehagen,F,1060,204 reps,,204,Sweden,,50
2927090,Elisa Oricchio,F,1060,204 reps,,204,Italy,Great Wave CrossFit,47
2243425,Alyssa Burns,F,1060,204 reps,,204,United Kingdom,Aeternum CrossFit,19
2446232,Chloe Hallett,F,1060,204 reps,,204,United Kingdom,BearWalden CrossFit,32
2789915,Tali Jabinski,F,1060,204 reps,,204,Israel,CrossFit Namal,35
2212089,Chloe Henderson,F,1067,203 reps,,203,United Kingdom,Fort47 CrossFit,24
2594861,shannon Loughrey,F,1068,203 reps,,203,United Kingdom,CrossFit Cheddar Rising,46
318961,Alie Kimbrell,F,1069,203 reps,,203,United States,CrossFit Lake Wylie,40
2341933,YOUNG EUN KIM,F,1070,203 reps,,203,Korea (the Republic of),Rush Together CrossFit,34
2590151,Vilma Kokanskytė,F,1070,203 reps,,203,Lithuania,CrossFit Kaunas,26
2668654,Marine Guillemin,F,1072,203 reps,,203,France,CrossFit Belharra,29
2665485,Marine Becker,F,1073,203 reps,,203,France,CrossFit Vinkere,37
2972360,Aleksandra Wota,F,1074,203 reps,,203,Poland,CrossFit Cramlington,24
730053,Katy-Jane MacInnes,F,1075,203 reps,,203,United Kingdom,CrossFit 1298,41
2203440,Jamy Somers,F,1076,203 reps,,203,Netherlands,CrossFit Uden,39
2421577,hyejeong kim,F,1077,203 reps,,203,Korea (the Republic of),CrossFit Maka,29
2808049,Stefania Pellegrino,F,1078,203 reps,,203,Italy,CNT CrossFit,52
2674654,Matilde Vogelaers,F,1079,203 reps,,203,Belgium,CrossFit Dragons Den,27
2594574,Veronica Gutierrez,F,1079,203 reps,,203,Colombia,CrossFit Active,42
2906905,journey hipwood,F,1081,202 reps,,202,Australia,CrossFit Hunted Fitness,24
2109715,Cris Allen,F,1082,202 reps,,202,Australia,RFX Athletic CrossFit Bibra Lake,42
2650649,Kristina Kemaeva,F,1083,202 reps,,202,Russian Federation,CrossFit Udarnik,27
2006274,Destiny Levin,F,1084,202 reps,,202,United States,CrossFit Junction,23
2965905,Amber Byrne,F,1085,202 reps,,202,Australia,CrossFit Bunbury,36
2924045,Beth Robertson,F,1086,202 reps,,202,Australia,CrossFit Wollongong,39
2952009,Bérénice Hilt,F,1087,202 reps,,202,France,CrossFit Renégat,29
982283,Kate Callow,F,1087,202 reps,,202,Australia,CrossFit Hastings,32
2473873,Melissa Flynn,F,1087,202 reps,,202,Australia,CrossFit Larrikins,32
2923769,Naomi Stewart,F,1090,202 reps,,202,Australia,Raw Iron CrossFit,29
973846,Emma Darcy,F,1091,202 reps,,202,Australia,Hillside CrossFit,35
2846618,Beatriz Constantino,F,1091,202 reps,,202,Portugal,CrossFit Montijo,25
2430435,Yulia Kleymenova,F,1093,202 reps,,202,Russian Federation,HK CrossFit,46
178384,Jordan Buck,F,1094,202 reps,,202,United States,Ocean State CrossFit,39
690771,Karen Fraga,F,1095,202 reps,,202,United States,CrossFit Trinity,37
1601182,Manon Oyebamiji Peltier,F,1096,202 reps,,202,France,FWA CrossFit,34
1561774,Sophie Best,F,1097,202 reps,,202,United Kingdom,CrossFit Alioth,39
2224165,Allie Freeman,F,1098,202 reps,,202,New Zealand,CrossFit 0435,34
2506029,Ava Smith,F,1099,202 reps,,202,United States,M4G CrossFit,26
2814311,Roisin O Malley,F,1100,202 reps,,202,Ireland,CrossFit Southend,28
1830412,Monica Phillips-Reagan,F,751,220 reps,,220,United States,CrossFit Fairport,43
2839803,Charlie Nuttall,F,751,220 reps,,220,United Kingdom,Horsham CrossFit,30
2776206,Anna Beak,F,753,219 reps,,219,United Kingdom,CrossFit Richmond,27
2907703,Stevie Hoiles,F,754,219 reps,,219,Australia,CrossFit Dauntless,36
2211577,Molly Ferguson,F,755,219 reps,,219,Australia,CrossFit Confront,25
1790624,Ally Rafei,F,756,219 reps,,219,Australia,CrossFit North Carlton,45
2591813,Laura Keeley,F,757,219 reps,,219,United States,CrossFit Herndon,38
2916478,Holly Meek,F,758,219 reps,,219,New Zealand,Tasman Bay CrossFit,29
2005559,Courtney Gallen,F,759,219 reps,,219,New Zealand,CrossFit 0435,41
1247583,Tara Porfido,F,760,219 reps,,219,United States,CrossFit Bison,33
2836690,Felicity Rockingham,F,761,219 reps,,219,Australia,,29
2484265,Cheryl Rowley,F,762,219 reps,,219,United Kingdom,CrossFit Onen,52
710906,Tamara Visser,F,763,219 reps,,219,Netherlands,UnScared CrossFit,41
2972367,Lipa Lucky,F,764,219 reps,,219,United Kingdom,CrossFit Colchester,29
1621549,Emma Shortall,F,765,219 reps,,219,Ireland,CrossFit Green,34
1977688,Natalia Nolan,F,766,219 reps,,219,Australia,CrossFit 505,47
2902753,Ellen Brooks Pollock,F,767,219 reps,,219,United Kingdom,CrossFit Fort Ashton,46
2962663,Helen Garbett,F,768,219 reps,,219,United Kingdom,Wakefield CrossFit,37
358009,Claire Hardy,F,769,219 reps,,219,Australia,CrossFit VFL,36
2588000,Maider Villanueva,F,770,219 reps,,219,Spain,Bai CrossFit Deusto,21
2618770,Iratxe Cea Remírez,F,771,219 reps,,219,Spain,Blue Grizzly CrossFit,28
2473710,Nicole Bachler,F,772,219 reps,,219,Australia,CrossFit Noosa,34
2483605,Karen Frost,F,772,219 reps,,219,Ireland,CrossFit Navitas,45
2669887,Elsa Lagandré,F,772,219 reps,,219,France,Pyrénéus CrossFit,34
2927247,Olivia Bolwell,F,772,219 reps,,219,Australia,Sagitta CrossFit,23
1508323,Fabiola Mazzi,F,772,219 reps,,219,Italy,South Stand CrossFit,34
2396016,Ami Tipper,F,777,218 reps,,218,Canada,CrossFit Leduc,30
241647,Charlotte Mathews,F,778,218 reps,,218,Australia,,32
2806101,Reina Trias,F,778,218 reps,,218,Australia,CrossFit Moorabbin,27
2406662,Denise Funken,F,780,218 reps,,218,Australia,CrossFit Caloundra,35
2623620,Sadie Melite,F,781,218 reps,,218,United States,CrossFit MF Windham,33
2601462,Alicia Young,F,782,218 reps,,218,Canada,CrossFit Kamloops,37
2944799,Federica Repaci,F,783,218 reps,,218,Italy,Penta CrossFit,32
1325197,Brooke Hoeder,F,784,218 reps,,218,United States,CrossFit Iron Horse,22
2946349,Nicola Tucker,F,785,218 reps,,218,Australia,CrossFit Huey,39
2822794,marina beristain,F,785,218 reps,,218,Spain,CrossFit KKUK,26
2414976,Sara Rossi,F,787,218 reps,,218,Italy,CrossFit Acqui,23
2805527,Corlia Oberholzer,F,788,218 reps,,218,South Africa,Red X CrossFit,35
2644473,Alana Murfitt,F,789,218 reps,,218,Australia,CrossFit Woodford,37
2905804,Rachael Longmore,F,790,218 reps,,218,United Kingdom,CrossFit Lacemakers,48
2608367,Elizabeth Gorth,F,791,218 reps,,218,Canada,CrossFit Châteauguay,39
1291591,Jennifer Dean,F,792,218 reps,,218,Australia,Reebok CrossFit Frankston,36
1234240,Patty Carter,F,793,218 reps,,218,Australia,CrossFit Huski,39
2080052,Maddi McLeod,F,794,218 reps,,218,Australia,CrossFit 505,28
1242980,Cindy Wilson,F,795,218 reps,,218,Australia,RFX Athletic CrossFit Bibra Lake,40
2948611,Monica Rodríguez Cortina,F,796,218 reps,,218,Spain,CrossFit Korriban,33
2618982,Rhiarna Harris,F,797,218 reps,,218,Australia,CrossFit 168,27
1990998,Ana Soriano Díez,F,797,218 reps,,218,Spain,Green Horse CrossFit,43
2452112,Shannon Bell,F,797,218 reps,,218,United Kingdom,Cattle Dog CrossFit,34
2951883,Aoife Malone,F,797,218 reps,,218,Ireland,CrossFit Southend,28
1896096,Michelle Field,F,1851,170 reps,,170,United Kingdom,CrossFit Devizes,41
955304,Olivia Nixon,F,1852,170 reps,,170,United States,CrossFit South Cherry,35
2607191,Anita Sheppard,F,1853,170 reps,,170,Australia,CrossFit Roar,45
2965351,Kelle Hares,F,1854,170 reps,,170,United Kingdom,CrossFit Niner,38
2352071,Tammy Campbell,F,1854,170 reps,,170,Australia,565 CrossFit,46
2490103,Jina Rabie,F,1854,170 reps,,170,Australia,CrossFit Chocolate Box,41
2902626,Alejandra Pazmino,F,1854,170 reps,,170,Ecuador,CrossFit Brisbane,34
2936527,Elaine Agenbag,F,1858,169 reps,,169,South Africa,CrossFit Artaxes,26
2600346,Roberta McDonald,F,1859,169 reps,,169,Australia,CrossFit Confront,47
2786725,Carla Barroso,F,1860,169 reps,,169,Spain,CrossFit Llucmajor,28
2199112,Laurel Bruce-Hay,F,1861,169 reps,,169,United Kingdom,X Lab CrossFit Worthing,37
2904364,Katie Baxter,F,1862,169 reps,,169,United Kingdom,CrossFit Resplendent,33
2519395,Abbi Roseburgh,F,1863,169 reps,,169,United Kingdom,CrossFit JXL,26
251513,Vanessa Tanner,F,1864,169 reps,,169,United Kingdom,CrossFit Tunbridge Wells,42
1204419,Elibel Colon,F,1865,169 reps,,169,Dominican Republic,STI CrossFit,34
2912810,Marion Deplanque,F,1865,169 reps,,169,France,CrossFit LXII,38
2659422,Emma Buck,F,1867,169 reps,,169,United Kingdom,CrossFit Grantham,36
2178453,Reignier Audrey,F,1867,169 reps,,169,France,CrossFit Sleipnir,38
2006466,Adina Ungureanu,F,1867,169 reps,,169,Romania,CrossFit Fabric,42
827191,Kate Boyle,F,1870,169 reps,,169,Australia,CrossFit Shellharbour City,47
2783451,Cheryl NICHOLS,F,1871,169 reps,,169,Australia,CrossFit Dubbo,46
2946109,Rachel Sawtell,F,1872,169 reps,,169,Australia,Samford Valley CrossFit,45
2936445,Christina Bradshaw,F,1873,169 reps,,169,Ireland,CrossFit Green,26
2218379,Nicole Robinson,F,1874,169 reps,,169,United Kingdom,CrossFit B76,33
2259700,Karlie Hutson,F,1875,169 reps,,169,United States,South Island CrossFit,44
2965025,Gemma Quartermaine,F,1876,169 reps,,169,United Kingdom,CrossFit WDN,30
2936098,Vanessa Tirant,F,1877,169 reps,,169,Australia,CrossFit Western Front,29
1758853,Erin Soutter,F,1878,169 reps,,169,Australia,CrossFit Braybrook,36
2678912,Holly HARRIS,F,1879,169 reps,,169,Australia,CrossFit Sisyphus,18
1609899,Ana Leo,F,1880,169 reps,,169,Portugal,CrossFit Albufeira,38
2965168,Nicola Crowshaw,F,1881,169 reps,,169,United Kingdom,CrossFit Niner,47
2957441,Tori Chaney,F,1881,169 reps,,169,New Zealand,CrossFit Porirua,28
2613162,Nicoly Cavalim Alves,F,1881,169 reps,,169,Brazil,Trust CrossFit,17
2642641,Ellen Koerner,F,1881,169 reps,,169,United States,Grand Trunk CrossFit,47
2928131,Chiyuri KUGAWA,F,1881,169 reps,,169,Japan,,32
2915289,Aria McNamara,F,1881,169 reps,,169,New Zealand,Tasman Bay CrossFit,22
2783906,Bàrbara Aguiar Kriginsky,F,1881,169 reps,,169,Spain,CrossFit Llucmajor,32
374600,Clare Carruthers,F,1881,169 reps,,169,United Kingdom,CrossFit Northumbria,45
2906967,Gabriela Gama de Santana Silva,F,1881,169 reps,,169,Ireland,Workshop CrossFit,33
2919016,Ashley Ellerman,F,1890,168 reps,,168,United States,Samurai CrossFit,31
2908743,Jess Scott,F,1891,168 reps,,168,Australia,CrossFit Moose Fitness,32
2840348,Ffion Levett,F,1892,168 reps,,168,United Kingdom,CrossFit FFH,37
2822573,Luci Bochow,F,1893,168 reps,,168,Australia,CrossFit Tide Athletic,40
2911586,Nadège Liesens,F,1894,168 reps,,168,Switzerland,CrossFit Lausanne,39
2352649,Bianca Lang,F,1895,168 reps,,168,Australia,CrossFit Release,50
2814201,Teagan Zurawel,F,1896,168 reps,,168,Australia,CrossFit Barwon,19
2790070,Sarah Wypiszynski,F,1897,168 reps,,168,United States,CrossFit Winnebago,37
1600279,Kate Morton,F,1898,168 reps,,168,Australia,CrossFit Knoxfield,35
2825182,Sarah Rogatski,F,1899,168 reps,,168,New Zealand,Plus64 CrossFit,29
2970802,Lee Nahee,F,1900,168 reps,,168,Korea (the Republic of),CrossFit ULU,38
2947741,Georgia Bostock,F,1551,184 reps,,184,United Kingdom,,27
1686515,Nikki Moulston,F,1551,184 reps,,184,Australia,CrossFit 2444,53
2915478,Heather Mayne,F,1551,184 reps,,184,United Kingdom,BearWalden CrossFit,27
2907935,Fanny Molet,F,1551,184 reps,,184,France,CrossFit Saint Quentin,31
2841378,Niamh O'Donnell,F,1551,184 reps,,184,Ireland,CrossFit Drumcondra,40
2302604,Eva Kujach,F,1556,183 reps,,183,France,TRIBOK CrossFit,25
2964248,Bea Seitz,F,1557,183 reps,,183,United States,CrossFit Mandeville,24
2825378,Isla Honor,F,1558,183 reps,,183,Australia,CrossFit Minerva Erina,16
2471119,Natalie Fraser,F,1559,183 reps,,183,Australia,Peak Project CrossFit,48
2638484,Kayla Sidorski,F,1560,183 reps,,183,United States,CrossFit 1876,32
2710367,Kristiina Värv,F,1561,183 reps,,183,Estonia,CrossFit Viljandi,34
994719,Caroline Waker,F,1562,183 reps,,183,United Kingdom,,46
1366130,Kacey Delcamp,F,1563,183 reps,,183,United States,CrossFit New Albany,43
2804500,Teagan Lawson,F,1564,183 reps,,183,Australia,CrossFit Rox,29
2783172,Emily Floyd,F,1565,183 reps,,183,United Kingdom,CrossFit Structure,46
2807260,Laetitia Buclon,F,1566,183 reps,,183,France,CrossFit Trévoux,43
2806474,Becky Whittle,F,1567,183 reps,,183,United Kingdom,Wakefield CrossFit,30
1694604,Karen Bischof,F,1568,183 reps,,183,Australia,Peak Project CrossFit,51
2946340,Liv Darby,F,1569,183 reps,,183,Australia,CrossFit Claremont,30
2960722,Maebh Hennessy,F,1570,183 reps,,183,Ireland,CrossFit Coogee 2034,29
2336794,Jules Hall,F,1570,183 reps,,183,Australia,CrossFit Knoxfield,43
2910371,Ruth Spencer,F,1572,183 reps,,183,United Kingdom,732 CrossFit,44
2952880,Marina Debomy,F,1573,183 reps,,183,France,CrossFit LXII,36
2961005,Rhian Monteith,F,1574,183 reps,,183,United Kingdom,,47
2914604,Keeley Nunn,F,1574,183 reps,,183,United States,CrossFit 717,18
2909644,Ludovica Picarone,F,1574,183 reps,,183,Italy,Great Wave CrossFit,26
2968682,Mercedes Tordesillas perez,F,1577,182 reps,,182,Spain,CrossFit Colmenar Viejo,39
2908744,Mélanie Monnerie,F,1578,182 reps,,182,France,CrossFit Rompsay,25
2796098,Lucy Coleman,F,1579,182 reps,,182,United Kingdom,CrossFit IOW,36
2217358,Alisa Tucker,F,1580,182 reps,,182,Australia,CrossFit Escape,39
2073053,Celina Pettersen,F,1581,182 reps,,182,United States,CrossFit Trinity,41
2754523,Zeneva Schindler,F,1582,182 reps,,182,United States,,34
163829,Kimberly Smith,F,1583,182 reps,,182,United States,CrossFit Newtown,54
2922442,Charlotte Abraham,F,1584,182 reps,,182,United Kingdom,CrossFit Mendip,24
1573722,Jorja Lowe,F,1585,182 reps,,182,Australia,CrossFit Uplift,30
2854825,songyi han,F,1586,182 reps,,182,Korea (the Republic of),CrossFit Gangnam,36
136643,Mandy Eacott,F,1587,182 reps,,182,Australia,BTS CrossFit,47
2836851,Meike Maarseveen,F,1588,182 reps,,182,Australia,CrossFit Raven,39
1244226,Marcela Bonadio,F,1589,182 reps,,182,United Kingdom,CrossFit Fareham,46
2641969,Nikki Stewart,F,1590,182 reps,,182,United Kingdom,I Am The Project CrossFit,45
2918775,Erin Leigh,F,1591,182 reps,,182,United Kingdom,Coast Side CrossFit,38
11585,Adrienne Kahrs,F,1592,182 reps,,182,United States,CrossFit Fit Farm,45
2918403,Kelly Harman,F,1593,182 reps,,182,United Kingdom,CrossFit Thame,33
2836692,Tegan Brownie,F,1594,182 reps,,182,Australia,CrossFit HBZ,28
1285575,Jung Sunyoung,F,1594,182 reps,,182,Korea (the Republic of),CrossFit South Swell,50
1767830,Rachel Hogben,F,1594,182 reps,,182,Australia,CrossFit Cranbourne,44
2972771,Mel Lawley,F,1597,181 reps,,181,United Kingdom,,40
2972131,Victoria Baskin,F,1598,181 reps,,181,Ireland,,31
2533792,Renee Malyon,F,1599,181 reps,,181,Australia,Fuse CrossFit,47
1676728,Daymi Muñiz,F,1600,181 reps,,181,United States,CrossFit 53,33
2815135,Stefanie Schädler,F,2151,156 reps,,156,Switzerland,CrossFit Quivelda,31
2958626,Shannon Van Aardt,F,2152,156 reps,,156,South Africa,CrossFit 360Vida,33
2938570,Natalia Zacchei,F,2153,156 reps,,156,Switzerland,,42
2783106,Michelle Durazo,F,2153,156 reps,,156,Italy,CrossFit Mougins,44
2911666,Karolina Wychowaniec,F,2153,156 reps,,156,Poland,CrossFit New Dogs Gym,33
2365946,Ginnie Parker,F,2153,156 reps,,156,New Zealand,Tasman Bay CrossFit,39
2822442,Qian wang,F,2157,155 reps,,155,China,CrossFit Sai Lei,30
2809544,Lok Yee Lam,F,2158,155 reps,,155,"Hong Kong, China",CrossFit Burleigh,37
2837449,Melissa Rodriguez,F,2159,155 reps,,155,El Salvador,CrossFit Zoi,25
2945127,Fanny Théau,F,2160,155 reps,,155,France,CrossFit Sleipnir,34
1924162,Kilisitina Miller,F,2161,155 reps,,155,United States,Shogun CrossFit,40
2546215,Rachael Kerr,F,2162,155 reps,,155,United Kingdom,The Northman CrossFit,38
2700777,Miriam Stubenvoll,F,2163,155 reps,,155,Germany,CrossFit Helden,50
2934078,Lucy Clements,F,2164,155 reps,,155,Australia,CrossFit Wollongong,28
2822043,Rose Crevier-Dagenais,F,2164,155 reps,,155,Canada,CrossFit Caribou,33
2822654,Emma Fleming,F,2166,155 reps,,155,United Kingdom,CrossFit JXL,45
2808582,Laure Dirringer,F,2167,155 reps,,155,France,CrossFit des Bûcherons,30
2921443,Rachael Harris,F,2167,155 reps,,155,Australia,CrossFit Union Ellenbrook,40
2926225,EMILIE SAGET,F,2169,155 reps,,155,France,Berus CrossFit,41
399044,Sam Ward,F,2170,155 reps,,155,Australia,CrossFit Virtuous,47
2961905,Adele Sales,F,2170,155 reps,,155,United Kingdom,Coast Side CrossFit,35
2927733,Leyla Radu,F,2170,155 reps,,155,Australia,Macarthur CrossFit,37
2920240,Jemima Michell,F,2170,155 reps,,155,Australia,Mid Mountains CrossFit,28
2907179,Marisa Betti,F,2170,155 reps,,155,Italy,CrossFit Mango Lemon,30
2843992,Lara Williams,F,2170,155 reps,,155,United Kingdom,RH10 CrossFit,31
2906100,Linda Mellina,F,2176,154 reps,,154,Luxembourg,CrossFit Bear Crawl,38
2827329,Claudia Milazzo,F,2177,154 reps,,154,Italy,Reebok CrossFit Alcamo,37
1069122,Rhianna Jackson,F,2177,154 reps,,154,United Kingdom,CrossFit Chew Valley,33
2936996,Nicoleta Balan,F,2179,154 reps,,154,Romania,CrossFit Fabric,31
2478578,Meiry Senna,F,2180,154 reps,,154,Brazil,Reino CrossFit,33
2942390,Richter Claire,F,2181,154 reps,,154,France,CrossFit Autricum,28
2001514,Zsa-Zsa Jaquire,F,2182,154 reps,,154,South Africa,CrossFit TPF,37
2793148,Leslie Krief,F,2183,154 reps,,154,Thailand,Hundred Ten CrossFit,41
2199482,Sophie Allimonier,F,2184,154 reps,,154,France,CrossFit Chartres,43
2814888,Tracey Kelsall-Morris,F,2185,154 reps,,154,New Zealand,H1 CrossFit,36
2962085,Viola Arena,F,2186,154 reps,,154,Italy,CrossFit Efesto,30
626649,Maria Dawson,F,2186,154 reps,,154,United States,CrossFit Unrestrained,52
124368,Clare Power,F,2188,154 reps,,154,Australia,Wolfe Den CrossFit,50
1562746,Kitty Murphy,F,2189,154 reps,,154,United Kingdom,CrossFit CrossAxed,21
2829157,Milly Ferdinand,F,2190,154 reps,,154,Australia,Two Wolf CrossFit,30
2961087,Lucie IUNG,F,2191,154 reps,,154,France,CrossFit Nancy,21
2942310,Carla Carratu,F,2192,154 reps,,154,South Africa,CrossFit PFC,21
2177363,Joeun Lee,F,2192,154 reps,,154,Korea (the Republic of),CrossFit Apgujeong,38
2965132,Line Hansen,F,2194,154 reps,,154,Norway,CrossFit Lilleaker,48
2950282,Emily Clark,F,2194,154 reps,,154,United States,CrossFit Sierra Vista,35
1204521,Alejandra Zetina,F,2194,154 reps,,154,Mexico,CrossFit 520 Kairos,38
133143,Hanna Uusitalo,F,2197,154 reps,,154,Finland,CrossFit Oulu,47
781709,Melissa Pádua,F,2197,154 reps,,154,Brazil,Terminal 1 CrossFit,47
2956825,Verónica García Acedo,F,2199,154 reps,,154,Spain,CrossFit Olavide,33
2945070,Georgia Armsby,F,2200,154 reps,,154,United Kingdom,NOMADIC TC CrossFit,30
335367,Maddy Whyte,F,1801,172 reps,,172,Australia,CrossFit Karuna,30
2912294,Jessika Raudaskoski,F,1802,172 reps,,172,Finland,CrossFit Oulu,28
2920300,Marion VOISIN,F,1803,172 reps,,172,France,Makitha CrossFit,29
2846541,Thi-yen Valli,F,1803,172 reps,,172,France,CrossFit Porto Vecchio,21
2971842,Jacinta Lange,F,1805,172 reps,,172,Australia,CrossFit 4720,27
2197478,Jennifer Marusic,F,1805,172 reps,,172,United States,CrossFit Skirmish,49
2913201,Amy Rennell,F,1807,172 reps,,172,New Zealand,Remuera CrossFit,46
2774305,Patrícia Bazei,F,1808,172 reps,,172,Brazil,CrossFit High Pulse,38
2918817,Sonia Vickers,F,1809,172 reps,,172,Australia,CrossFit Knoxfield,44
2648954,Laura Ballantyne,F,1810,172 reps,,172,United Kingdom,CrossFit Alpha Wolf,45
2797640,Nicola Schmechel,F,1811,172 reps,,172,United Kingdom,CrossFit JST,40
2760854,Sarah Inman,F,1812,172 reps,,172,United Kingdom,CrossFit Chocolate Box,30
2008704,Miss Cheng,F,1813,172 reps,,172,United Kingdom,CrossFit Solent,46
2791460,Nikoleta Komelidou,F,1814,172 reps,,172,Belgium,CrossFit Aspis,42
2479382,Naiara Piassi,F,1814,172 reps,,172,Brazil,Reino CrossFit,37
2391525,Caitlin Manning,F,1816,172 reps,,172,Australia,CrossFit Huski,28
2925952,Michelle Smith,F,1816,172 reps,,172,United Kingdom,CrossFit Moira,37
2907378,Chloe Williams,F,1816,172 reps,,172,Australia,CrossFit Dubbo,22
1958150,Christine Reinsch,F,1816,172 reps,,172,Germany,CrossFit Peak Vitality HD,41
2948748,Xavier Su'a,F,1820,171 reps,,171,New Zealand,CrossFit Narellan,31
28313,Melissa Simmons,F,1821,171 reps,,171,United States,OP CrossFit,48
2936210,Milly Madden,F,1822,171 reps,,171,Australia,CrossFit 4551,33
2167243,Francine MARECHAL,F,1823,171 reps,,171,France,CrossFit Beaune,53
2784879,Jordan Thatcher,F,1824,171 reps,,171,Australia,CrossFit Motion,26
2831161,Kirsty Shields,F,1825,171 reps,,171,United Kingdom,CrossFit Glenrothes,29
2196518,Kate Hirons,F,1826,171 reps,,171,United Kingdom,X Lab CrossFit Worthing,36
2681437,Maud GOURY,F,1827,171 reps,,171,France,TRIBOK CrossFit,38
1208478,Sarah Green,F,1828,171 reps,,171,Australia,Sonder CrossFit,42
2803313,Chelsea Kelly,F,1829,171 reps,,171,United Kingdom,CrossFit Huntsman,38
2791537,Lizzie Boyd,F,1830,171 reps,,171,United Kingdom,CrossFit Connect,37
2621644,Bec Vee,F,1831,171 reps,,171,Australia,,39
2930966,Fang Fang,F,1832,171 reps,,171,Thailand,CrossFit Peak 365,41
2916675,Simona Horáková,F,1832,171 reps,,171,Slovakia,CrossFit Runway,31
2806243,Niurka Lucrezia,F,1834,171 reps,,171,Switzerland,CrossFit Lausanne,52
2683377,Kaycee Nash,F,1835,171 reps,,171,Australia,,27
2858156,Alexia Hourcade,F,1835,171 reps,,171,France,CrossFit Oloron Sainte Marie,28
2813324,Lina Janušienė,F,1835,171 reps,,171,Lithuania,SunCity CrossFit,39
2907842,Clare Chown,F,1835,171 reps,,171,United Kingdom,CrossFit Northumbria,28
2096986,Jade Ramirez,F,1839,170 reps,,170,United States,Samurai CrossFit,26
2910268,Rachel Poole,F,1840,170 reps,,170,United Kingdom,732 CrossFit,41
2932138,Nina Jung,F,1841,170 reps,,170,Australia,Hive Active CrossFit,41
2661660,Vanessa Lafresiere,F,1842,170 reps,,170,France,CrossFit Saint Georges d'Orques,45
2850250,Mili Pesahovich,F,1843,170 reps,,170,Israel,CrossFit Rishon City,26
2829350,Chloe George,F,1844,170 reps,,170,United Kingdom,CrossFit Solent,36
2965055,Heather McLeod,F,1845,170 reps,,170,Australia,CrossFit CADC,25
2476793,Giulia Gnetti,F,1846,170 reps,,170,Italy,CrossFit Efesto,34
226866,Tracy Porrevecchio,F,1847,170 reps,,170,United States,,51
2905690,Abby Wilson,F,1848,170 reps,,170,Australia,CrossFit Hijacked,21
2942788,Ana De Dios Rojas,F,1849,170 reps,,170,Spain,CrossFit Structure,30
1085926,Valerie Santos,F,1850,170 reps,,170,United States,CrossFit Solano,50
2911811,Cara Finn,F,3601,135 reps - s,,135,United States,CrossFit LYFE,43
2908409,Sari Lomax,F,3602,135 reps - s,,135,Canada,York County CrossFit,40
2177497,Annemarie Murrell,F,3603,135 reps - s,,135,Australia,CrossFit Bairnsdale,35
2809428,Kristy Jackson,F,3604,134 reps - s,,134,United States,Centered CrossFit,44
2908845,Rebecca Porter,F,3605,133 reps - s,,133,United Kingdom,KTC CrossFit,40
2963075,Viviana Beltran Padin,F,3606,133 reps - s,,133,Puerto Rico,CrossFit Naranjito,52
2828300,Jill Anayas,F,3607,133 reps - s,,133,United States,CrossFit Envision,48
2134346,Katie Galvin,F,3608,133 reps - s,,133,Australia,CrossFit Noosa,38
2409576,Caroline Santos Ribeiro,F,3609,132 reps - s,,132,Brazil,CrossFit Carcará,34
2403926,Rozanne Bishop,F,3610,132 reps - s,,132,South Africa,Northcliff CrossFit,44
2786200,Belinda Wallace,F,3611,132 reps - s,,132,Australia,CrossFit Shellharbour City,44
1998051,Sarah Larsen,F,3612,132 reps - s,,132,United States,CrossFit Hartford,45
2660377,Hanna Nolze,F,3613,132 reps - s,,132,Germany,CrossFit Elmshorn,50
1257514,Sally Bentley,F,3614,132 reps - s,,132,Australia,CrossFit Southern Highlands,47
2918026,Sisi Shao,F,3615,132 reps - s,,132,China,CrossFit Moo 2,31
2945451,Salomé Belin,F,3616,131 reps - s,,131,France,Virtus Honor CrossFit,28
2951743,Genevieve Blandin de Chalain,F,3617,131 reps - s,,131,Australia,CrossFit 2340,24
2796412,Samantha Huffer,F,3618,130 reps - s,,130,Australia,CrossFit Warrnambool,30
2397989,Kathrin Senff,F,3619,130 reps - s,,130,Germany,CrossFit Erlangen,51
2795593,Hennie Van den Boogaard,F,3620,129 reps - s,,129,Netherlands,CrossFit Uden,43
2953934,RIEKO SHIBANO,F,3621,129 reps - s,,129,Japan,CrossFit Akishima,39
1969932,Coralie Merven,F,3622,129 reps - s,,129,Mauritius,CrossFit Tamarin,48
2270584,Irene Hudson,F,3623,128 reps - s,,128,Estonia,Six Hills CrossFit,42
2436694,Kayla Wiese,F,3624,128 reps - s,,128,South Africa,Red X CrossFit,19
2917622,Sumaiya Rahman,F,3625,128 reps - s,,128,United Kingdom,CrossFit Beowulf,38
2927318,Jessica Auslander,F,3626,127 reps - s,,127,United States,CrossFit Doors of Daring,46
2973006,Teresa Ball,F,3627,126 reps - s,,126,United States,CrossFit Rhema,48
2636504,Maddie Eastman,F,3628,126 reps - s,,126,Australia,CrossFit Bairnsdale,35
2904008,Céline GESRET,F,3629,126 reps - s,,126,France,Berus CrossFit,52
1542944,Sara Hall,F,3630,126 reps - s,,126,United States,Red Hills CrossFit,38
702877,Tamieka Patterson,F,3631,126 reps - s,,126,United States,NorBeau CrossFit,49
1382801,SARAI FLORES,F,3632,126 reps - s,,126,United States,IronShield CrossFit,32
2611926,Rachel Dempsey,F,3633,126 reps - s,,126,Australia,CrossFit TRG,35
2972026,katie mccormick,F,3634,126 reps - s,,126,United Kingdom,Central Staffs CrossFit,41
2920348,寶琇 洪,F,3635,125 reps - s,,125,Chinese Taipei,CrossFit Six-Forty,33
2952186,Marie Talbot,F,3636,125 reps - s,,125,Australia,CrossFit Kaya,49
2903740,Marie Schmitt,F,3637,124 reps - s,,124,France,Berus CrossFit,50
2935877,Maria Brashear,F,3638,124 reps - s,,124,United States,Explicit CrossFit,47
2963449,Charlie Masse,F,3639,122 reps - s,,122,Canada,CrossFit Northern ICE,17
2943634,Noelle Rubiano,F,3640,122 reps - s,,122,United Kingdom,CrossFit Tamworth,33
2963786,은수 송,F,3641,121 reps - s,,121,Korea (the Republic of),CrossFit Vulcan,37
2873599,Rei Yasuda,F,3642,121 reps - s,,121,China,CrossFit Roppongi,25
2242720,Lindsey Balson,F,3643,121 reps - s,,121,United States,CrossFit Hampton Roads,32
2965468,Natalie Hall,F,3644,120 reps - s,,120,United Kingdom,CrossFit Alpha Wolf,40
2903827,Nienke Klok,F,3645,120 reps - s,,120,Netherlands,CrossFit SoWieSo,34
2911073,Carolyn Charlton,F,3646,120 reps - s,,120,United Kingdom,CrossFit Alpha Wolf,53
2453688,Sophie MENESTREAU,F,3647,120 reps - s,,120,France,Two Goats CrossFit,28
2924495,Mariella Abrahamsson,F,3647,120 reps - s,,120,Sweden,CrossFit Sickla,47
2802176,Lauren Barker,F,3649,119 reps - s,,119,Australia,CrossFit Warrnambool,43
826218,Sarah Val,F,3650,119 reps - s,,119,United States,South Island CrossFit,47
2941457,Gina Geiser,F,3551,144 reps - s,,144,Germany,Zündstoff CrossFit,33
2957727,Thantharee Pitipantarat,F,3552,144 reps - s,,144,Thailand,Power Up CrossFit,42
2786986,Åsa Berg,F,3553,144 reps - s,,144,Sweden,CrossFit Sickla,54
2594594,hayley gregory,F,3554,144 reps - s,,144,Australia,CrossFit Dungeon,39
2845611,Jessica Collett,F,3555,144 reps - s,,144,Australia,CrossFit Armidale,38
2949055,SARA BRUM,F,3556,144 reps - s,,144,Brazil,CrossFit Blumenau,19
2947582,Charlotte Gourgeot,F,3557,144 reps - s,,144,France,CrossFit Histía,28
2920452,Laura Bascor,F,3557,144 reps - s,,144,France,CrossFit Teli 300,24
2052413,Nicolette Montano,F,3559,144 reps - s,,144,United States,BeachSide CrossFit,42
2928719,Iris Wever-de Brouwer,F,3560,144 reps - s,,144,Netherlands,CrossFit Geldrop,30
2837170,Michelle Mann,F,3561,144 reps - s,,144,United States,CrossFit En Fuego,37
1935237,Shara Gilbert,F,3561,144 reps - s,,144,Israel,CrossFit Gush Etzion,49
2972990,Lucy Higgins,F,3563,144 reps - s,,144,United States,,26
2938157,Roni Lahav,F,3563,144 reps - s,,144,Israel,YV CrossFit Afula,44
2964524,Rachel Gillihan,F,3565,143 reps - s,,143,United States,,16
2959783,Georgia Reardon,F,3566,143 reps - s,,143,Australia,PBTL CrossFit,29
2840613,Abbi Farris,F,3567,142 reps - s,,142,United Kingdom,CrossFit Tunbridge Wells,34
2595055,Florence Ozenne,F,3568,142 reps - s,,142,France,CrossFit Mougins,29
2824622,Choi san Chan,F,3569,142 reps - s,,142,Australia,,40
2915564,Fay Mayo,F,3570,141 reps - s,,141,United Kingdom,CrossFit Penzance,40
2905625,Manon Graventein,F,3571,141 reps - s,,141,Netherlands,CrossFit SoWieSo,27
2785443,Doris Yang,F,3572,141 reps - s,,141,Chinese Taipei,WP ZouHui CrossFit,29
2948883,Shanda Arnder,F,3573,140 reps - s,,140,United States,Brushy Mountain CrossFit,42
2944770,Lily Grech,F,3574,140 reps - s,,140,Australia,CrossFit Dauntless,26
2948503,Rebekah Booth,F,3575,140 reps - s,,140,United Kingdom,CrossFit Lacemakers,48
2166509,Audrey Galang,F,3576,140 reps - s,,140,United States,CrossFit Bison,50
2669668,Silvia Galetti,F,3577,139 reps - s,,139,Italy,CrossFit Iris,33
2925556,Lavinia Salama,F,3578,139 reps - s,,139,United States,,28
1266088,Heather Barlow,F,3579,139 reps - s,,139,United States,CrossFit Auburndale,39
2558231,Barbara Serra,F,3580,138 reps - s,,138,Italy,NAMA CrossFit,41
1370006,Kaitlyn Vogel,F,3580,138 reps - s,,138,United States,CrossFit Pordenone,35
2922613,Chantel Mineo,F,3582,138 reps - s,,138,Australia,Sonder CrossFit,44
2650311,Lufuno Likhanya,F,3583,138 reps - s,,138,South Africa,CrossFit Alberton 2.0,29
2361537,Nikki Trevorrow,F,3583,138 reps - s,,138,United Kingdom,CrossFit Sonning Common,32
2942641,Jane Taylor,F,3585,137 reps - s,,137,United Kingdom,CrossFit Glasgow,27
2948396,Katrina Udell,F,3586,137 reps - s,,137,Australia,,40
2950074,Natalia Hanson,F,3587,136 reps - s,,136,Canada,Train to Reign CrossFit,38
1871880,Jackie Kennedy,F,3588,136 reps - s,,136,Australia,CrossFit Might,42
2930994,Sybilla Niewęgłowska,F,3589,136 reps - s,,136,Poland,CrossFit Black Ground,44
2923869,Clevi Brito,F,3590,136 reps - s,,136,Australia,CrossFit Hallam,42
2922609,Bree Healey,F,3591,136 reps - s,,136,Australia,Sonder CrossFit,48
2796585,Payal Jain,F,3592,136 reps - s,,136,India,CrossFit Mend,33
2940603,Amrouche Salhia,F,3593,136 reps - s,,136,France,CrossFit Histía,30
2888442,Lyndi Theunissen,F,3594,136 reps - s,,136,South Africa,NorSub CrossFit,31
2459926,Jenna Mainwaring,F,3595,136 reps - s,,136,Australia,CrossFit Bounce,38
2942909,Ellie Dodson,F,3596,135 reps - s,,135,Australia,CrossFit Erupt,22
2950450,Sanela Hafez,F,3597,135 reps - s,,135,Canada,CrossFit Etobicoke,44
2829371,Casey Kocher,F,3598,135 reps - s,,135,United States,CrossFit Fairport,23
2205830,Kana Tachibana,F,3599,135 reps - s,,135,Japan,CrossFit Roppongi,36
2927880,Sharon Borcharft,F,3600,135 reps - s,,135,Australia,CrossFit Gunnedah,42
2681248,Tara Fraher,F,300,247 reps,,247,Ireland,T12 CrossFit,25
2916476,Mel Brans,F,300,247 reps,,247,Australia,RFX Athletic CrossFit Bibra Lake,34
985366,Sinead McCloskey,F,303,246 reps,,246,United Kingdom,CrossFit Belfast,45
2517862,Valentina Segatto,F,304,246 reps,,246,Italy,CrossFit Pordenone,30
2684044,Tessa Clarke,F,305,246 reps,,246,United Kingdom,CrossFit Wolverhampton,38
1954092,Elizabeth Lennox,F,305,246 reps,,246,United Kingdom,CrossFit 4TC,40
2266245,Amaya Fordham,F,307,246 reps,,246,Australia,,28
2841424,Mélanie Guillet,F,307,246 reps,,246,France,CrossFit Bourg-en-Bresse,37
2174196,Melissa Leer,F,309,246 reps,,246,Norway,CrossFit Oslo Kriger,26
2831580,Abby Hincks,F,310,246 reps,,246,Australia,Grit Performance CrossFit,26
1545706,Hikaru Shirafuji,F,311,246 reps,,246,Japan,Port Tower CrossFit,28
2843615,Celine Hinault,F,312,246 reps,,246,France,CrossFit Callisto,36
2790991,India Barker,F,313,246 reps,,246,Australia,CrossFit Arete,26
2533268,Catharina Jennings,F,314,245 reps,,245,Germany,CrossFit Speakeasy,44
2713249,Kim Jiyeon,F,315,245 reps,,245,Korea (the Republic of),CrossFit BYOH,40
1665852,Kristen Knaack,F,315,245 reps,,245,United States,CrossFit Boro,25
1778446,Julie Milner,F,317,245 reps,,245,United States,CrossFit Charlton,32
2002030,Kayla Meyer,F,317,245 reps,,245,United States,Double Diamond CrossFit,19
2922958,Ellecia Starr,F,317,245 reps,,245,United Kingdom,CrossFit Structure,27
2384768,Emma Foster,F,320,245 reps,,245,United Kingdom,CrossFit Club Bunker,37
1930010,Emma Martineau,F,321,245 reps,,245,France,CrossFit Sandy Coast,24
2242959,Naomi Gaston,F,322,245 reps,,245,Ireland,CrossFit Posibl,44
1566888,Marjorie Depraz,F,323,245 reps,,245,France,Summum CrossFit,28
1965919,Ana Julia Bruno,F,324,245 reps,,245,Brazil,CrossFit Monstros,32
2789253,paula newell,F,325,245 reps,,245,Ireland,CrossFit Limitless,46
2592957,Millie McNamara,F,326,244 reps,,244,Australia,CrossFit Torian,23
2638543,Erika FRANCAIS,F,327,244 reps,,244,France,CrossFit Lead Your Life,44
2806946,Brogan Manning,F,327,244 reps,,244,United Kingdom,CrossFit Monarch Borough Parade,34
2593530,Jess Burlingame,F,329,244 reps,,244,United States,CrossFit Mendota,29
2010651,Haylee Cocker,F,330,244 reps,,244,Australia,,33
2949459,Bronte Jones,F,330,244 reps,,244,United Kingdom,CrossFit Braze,26
2859056,Sarah Jessiman,F,332,244 reps,,244,Australia,,26
2706235,STALDER Dorothée,F,333,244 reps,,244,France,CrossFit ONE Zone,43
2907488,Tameeka Stewart-Yung,F,334,244 reps,,244,Australia,CrossFit Tide Athletic,26
2472769,Charlotte King,F,335,244 reps,,244,New Zealand,CrossFit Athletic,33
2919851,Lucy Styles,F,336,244 reps,,244,United Kingdom,Second City CrossFit,34
2607024,Bella Day,F,337,244 reps,,244,New Zealand,Carbon Method CrossFit,25
162344,Si Hye Kim,F,337,244 reps,,244,Korea (the Republic of),CrossFit Teddygym,38
2922933,Ally Wood,F,339,244 reps,,244,Australia,,27
396993,Janaya Nikora,F,340,244 reps,,244,New Zealand,CrossFit Western Front,36
2846226,Kenna Lindegger,F,341,244 reps,,244,Australia,CrossFit Huey,26
2228444,Elisa Matias,F,341,244 reps,,244,Portugal,CrossFit Parque das Nações,40
2224760,Caitlyn Earea,F,341,244 reps,,244,Australia,CrossFit Southend,27
2608129,Khiari Hind,F,341,244 reps,,244,France,CrossFit Le Chaudron,33
1793192,Laura Hou,F,345,243 reps,,243,Australia,CrossFit Coastal Edge,31
960979,Viktoriia Saveleva,F,345,243 reps,,243,France,CrossFit Voreppe,34
1312301,Kathryn Marks,F,347,243 reps,,243,Australia,CrossFit Bounce,37
2277618,Hannah Farrelly,F,348,243 reps,,243,Ireland,CrossFit Southend,28
2961885,Ilse Van der ham,F,349,243 reps,,243,Netherlands,CrossFit Weert,27
2682110,Lucy Renwick,F,350,243 reps,,243,United Kingdom,CrossFit Humber,36
2674025,Felicity Robinson,F,701,222 reps,,222,Australia,Grit Performance CrossFit,29
2482353,Inseon Yeom,F,702,222 reps,,222,Korea (the Republic of),CrossFit Spring Camp,30
2237030,Gaudin Isabelle,F,703,222 reps,,222,France,CrossFit Dunkerque,41
56852,Melissa Baranowski,F,704,222 reps,,222,United States,North Naples CrossFit,39
512656,Julia Moody,F,705,222 reps,,222,United States,CrossFit Cafe,38
2951849,Lydia Corbett,F,706,222 reps,,222,New Zealand,CrossFit 3216,21
2364033,Pip Haberlin,F,707,222 reps,,222,Australia,CrossFit Southend,27
2201314,Ria Bhanot,F,708,222 reps,,222,United Kingdom,CrossFit Orpington,33
1695755,Jess Döman,F,709,222 reps,,222,New Zealand,H1 CrossFit,41
2423420,Hannah Canady,F,710,222 reps,,222,United States,Iron and Ash CrossFit,31
2824695,Jade Hoffman,F,711,222 reps,,222,Australia,,46
2449457,Sammy Archer,F,712,222 reps,,222,United Kingdom,CrossFit Stalybridge,29
2971369,Tahlia Legradi,F,712,222 reps,,222,Australia,CrossFit Southend 2528,26
2224116,Camille Thiebaut,F,712,222 reps,,222,France,CrossFit Bourg-en-Bresse,33
2930807,Fanny Durand,F,712,222 reps,,222,France,CrossFit Maladium,25
1243891,Carla Bickerstaff,F,716,221 reps,,221,New Zealand,H1 CrossFit,31
1336189,Jasmin Anderson,F,717,221 reps,,221,Australia,CrossFit Soar,28
2965150,Mackenzie Batchelor,F,718,221 reps,,221,New Zealand,CrossFit Porirua,24
2339505,Carolina Leal,F,718,221 reps,,221,Portugal,CrossFit Black Edition,46
282882,Reann Shaw,F,720,221 reps,,221,Australia,CrossFit CADC,42
2724174,Tiffany Forbes,F,721,221 reps,,221,Australia,Concept CrossFit,36
2209733,Kelli Reilly,F,722,221 reps,,221,Australia,CrossFit Iron Lion,47
15785,Christina Contreras,F,723,221 reps,,221,United States,CrossFit Endure,48
2598219,Corinna Lorenz,F,723,221 reps,,221,Germany,CrossFit Kirkel,40
2598918,Yolande Bleeker,F,725,221 reps,,221,South Africa,Lions Bay CrossFit,37
2680919,Sarah OBrien,F,726,221 reps,,221,United States,Salty Hive CrossFit,36
1075978,Chante Gouws,F,727,221 reps,,221,South Africa,Lions Bay CrossFit,31
2178917,Lisa Zink,F,728,221 reps,,221,Germany,CrossFit Esslingen,33
1790137,Rachel Alvey,F,729,221 reps,,221,United States,,37
2972190,Kaidence Edworthy,F,730,221 reps,,221,Australia,Concept CrossFit,20
2774044,Eva DUVILLARD,F,731,221 reps,,221,France,CrossFit 2F,26
1975279,Georgia Cameron,F,732,221 reps,,221,Australia,Grit Performance CrossFit,19
2652363,Lucie Lavigne,F,732,221 reps,,221,France,CrossFit Vaise District,22
1075713,Marian Lively,F,732,221 reps,,221,United Kingdom,CrossFit Against the Fire,50
1984256,Stephanie Sankey,F,735,220 reps,,220,United States,,38
607316,Ash Birch,F,736,220 reps,,220,United Kingdom,CrossFit Bedford,39
2918278,Maria Dowson,F,737,220 reps,,220,United Kingdom,CrossFit OzBox,41
2943513,Geraldine Ang,F,738,220 reps,,220,Singapore,CrossFit RagTag,30
2934628,Renee Briggs,F,738,220 reps,,220,Australia,Dialogue CrossFit,26
2801293,Laura Hill,F,738,220 reps,,220,United Kingdom,CrossFit Northumbria,28
2235909,Abigail Quirin,F,741,220 reps,,220,United States,CrossFit Iron Flag,27
2177365,Laura Williams,F,742,220 reps,,220,Australia,CrossFit Brisbane,35
2399226,Jordyn McCrea,F,742,220 reps,,220,Canada,,33
1910392,Kate Ruppert,F,744,220 reps,,220,United States,,32
2972489,Flora Porter,F,745,220 reps,,220,United Kingdom,CrossFit MSQD,38
2597624,Jenna Creed,F,746,220 reps,,220,Australia,CrossFit 505,36
2672072,Emily Chaffey,F,747,220 reps,,220,United Kingdom,CrossFit PRL,28
2915998,Danielle Rubiano,F,748,220 reps,,220,United Kingdom,BKW CrossFit,35
1963018,Erin Jones,F,749,220 reps,,220,Australia,CrossFit Southend,47
2672521,Lauren Dick,F,750,220 reps,,220,United Kingdom,Boundary CrossFit 2,32
2910980,Haze Burke,F,1100,202 reps,,202,United Kingdom,Mudeford Quay CrossFit,44
283651,Fiona Whelan,F,1102,202 reps,,202,Ireland,CrossFit Ostmen,40
2430632,Micaela Duarte,F,1103,202 reps,,202,Portugal,5.7 CrossFit,42
2794729,Taylor Dobson,F,1104,202 reps,,202,United Kingdom,Aeternum CrossFit,30
2850925,Claire Leyden-Duval,F,1105,201 reps,,201,Australia,CrossFit 5451,36
1343171,Katherine Schindler,F,1106,201 reps,,201,Australia,CrossFit Desire Central,52
2599778,Camille Favière,F,1107,201 reps,,201,France,CrossFit Tampon,34
2650511,Bridie Hughes,F,1108,201 reps,,201,Australia,CrossFit Wollongong,16
2440515,heesoo na,F,1109,201 reps,,201,Korea (the Republic of),Muhan CrossFit,30
2940041,Zoe Scovell,F,1110,201 reps,,201,Australia,Ultra CrossFit,31
1387173,Kahla Heal,F,1111,201 reps,,201,Australia,The Shed CrossFit,29
2793344,Caitlin Gusk,F,1112,201 reps,,201,United States,CrossFit Bangor,32
1505906,Carly Deason,F,1113,201 reps,,201,Australia,Wolfe Den CrossFit,42
2646860,Amy Thomas,F,1114,201 reps,,201,Australia,CrossFit DECK,36
2927187,Fennelly Laura,F,1115,201 reps,,201,Ireland,CrossFit Drumcondra,34
2175757,Tauni Dyche,F,1116,201 reps,,201,United States,CrossFit Advantage,33
1124058,Valerija Krsak,F,1117,201 reps,,201,Ireland,CrossFit Drumcondra,37
2804929,Irina Eris,F,1118,201 reps,,201,Romania,CrossFit Fabric,36
1517614,Emma McCashin,F,1119,201 reps,,201,New Zealand,CrossFit 7010 Nelson,49
2790067,Rachel Owens,F,1120,201 reps,,201,United States,CrossFit Smokeshow,34
2658405,Christina Shaw,F,1121,201 reps,,201,United States,GBP CrossFit,41
1606252,Mary Jo Geddes,F,1122,201 reps,,201,United States,CrossFit 859,46
2596472,Emely Elisa Neumaier,F,1123,201 reps,,201,Germany,CrossFit Erlangen,30
2338340,Mairead O'Kane,F,1124,201 reps,,201,Ireland,CrossFit Magherafelt,42
2236825,Bronte Hindmarsh,F,1124,201 reps,,201,Australia,CrossFit Ipswich,29
1698167,Louise Filander,F,1124,201 reps,,201,Sweden,CrossFit Biel-Bienne,40
70672,Silja Froehlich,F,1124,201 reps,,201,Germany,CrossFit Erlangen,49
2395691,Ally Mason,F,1124,201 reps,,201,Australia,CrossFit 4551,28
2907573,Pia Tomlinson,F,1124,201 reps,,201,Australia,CrossFit 505,35
2797614,Lucy Downs,F,1130,200 reps,,200,Australia,First Point CrossFit,32
2922024,Kerrie Lorenz,F,1131,200 reps,,200,United States,CrossFit FXT,26
2795477,Demi Licence,F,1132,200 reps,,200,Australia,CrossFit Brendale,23
2404157,Amy Aeschlimann,F,1133,200 reps,,200,Australia,CrossFit 3850,46
754436,Kristina Kette,F,1134,200 reps,,200,Germany,CrossFit PMA,39
1724133,Ashleigh Gourlay,F,1135,200 reps,,200,Australia,CrossFit Confront,27
2657613,Alina Oprea,F,1136,200 reps,,200,Romania,Magnum Opus CrossFit,32
2919208,Laura Szabo,F,1137,200 reps,,200,Australia,CrossFit Bairnsdale,28
2598818,Charlotte Roussat,F,1138,200 reps,,200,France,CrossFit Ampuis,24
2656373,Aurore Cursio,F,1138,200 reps,,200,France,CrossFit Nostradamus,36
1618968,Goeun Lim,F,1140,200 reps,,200,Korea (the Republic of),CrossFit Ssangmun,38
2874721,Bianca Macauley,F,1140,200 reps,,200,Australia,CrossFit Slade,37
1992304,Jen Panton,F,1142,200 reps,,200,United States,CrossFit Colchester,44
2678809,Philippa O'Brien,F,1143,200 reps,,200,United Kingdom,CrossFit Structure,49
2610230,Lindsay Chames,F,1144,200 reps,,200,United States,The Claw CrossFit,34
2906769,gala oronoz,F,1145,200 reps,,200,Spain,CrossFit 77 Feet Figueres,19
1585515,Margaux Torchin,F,1146,200 reps,,200,France,CrossFit Aubagne Gemenos,30
661822,Rebecca Campbell,F,1146,200 reps,,200,United Kingdom,CrossFit Hereford,32
2938605,Abigail Routledge,F,1146,200 reps,,200,United Kingdom,CrossFit Cumbria,27
2822283,Alyssa Cass,F,1146,200 reps,,200,Canada,Fitness Alley CrossFit,31
2592593,Gretchen Keer-Keer,F,1146,200 reps,,200,New Zealand,Tasman Bay CrossFit,27
2967141,Fanny Lecoq,F,1501,186 reps,,186,France,,29
2762485,Laura Langbridge,F,1502,186 reps,,186,United Kingdom,CrossFit Huntsman,36
2954175,Natalie Thane,F,1502,186 reps,,186,Australia,First Point CrossFit,44
975350,Britt V Breugel,F,1502,186 reps,,186,Netherlands,CrossFit Oss,36
2804059,Laura LEPRINCE,F,1502,186 reps,,186,France,CrossFit Akson,28
2919679,Maria Borey,F,1502,186 reps,,186,United States,CrossFit Raynham,47
1873938,Claire Edmistone,F,1507,185 reps,,185,Australia,CrossFit Tannum Sands,34
2925466,Chloe Keirs,F,1508,185 reps,,185,Australia,CrossFit Uplift,19
2080901,Colette Hayley,F,1509,185 reps,,185,United Kingdom,CrossFit Hamilton,40
2698303,Taylor Booth,F,1510,185 reps,,185,Canada,CrossFit Three Bears,29
2905520,Elme Le Roux,F,1511,185 reps,,185,South Africa,CrossFit Vredenburg,36
1362880,Emily Durkan,F,1512,185 reps,,185,Australia,Grandstand CrossFit,38
1793795,Pam Nunn,F,1513,185 reps,,185,Australia,CrossFit Escape,44
2792052,Aëlig Gesret,F,1514,185 reps,,185,France,Berus CrossFit,24
2972594,Amandine Besson,F,1515,185 reps,,185,France,CrossFit Albi,28
2942221,Francesca Capacci,F,1515,185 reps,,185,Italy,CrossFit Iris,28
920147,Chelsea Powell,F,1515,185 reps,,185,United States,CrossFit Boro,37
2011660,Ashley Ricke,F,1518,185 reps,,185,United States,CrossFit Carroll,39
2069184,Laura Thomas,F,1519,185 reps,,185,Australia,Sonder CrossFit,27
2706470,Brooke Edmonds,F,1520,185 reps,,185,Australia,CrossFit Brisbane,24
2958402,Natalia Jiménez,F,1521,185 reps,,185,Costa Rica,,24
2864168,Rebecca Williams,F,1522,185 reps,,185,United Kingdom,CrossFit JST,27
2441213,Samantha Robb,F,1522,185 reps,,185,Ireland,CrossFit Wolfhound Larne,39
2821519,Maria Donatiello,F,1524,185 reps,,185,Italy,CrossFit Efesto,28
2407911,Lauren Fowler,F,1525,185 reps,,185,United Kingdom,CrossFit Humber,36
2067095,Saousane Rahmani,F,1526,185 reps,,185,Morocco,CrossFit North Head,39
2912119,Aurelie GRIMAUD,F,1527,185 reps,,185,France,Feodalys CrossFit,34
2959680,Jemma Lea,F,1527,185 reps,,185,Australia,PBTL CrossFit,26
2661334,Isabella Coluccio,F,1527,185 reps,,185,Australia,CrossFit Narellan,31
2828626,Rayne Orange,F,1530,184 reps,,184,Australia,CrossFit Shellharbour City,30
2259579,Michaela Pattinson,F,1531,184 reps,,184,Australia,Dialogue CrossFit,38
2928662,Ida Stybner,F,1532,184 reps,,184,Sweden,CrossFit Halmstad,25
2639439,Chiara Quarta,F,1533,184 reps,,184,Italy,CrossFit Mylos,39
2621794,Manuela Sinibaldi,F,1534,184 reps,,184,Italy,CrossFit Trigoria,49
2950567,Johanna Hochmuth,F,1535,184 reps,,184,Germany,CrossFit SonderBar,30
1560367,Sandra Redregoo,F,1536,184 reps,,184,France,CrossFit Le Mans,53
2146800,Valentina Virga,F,1536,184 reps,,184,Italy,CrossFit Maddox,42
2220809,Addyson Wingo,F,1538,184 reps,,184,United States,CrossFit on the Plains,29
2614905,Kamilė Ilijonskytė,F,1539,184 reps,,184,Lithuania,CrossFit Kaunas,21
2949526,Audrey-Anne Blondeau,F,1540,184 reps,,184,Canada,,24
2724749,Ilze Borodkina,F,1541,184 reps,,184,Latvia,CrossFit Urban Tribe,40
2962804,Lauren Sommerville,F,1542,184 reps,,184,Australia,CrossFit Volume,31
2922945,Marie Duvieilbourg,F,1542,184 reps,,184,France,CrossFit LXII,31
2201685,Aleisha Phillips,F,1544,184 reps,,184,New Zealand,CrossFit Christchurch,29
1346071,Azalia Vincent,F,1545,184 reps,,184,United States,5 Hills CrossFit,48
511060,Chelsea Foster,F,1546,184 reps,,184,Canada,CrossFit COBE,38
2260894,Lisa Blomquist,F,1547,184 reps,,184,New Zealand,CrossFit Rotorua,53
1910130,Sarah Strange,F,1548,184 reps,,184,United Kingdom,,52
2246830,Rebecca Fitzgerald,F,1549,184 reps,,184,Australia,CrossFit TPF,34
2812557,Hsu San,F,1550,184 reps,,184,Myanmar,,39
2628925,CATERINA PEDROCHE,F,1301,193 reps,,193,Spain,CrossFit Korriban,33
916193,Sílvia de Barros,F,1302,193 reps,,193,Portugal,Rust CrossFit,51
2971922,Payten E Walker,F,1303,193 reps,,193,Australia,CrossFit Release,28
2909060,Becky Tose,F,1303,193 reps,,193,United Kingdom,BKW CrossFit,44
763410,Nicole Johansen,F,1305,193 reps,,193,Australia,Snake CrossFit,33
2953894,Jasmine Vermunt,F,1305,193 reps,,193,Australia,Snake CrossFit,27
2265981,Anna Galkina,F,1305,193 reps,,193,Australia,Sagitta CrossFit Forrestdale,36
2820697,Ellie Peak,F,1305,193 reps,,193,Australia,CrossFit 2795,24
2875839,OLGA KARTOEV,F,1305,193 reps,,193,France,La Defense Factory CrossFit,39
2969394,Michaela Marson,F,1310,192 reps,,192,United Kingdom,CrossFit Huntsman,39
2817940,Ellie Lessels,F,1311,192 reps,,192,United Kingdom,11.24 Unity CrossFit,46
2187971,Monika Milieskaite,F,1312,192 reps,,192,Lithuania,CrossFit Kaunas,30
2909215,Danielle King,F,1313,192 reps,,192,United Kingdom,CrossFit Tunbridge Wells,33
1582634,Pamela Johnson,F,1314,192 reps,,192,Australia,CrossFit 2795,33
2391936,Sarah Dillon,F,1315,192 reps,,192,United Kingdom,CrossFit Metal Therapy,41
2457491,Sofi Georgas,F,1315,192 reps,,192,Australia,Sonder CrossFit,25
2762269,Danielle Smith,F,1317,192 reps,,192,United States,CrossFit Grand Rapids,33
1524345,Allison Case,F,1317,192 reps,,192,United States,Ballantyne YMCA CrossFit,33
2906323,Eugenia Zabar,F,1319,192 reps,,192,Italy,CrossFit Treviso,29
2819434,Anna Cronau,F,1320,192 reps,,192,Australia,CrossFit Western Front,26
2806654,Lou JAMET,F,1320,192 reps,,192,France,Escale CrossFit,26
2253885,Lavina Hart,F,1322,192 reps,,192,Australia,PBTL CrossFit,45
2059257,Eden Shepherd-Smith,F,1323,192 reps,,192,Australia,CrossFit 4740,24
2960343,Tahla Matthes,F,1324,192 reps,,192,Australia,CrossFit Bairnsdale,16
2672859,Rebecca Hovord,F,1324,192 reps,,192,United Kingdom,CrossFit Chocolate Box Narrabeen,36
2782698,Evelin Zarankova,F,1324,192 reps,,192,United Kingdom,CrossFit Orpington,35
2330660,Philippa Amos,F,1327,192 reps,,192,Australia,Grit Performance CrossFit,26
2209846,Claire Curtis,F,1328,192 reps,,192,United Kingdom,CrossFit JST,43
2928297,Birgit Kittsteiner,F,1329,192 reps,,192,Germany,CrossFit SonderBar,52
2779460,Andrea Kingston,F,1330,192 reps,,192,Canada,,40
2176051,Amanda Brown,F,1331,192 reps,,192,United States,CrossFit Lakeland,38
1646466,Ranae Little,F,1331,192 reps,,192,Australia,CrossFit Release,35
2520925,Charlotte Jenkins,F,1333,192 reps,,192,United Kingdom,BKW CrossFit,46
684160,Kyunghee Woo,F,1334,192 reps,,192,Korea (the Republic of),CrossFit Zest Suji,37
2673599,Natascha Goldthorpe,F,1335,192 reps,,192,Australia,CrossFit TWA,43
2939907,Valentina Giorgetti,F,1336,192 reps,,192,United Kingdom,Peak Fitness CrossFit,35
2921216,Rebecca Smyth rice,F,1337,192 reps,,192,United Kingdom,CrossFit Pioneer,20
2401120,Kat Marchant,F,1338,192 reps,,192,United States,CrossFit Taylors,32
2815077,Katie Coleman,F,1339,192 reps,,192,United Kingdom,CrossFit IOW,34
2660067,Alana Babi,F,1340,192 reps,,192,Brazil,CrossFit High Pulse,36
2424845,Rebecca Tatham,F,1341,192 reps,,192,United Kingdom,CrossFit LDB,36
2946488,Rachel Dunn,F,1342,192 reps,,192,New Zealand,CrossFit Porirua,29
2945825,ale otaduy,F,1342,192 reps,,192,Spain,CrossFit KKUK,21
2785966,Elodie Hardel,F,1342,192 reps,,192,France,CrossFit Autricum,39
2958568,Vicky Gashe,F,1345,191 reps,,191,United Kingdom,CrossFit Connect,49
2592262,Phoebe Driver,F,1346,191 reps,,191,United Kingdom,Constant Pursuit CrossFit,26
2230668,Liz Bergeron,F,1347,191 reps,,191,United States,CrossFit 696,34
2911881,Chantal Caroto,F,1348,191 reps,,191,New Zealand,H1 CrossFit,29
364295,Amy Sullini,F,1349,191 reps,,191,Australia,MSF CrossFit,38
2815803,Ilenia Di Girolamo,F,1349,191 reps,,191,Italy,CrossFit Arco,32
2683985,Marta Giska,F,2551,120 reps,,120,Poland,CrossFit Elektromoc,39
2936502,DakotaRose Hodges,F,2552,120 reps,,120,United States,Clermont CrossFit,31
2953409,Jessica Nesbit,F,2553,119 reps,,119,United States,CrossFit Albuquerque,25
2782033,Tash Lewis,F,2554,119 reps,,119,New Zealand,H1 CrossFit,31
2909421,Sydney Armstrong,F,2555,119 reps,,119,United States,,24
1866524,Simone Kelland,F,2556,119 reps,,119,Australia,CrossFit Sapphire,40
2918584,Valentine Lydie Isha Ekoumou,F,2557,119 reps,,119,South Africa,Greenside CrossFit,33
2939150,Lisanne Martynov,F,2558,119 reps,,119,Netherlands,CrossFit Geldrop,51
2817533,Jessica Canham,F,2559,119 reps,,119,Australia,CrossFit Dubbo,34
2792432,Nicole Drost,F,2559,119 reps,,119,Netherlands,CrossFit Nieuwegein,30
2823017,Stéphanie Heck,F,2561,118 reps,,118,France,CrossFit Sunway,43
2828255,munju kim,F,2562,118 reps,,118,Korea (the Republic of),CrossFit HIM,29
2787089,Melissa Toledo Santana Moraes,F,2563,118 reps,,118,Brazil,CrossFit City Wolves,44
2972586,Berit Ingolfsen,F,2564,118 reps,,118,Norway,,45
1846576,Makaela Williamson,F,2565,118 reps,,118,Australia,CrossFit Bounce,34
2925288,Mara Porcincula,F,2566,117 reps,,117,Canada,CrossFit NCR,33
2786258,Dorina Molnár,F,2567,117 reps,,117,United Kingdom,CrossFit Tunbridge Wells,32
2833970,Kimberley Hudspeth,F,2568,117 reps,,117,United Kingdom,CrossFit Witham,30
1754882,Emma Murphy,F,2569,117 reps,,117,Australia,CrossFit 4740,35
2421077,Sarah Porter,F,2570,117 reps,,117,United Kingdom,CrossFit RTV,43
2950081,Natalie Colefax,F,2571,116 reps,,116,Australia,CrossFit Lower Mountains,36
2802949,Elly Bill,F,2572,116 reps,,116,Australia,Wolfe Den CrossFit,36
2965122,Riana Karsten,F,2573,116 reps,,116,South Africa,,49
2819244,Paige Harwood,F,2574,116 reps,,116,United States,CrossFit 2C,31
2945840,Layla Nolan,F,2575,116 reps,,116,New Zealand,CrossFit Porirua,27
2839476,Alice Brooks,F,2575,116 reps,,116,United Kingdom,CrossFit Solent,32
2638408,Mayu Oshiro,F,2575,116 reps,,116,Japan,CrossFit ILF,41
2831152,Leila Smith,F,2578,115 reps,,115,United States,BOSS Mentality CrossFit,16
2417717,Rita Marques,F,2579,115 reps,,115,Portugal,CrossFit Black Edition,50
2627771,Alison Franklin,F,2580,115 reps,,115,United States,CrossFit Memphis,49
2815100,Jen Kavanagh,F,2581,115 reps,,115,Ireland,Farmyard CrossFit,39
2010359,Marisha Chandrashekha,F,2582,114 reps,,114,France,The Carbet CrossFit,36
2829223,Seungyeon Lee,F,2583,114 reps,,114,Korea (the Republic of),CrossFit HIM,33
2913135,Jacqueline Gorka,F,2584,114 reps,,114,Germany,CrossFit Ettlingen,36
2707674,Ljiljana Ilic,F,2585,114 reps,,114,Australia,CrossFit Mooloolaba,41
2912794,Heidi Johnson,F,2586,114 reps,,114,United States,CrossFit Vokse,38
2498943,Claire Miller,F,2587,114 reps,,114,United States,CrossFit Unrestrained,27
2915519,Emily Parrott,F,2588,113 reps,,113,New Zealand,CrossFit Porirua,26
2942269,Manon BIANCALANA,F,2589,113 reps,,113,France,CrossFit Mougins,31
218074,Rachelle Leduc,F,2590,113 reps,,113,United States,CrossFit Monrovia,35
2811201,JUHYANG CHOI,F,2591,113 reps,,113,Korea (the Republic of),Musclespoon CrossFit,31
2056862,Ericka Eskam,F,2592,113 reps,,113,United States,CrossFit Warfare,48
2929616,Sandra Marques,F,2593,113 reps,,113,France,CrossFit Munera,35
932317,Jodie Kiely,F,2594,113 reps,,113,Australia,CrossFit 4720,45
2954055,Sowmya Saxena,F,2595,113 reps,,113,United States,CrossFit HITEC City,40
2832567,Jiao Jiao,F,2596,112 reps,,112,Australia,CrossFit Young,44
2964858,Morgan Kinzett,F,2597,112 reps,,112,New Zealand,CrossFit 564,29
2674800,Jang Hyunji,F,2598,112 reps,,112,Korea (the Republic of),CrossFit Hoguk,26
2945185,Emma Du Cane,F,2599,112 reps,,112,United Kingdom,Peak Fitness CrossFit,38
2785154,Yvonne Kliphuis,F,2600,111 reps,,111,Netherlands,CrossFit SoWieSo,34
2831172,Alveena Butt,F,1451,188 reps,,188,United Kingdom,CrossFit Sonning Common,44
2633343,Alyvia Fredericks,F,1451,188 reps,,188,United States,CrossFit Drums,18
2919319,Raffaella Puli,F,1451,188 reps,,188,Australia,CrossFit Brendale,25
2915480,Hannah Powell,F,1451,188 reps,,188,United Kingdom,BearWalden CrossFit,28
2839931,Natalie Went,F,1455,187 reps,,187,Australia,CrossFit Ulladulla,24
2457922,Anita Rynkanen,F,1456,187 reps,,187,Finland,CrossFit St Kilda,41
2652079,Alannah Hewitt,F,1457,187 reps,,187,Australia,CrossFit Nook,35
2699389,Kaoru Yoshida,F,1458,187 reps,,187,Japan,CrossFit Amagasaki,38
2972798,Celina Gomes Gomes,F,1459,187 reps,,187,Portugal,WOOW CrossFit,37
2954348,Hye Li Kim,F,1460,187 reps,,187,Korea (the Republic of),CrossFit Team H,39
2486183,Hayley Coleman,F,1461,187 reps,,187,United Kingdom,One Crew CrossFit,44
1754187,Nicola Edkins,F,1462,187 reps,,187,United Kingdom,CrossFit Medway,40
2669299,예지 김,F,1463,187 reps,,187,Korea (the Republic of),CrossFit Peanut Butter,35
318445,Natasha Mendoza,F,1464,187 reps,,187,Philippines,CrossFit ETHOS,33
1678818,Feng HS,F,1465,187 reps,,187,Chinese Taipei,CrossFit Six-Forty,35
1758321,MaryRuth ONeal,F,1466,187 reps,,187,United States,Chi-Town CrossFit,40
2935264,jiyeon park,F,1467,187 reps,,187,Korea (the Republic of),Songdo CrossFit,46
342488,Brooke Padgett,F,1468,187 reps,,187,United States,CrossFit Hard Knox,41
1647255,Samantha Turner,F,1469,187 reps,,187,Australia,CrossFit Huey,37
2610690,Dinah Lowdell,F,1470,187 reps,,187,United Kingdom,CrossFit Orpington,44
2450891,Maccari Adeline,F,1471,187 reps,,187,France,CrossFit Rives,36
2970250,Tayla Burke,F,1472,187 reps,,187,United Kingdom,,26
2482679,Danielle Woszatka,F,1473,187 reps,,187,Australia,CrossFit Huey,28
1781223,Emma Harris,F,1474,187 reps,,187,United Kingdom,WhiteHart CrossFit,42
2402210,Liz Tanuvasa,F,1475,187 reps,,187,Australia,CrossFit Moor,45
2962002,Tiffany Donghi,F,1476,187 reps,,187,France,CrossFit Louvre,28
2294506,Julie Verges,F,1477,187 reps,,187,France,CrossFit Sorgues,27
2242231,Lisa Lamotte,F,1477,187 reps,,187,France,CrossFit Des Monts,32
2671340,Georgia Howard,F,1477,187 reps,,187,Australia,CrossFit Dubbo,28
264109,Fiona Nelson,F,1477,187 reps,,187,Australia,Freezing Hot CrossFit,51
2637937,Elly Gray,F,1477,187 reps,,187,Australia,CrossFit Narellan,35
2679510,Lianne Upjohn,F,1482,186 reps,,186,Australia,CrossFit SHP,26
1569772,Ashley Jediny,F,1483,186 reps,,186,United States,CrossFit Rift Valley,32
2828713,Holly Lunney,F,1484,186 reps,,186,United Kingdom,CrossFit 8020,30
2956568,Maddy Salafia,F,1485,186 reps,,186,Australia,CrossFit Wangaratta,32
2275250,Sophie Nolis,F,1486,186 reps,,186,Australia,CrossFit Soul Rebel Greensborough,51
2934589,Taylor Peters,F,1487,186 reps,,186,Australia,CrossFit Uplift,24
2336917,Abbie Colvin,F,1488,186 reps,,186,United Kingdom,CrossFit Dire Wolf,42
2940310,Bec Hill,F,1489,186 reps,,186,Australia,CrossFit Geo,43
2965251,CHARLINE NOLOY,F,1490,186 reps,,186,France,CrossFit de la Paix,32
1327532,Levienne Jones,F,1491,186 reps,,186,Australia,CrossFit Flourish,42
2662807,GKOURA LYDIA,F,1492,186 reps,,186,Greece,CrossFit WH,39
2223833,Emily Thompson,F,1493,186 reps,,186,Australia,CrossFit Confront,29
2956697,Shih Yi Tong,F,1493,186 reps,,186,Chinese Taipei,CrossFit Lilian,23
2812741,Anna Wu,F,1493,186 reps,,186,Australia,CrossFit Neuro,25
1402632,Charlotte Davies,F,1493,186 reps,,186,United Kingdom,CrossFit Llanelli,41
2955525,Carina Ramfjord,F,1497,186 reps,,186,Norway,Grenland CrossFit,42
2706535,Jamie DeVoe,F,1498,186 reps,,186,United States,CrossFit One Valley,31
2702786,Lucy Stedl,F,1498,186 reps,,186,United States,CrossFit Green Bay,32
2391355,Louise Williams,F,1500,186 reps,,186,United Kingdom,CrossFit Penzance,48
936754,Nichola Doyle,F,2401,139 reps,,139,Australia,CrossFit Norsemen,51
2008663,Ellie Lloyd-Hancock,F,2402,139 reps,,139,United Kingdom,CrossFit Solent,33
2828280,sari havilah,F,2403,139 reps,,139,Australia,CrossFit Centaur Valor,19
2953073,Mishel Snovski,F,2403,139 reps,,139,Israel,Northern Knights CrossFit,18
991351,Brooke Verser,F,2403,139 reps,,139,United States,CrossFit Fort Monroe,27
2907235,Josie Smithard,F,2406,138 reps,,138,Australia,CrossFit 505,31
2683797,Katty Escobar,F,2407,138 reps,,138,Colombia,CrossFit Might,33
2620070,YunSeol Kwak,F,2408,138 reps,,138,Korea (the Republic of),CrossFit GOAT,35
2417528,Romane Bestel,F,2409,138 reps,,138,France,CrossFit Lesdiguières,31
2902664,Monique Murden,F,2410,138 reps,,138,Australia,CrossFit Wellbeing,26
2955741,MARILIA CARVALHO,F,2411,138 reps,,138,Brazil,CrossFit Tyranno,44
1557916,Jamie Van Kleeck,F,2412,138 reps,,138,United States,CrossFit Wicked,43
2959532,Aline Silva,F,2413,138 reps,,138,Brazil,131 CrossFit Diadema,31
1453602,Yuan-Ting Chen,F,2414,138 reps,,138,Chinese Taipei,WP ZouHui CrossFit,51
2913456,Anaya Rojas,F,2415,138 reps,,138,United States,CrossFit Trinity,24
2241352,Courtney Hughes,F,2416,138 reps,,138,United States,CrossFit Vokse,42
1053259,Pacey Gilham,F,2417,138 reps,,138,United States,CrossFit Cultivate,25
2410405,Beatrice Gerna,F,2418,137 reps,,137,Italy,CrossFit Begin,45
2964681,Amber Ebelhar,F,2419,137 reps,,137,United States,CrossFit Vox,34
1248192,Fran Bordujenko,F,2420,137 reps,,137,Australia,PBTL CrossFit,48
2815740,Fiona Harris,F,2421,137 reps,,137,Australia,CrossFit Wellbeing,41
2923935,Melisa Somerville,F,2422,137 reps,,137,Australia,CrossFit Bribie Island,42
2915816,Kim de Waal,F,2423,137 reps,,137,Netherlands,CrossFit Weert,32
1312809,Brooke Martin,F,2424,137 reps,,137,United States,CrossFit Surge,35
2915599,Diana Boyd,F,2425,137 reps,,137,United Kingdom,CrossFit Tweedbank,41
2190344,Emma Graham,F,2426,137 reps,,137,Australia,Raw Iron CrossFit,35
1766096,Natacha Sirieix,F,2427,137 reps,,137,France,MCR CrossFit,38
2960207,Elina Erikoinen-Watts,F,2428,137 reps,,137,Finland,CrossFit Pihka,48
2788658,Pierrine Manavella,F,2428,137 reps,,137,France,CrossFit Mougins,31
2952734,Nova Lozano,F,2430,136 reps,,136,Spain,NAMA CrossFit,35
2927384,Nadine Dentler,F,2431,136 reps,,136,Germany,CrossFit Erlangen,42
2918337,Anne Holfeld,F,2432,136 reps,,136,Germany,CrossFit Erlangen,32
1970873,Mariana Brandao,F,2433,136 reps,,136,Australia,CrossFit 505,44
2920246,雅玲 呂,F,2434,136 reps,,136,Chinese Taipei,CrossFit Lilian,45
1961022,Elizabeth Middleton,F,2435,136 reps,,136,United Kingdom,CrossFit Furnace Fitness,32
2422172,Victoria Dermer,F,2436,136 reps,,136,Israel,Impulso CrossFit,48
1965203,Emma Cavers,F,2436,136 reps,,136,United Kingdom,CrossFit Lacemakers,46
2677615,Amy Ilott,F,2438,136 reps,,136,Thailand,No One CrossFit,40
2687844,Katrina Taylor,F,2438,136 reps,,136,New Zealand,CrossFit 564,53
2939103,Savannah Messner,F,2440,135 reps,,135,Australia,CrossFit Knoxfield,22
1227228,Sarah Richards,F,2441,135 reps,,135,Australia,CrossFit Reclaim,38
2785474,Erin Smythe,F,2442,135 reps,,135,Australia,CrossFit Cessnock,22
2792399,Katie Tramonte,F,2443,135 reps,,135,United States,Bring The Thunder CrossFit,33
2821268,Melissa May,F,2444,135 reps,,135,United Kingdom,CrossFit 258,48
2189816,Shelby Powell,F,2445,135 reps,,135,United States,CrossFit Addison,34
1990858,Cristina Cordeiro,F,2446,135 reps,,135,Brazil,Reserva Campolim CrossFit,40
2927248,Clémence Roisman,F,2447,135 reps,,135,France,CrossFit Trévoux,29
1252843,Ashley Carothers,F,2447,135 reps,,135,United States,CrossFit Agoge,40
2943428,Nakita Russell,F,2449,134 reps,,134,Australia,CrossFit Huski,28
2930369,Katie Siemsen,F,2450,134 reps,,134,Australia,CrossFit Audax,32
2967838,Abby Russell,F,1401,189 reps,,189,New Zealand,CrossFit 3216,24
2647992,Lois Cogzell,F,1401,189 reps,,189,United Kingdom,CrossFit Bath,41
1873185,Raelene Zwahlen,F,1403,189 reps,,189,Australia,CrossFit Dungeon,38
2841236,Angela Panin,F,1404,189 reps,,189,Italy,CrossFit Rovigo,33
2932358,Jenny Robertson,F,1405,189 reps,,189,United Kingdom,CrossFit Stirling,25
2785099,Anna Mout,F,1406,189 reps,,189,Netherlands,CrossFit Staalmeesters Spijkenisse,34
1298529,Kathryn Harvey,F,1407,189 reps,,189,Australia,CrossFit Bribie Island,37
2165915,Melissa Pagett,F,1408,189 reps,,189,Australia,CrossFit Southern Highlands,36
802921,Louise Herzog,F,1409,189 reps,,189,United Kingdom,Celtic CrossFit,46
2165300,Gabrielle Cocca,F,1410,189 reps,,189,United States,CrossFit 845,29
2828489,Natalie Foulger,F,1411,189 reps,,189,United Kingdom,CrossFit JST,43
2890755,Alisa Dmitriyev,F,1412,189 reps,,189,United States,Train to Reign CrossFit,18
1639163,Marianna Vicente,F,1412,189 reps,,189,Australia,Sagitta CrossFit,33
2930629,Estephanie Ramirez,F,1412,189 reps,,189,United States,CrossFit Punta Gorda,30
2943898,Mila Marinova,F,1412,189 reps,,189,Bulgaria,CrossFit Arlon,34
2828573,Emily Tomkinson,F,1412,189 reps,,189,United Kingdom,CrossFit Geo,30
2656487,Hinetaapora Moko-Mead,F,1412,189 reps,,189,New Zealand,CrossFit Porirua,37
2940230,Kaitlyn Rozic,F,1412,189 reps,,189,Australia,CrossFit Script,24
2939282,Jillian Murphy,F,1412,189 reps,,189,United States,Smokey Hollow CrossFit,34
2936985,Leila Ghazi,F,1412,189 reps,,189,Australia,CrossFit Narellan,20
2767202,mo chen,F,1412,189 reps,,189,China,,42
2400692,Rochelle Jonathan,F,1412,189 reps,,189,Australia,CrossFit EXF,37
2836160,Jodie Britcliffe,F,1412,189 reps,,189,United Kingdom,CrossFit Scunthorpe,29
2914561,Christy Ellis,F,1412,189 reps,,189,United States,Hongtai CrossFit,24
2675280,Leslie Garcia,F,1412,189 reps,,189,United States,RedPoint CrossFit,29
1878121,Suzanne Bryant,F,1412,189 reps,,189,United States,CrossFit Cafe,35
2493658,Rebeca Avimelech,F,1427,188 reps,,188,Mexico,Hubmind CrossFit,44
2817967,Maribel Zuniga-Rodriguez,F,1428,188 reps,,188,United States,Glen Rose CrossFit,25
2000935,Jenna Mackay,F,1429,188 reps,,188,United States,CrossFit on the Plains,26
310546,Jess A,F,1430,188 reps,,188,Australia,Charge CrossFit Reservoir,39
363835,Alana Koellner,F,1431,188 reps,,188,Australia,CrossFit Sapphire,42
2613645,Anahi Steiner,F,1432,188 reps,,188,Germany,CrossFit Live and Lift,44
2921677,Juyeong Jeon,F,1433,188 reps,,188,Korea (the Republic of),CrossFit Peanut Butter,32
2850927,Dayeon Choi,F,1434,188 reps,,188,Korea (the Republic of),CrossFit ULU,27
1690811,Wendy Paul,F,1435,188 reps,,188,United States,CrossFit Wig Wag,50
2678882,Maria Furtado,F,1436,188 reps,,188,United Kingdom,CrossFit Beowulf,42
2972816,Izzy Langridge,F,1437,188 reps,,188,United Kingdom,,24
222633,Jodi Morris,F,1438,188 reps,,188,Australia,CrossFit Western Front,49
2966765,Fiona Jackson,F,1439,188 reps,,188,United Kingdom,CrossFit Stirling,38
1865769,Sina Weber,F,1440,188 reps,,188,Switzerland,CrossFit St. Gallen,27
2755092,Dakota Smith,F,1441,188 reps,,188,United States,CrossFit Coal,31
2805008,HUREAU Julia,F,1442,188 reps,,188,France,CrossFit Autricum,27
2649155,Noemie Roussel,F,1443,188 reps,,188,France,Balios CrossFit,23
2253324,Carla Servita,F,1444,188 reps,,188,United States,CrossFit IBC,37
2335999,Kate Moar,F,1445,188 reps,,188,Australia,CrossFit Armidale,40
2793973,Elina Packalén-Mäkinen,F,1446,188 reps,,188,Finland,CrossFit Oasis,41
2187716,Steph Hasluck,F,1447,188 reps,,188,Australia,CrossFit Narellan,35
2188549,Sara Woodard,F,1448,188 reps,,188,United States,,33
1368835,Samantha Ford,F,1449,188 reps,,188,United States,CrossFit Sevenoaks,33
2406311,Rachael Millgate,F,1450,188 reps,,188,United Kingdom,,40
2960419,Katie Quinn,F,2851,219 reps - s,,219,United Kingdom,,27
2699072,Sally McAlister,F,2852,219 reps - s,,219,Australia,565 CrossFit,41
2920347,Anne Loiseleur,F,2852,219 reps - s,,219,Australia,CrossFit Hastings,36
2903898,Vania Pereira,F,2854,218 reps - s,,218,Portugal,CrossFit Black Edition,28
2783949,Ludmila Medeiros,F,2855,218 reps - s,,218,Brazil,Reserva Campolim CrossFit,36
2369959,EmmaJayne Savage,F,2856,218 reps - s,,218,Australia,CrossFit Release,50
2934948,Jeongha Hwang,F,2857,218 reps - s,,218,Korea (the Republic of),CrossFit TanTan,24
2902801,Giorgia Tagliapietra,F,2858,218 reps - s,,218,Italy,CrossFit Treviso,38
2931525,Nadine Schwanebeck,F,2859,218 reps - s,,218,Germany,Welldone CrossFit,47
2963788,Ezra Ju,F,2860,218 reps - s,,218,Australia,CrossFit 168 II,30
1069799,Wendy Chumioque,F,2861,218 reps - s,,218,United States,CrossFit LYFE,42
2659374,Peggy Castel,F,2861,218 reps - s,,218,France,CrossFit Samarobriva,48
2889260,Kenia Fróis de Almeida,F,2863,218 reps - s,,218,Brazil,CrossFit São Roque,41
2849692,Tonje Hoel,F,2863,218 reps - s,,218,Norway,CrossFit Lillestrøm,49
2957044,Songhyun Cheon,F,2865,217 reps - s,,217,Korea (the Republic of),CrossFit Spring Camp,28
2965454,Catherine Mcgillivray,F,2866,217 reps - s,,217,United Kingdom,CrossFit Grantham,39
2443097,Alondra González,F,2866,217 reps - s,,217,Puerto Rico,CrossFit Naranjito,20
2909735,Katie Gage,F,2868,216 reps - s,,216,Australia,CrossFit Coorparoo,34
2926457,Cassie Orchard,F,2869,216 reps - s,,216,Australia,CrossFit Cessnock,31
2952823,Luisa Howlett,F,2870,216 reps - s,,216,United Kingdom,CrossFit Wessex,39
2931472,Enzo Dupre,F,2871,216 reps - s,,216,France,CrossFit Les Angles,44
2909379,Eleonora Pautasso,F,2872,215 reps - s,,215,Italy,CNT CrossFit,32
2972055,Natalie Knecht,F,2873,215 reps - s,,215,Switzerland,CrossFit Le Rouge,34
436132,Jennifer Hettinger,F,2874,215 reps - s,,215,United States,South Tampa CrossFit,39
2949598,Lenara Trivilin,F,2875,215 reps - s,,215,Brazil,CrossFit Nakama,39
440370,Dora Yv,F,2875,215 reps - s,,215,Mexico,CrossFit Condesa,29
1960499,Cory Wilharm,F,2875,215 reps - s,,215,United States,Summit CrossFit,45
2207502,Julia James,F,2875,215 reps - s,,215,United Kingdom,Cattle Dog CrossFit,44
2960165,Sheri Box,F,2879,214 reps - s,,214,New Zealand,CrossFit Flourish,41
2971041,Ji yeong Moon,F,2880,213 reps - s,,213,Korea (the Republic of),CrossFit CSS,33
2928171,Karlia Blow,F,2881,213 reps - s,,213,Australia,CrossFit St Kilda,29
2964929,Gayle Frost,F,2882,213 reps - s,,213,United Kingdom,,43
2914416,Leslie Boyer,F,2883,213 reps - s,,213,France,CrossFit Meaux,32
2674296,Marine AUSSEUR,F,2884,213 reps - s,,213,France,CrossFit Naoned,33
2971821,Micaiah Paku,F,2885,213 reps - s,,213,New Zealand,CrossFit 879 Flaxmere,31
2796298,Yunrui Li,F,2886,213 reps - s,,213,China,CrossFit West Melbourne,27
2944097,Rachel Boggis,F,2886,213 reps - s,,213,United Kingdom,CrossFit Structure,28
2900410,Jieon Kim,F,2886,213 reps - s,,213,Korea (the Republic of),CrossFit Sasang,29
2638919,Claudia De Giovanetti,F,2886,213 reps - s,,213,Italy,CrossFit Triple Tail,51
2667953,Vicky Carnegie,F,2886,213 reps - s,,213,New Zealand,Tasman Bay CrossFit,51
2195812,Niamh Hathaway,F,2891,212 reps - s,,212,United States,Spindle City CrossFit,26
2925770,seulgi Ma,F,2892,212 reps - s,,212,Korea (the Republic of),CrossFit Shooting Star,33
1092008,Yvonne Sadlier,F,2893,212 reps - s,,212,Ireland,CrossFit Navitas,43
2933178,Adriana Veronica Soggiu,F,2894,212 reps - s,,212,Italy,CrossFit Metatron,30
1346974,Laeticia Grosjean,F,2895,212 reps - s,,212,Switzerland,CrossFit Biel-Bienne,32
2903114,Madeleen Van der merwe,F,2896,212 reps - s,,212,South Africa,CrossFit Standerton,43
2440438,SILVIA FRANZINA,F,2897,212 reps - s,,212,Italy,CrossFit Triple Tail,44
2428924,Ellen Groot,F,2898,211 reps - s,,211,Netherlands,CrossFit Uden,42
2936181,Reese Anderson,F,2899,211 reps - s,,211,Australia,CrossFit CQ,18
2909254,Olaia Gorriz Martinez,F,2900,211 reps - s,,211,Spain,NAMA CrossFit,36
2470981,Courtney McCaw,F,3101,187 reps - s,,187,Australia,,33
2958251,Svetlana Poletskaya,F,3102,187 reps - s,,187,Russian Federation,CrossFit 19.05,40
2923243,Morgane Foulon,F,3102,187 reps - s,,187,France,CrossFit Autricum,35
2905817,Josephine Webster,F,3102,187 reps - s,,187,United Kingdom,Station 14 CrossFit,39
2803607,AYANO HIGA,F,3105,186 reps - s,,186,Japan,CrossFit Naniwa,27
2782260,Caterina Anna La Rosa,F,3106,186 reps - s,,186,Italy,CrossFit Misterbianco,41
2796026,Matilde Boscolo,F,3107,186 reps - s,,186,Italy,CrossFit Venezia,24
2841427,Marie Givernet,F,3108,186 reps - s,,186,France,CrossFit Ampuis,53
2967404,Antonija Jamsek,F,3109,186 reps - s,,186,Switzerland,CrossFit Time Out,25
2924597,Vanessa Morrow,F,3110,186 reps - s,,186,United States,CrossFit Kingstowne,34
2919377,Stacey Hilder,F,3110,186 reps - s,,186,Australia,CrossFit Might,34
2956843,Roxane Migaud,F,3112,186 reps - s,,186,France,,31
2416506,Tiffany Plisko,F,3113,186 reps - s,,186,United States,CrossFit R.D.T.,44
2969266,Elodie Herard,F,3114,186 reps - s,,186,Dominican Republic,STI CrossFit,35
2972034,Libby King,F,3115,186 reps - s,,186,United Kingdom,CrossFit Rayleigh,29
2792145,Rebecca Tonkin,F,3115,186 reps - s,,186,United Kingdom,CrossFit Teesside,46
2692831,Zofia Martinez,F,3117,185 reps - s,,185,United States,Glass City CrossFit,22
2817812,Valentina Ughetta,F,3118,185 reps - s,,185,Italy,CrossFit Varese,38
2938683,Lindsey Perez,F,3119,185 reps - s,,185,United States,CrossFit Bison,41
1756358,Leslie Bassett,F,3120,185 reps - s,,185,Australia,CrossFit Hastings,41
2961108,Linde Boeckx,F,3121,185 reps - s,,185,Belgium,Black Oak CrossFit,28
2948604,Qian Yuan,F,3122,185 reps - s,,185,China,CrossFit Young,37
2840945,Delphine Timon,F,3123,185 reps - s,,185,France,CrossFit Rochefort,41
2558048,Elaine Mallaghan,F,3124,185 reps - s,,185,Ireland,CrossFit Cookstown,46
2907239,Rose Phillips,F,3125,185 reps - s,,185,Australia,CrossFit 4165,34
2809598,Nikki Abhol,F,3126,185 reps - s,,185,United Kingdom,CrossFit Chiltern,41
2903894,Carly Whorms,F,3127,185 reps - s,,185,United Kingdom,Mudeford Quay CrossFit,34
2501125,Alida Griesel,F,3128,185 reps - s,,185,South Africa,CrossFit Standerton,47
2959002,CAROLYN LEE,F,3128,185 reps - s,,185,United Kingdom,CrossFit SMC Rossendale Valley,50
2922881,EVELYN TAY,F,3128,185 reps - s,,185,Malaysia,Informa CrossFit,42
2946996,Matilda Pigneguy,F,3131,184 reps - s,,184,United Kingdom,CrossFit Thame,32
2954087,Claudia Fernanda Costa Gomes de Sousa,F,3132,184 reps - s,,184,Brazil,CrossFit Imperatriz,31
2920356,Samanta Navalón,F,3133,184 reps - s,,184,Spain,CrossFit Llucmajor,33
2937929,Vanessa Boldt,F,3134,184 reps - s,,184,Australia,,38
2933917,Renata de Souza,F,3135,184 reps - s,,184,Brazil,131 CrossFit Diadema,38
2932858,Manuela Mente,F,3135,184 reps - s,,184,Switzerland,CrossFit Quivelda,46
2833540,Sofia Ferrari,F,3137,184 reps - s,,184,Italy,CrossFit Arco,24
2166741,Daria Konopka,F,3138,184 reps - s,,184,Germany,Riginal CrossFit Nürnberg,45
2947405,Lee-ann Simpson,F,3139,184 reps - s,,184,South Africa,CrossFit PFC,46
2110994,Estela Diplan,F,3140,184 reps - s,,184,Dominican Republic,STI CrossFit,45
2935821,Carolina Negroni,F,3141,184 reps - s,,184,Italy,CrossFit Zola Predosa,34
2806338,Amy Ellis,F,3142,184 reps - s,,184,United Kingdom,CrossFit Milton Keynes,52
2833654,Valeria Cruz,F,3143,184 reps - s,,184,Puerto Rico,CrossFit Naranjito,27
324229,Rachel Nolan,F,3144,184 reps - s,,184,New Zealand,CrossFit Desire North,45
2951872,Tanya Fell,F,3145,184 reps - s,,184,United Kingdom,CrossFit EXF,32
2904608,Cassidy Brooks,F,3146,184 reps - s,,184,South Africa,CrossFit Tempered Ormeau,41
2480229,Ana Clara Salles,F,3147,184 reps - s,,184,Brazil,CrossFit Santana,39
2909663,Yuka Kita,F,3148,183 reps - s,,183,Japan,H1 CrossFit,36
2907850,Ana Branco,F,3149,183 reps - s,,183,Portugal,CrossFit Black Edition,35
2906334,Maria Jose Mejias,F,3150,183 reps - s,,183,Spain,CrossFit LILS 28044,37
2967175,Jess Ford,F,3401,159 reps - s,,159,United Kingdom,RH10 CrossFit,33
2933767,Jasmine Sekhon,F,3401,159 reps - s,,159,Australia,CrossFit TRG,30
1028748,Hennessy Shaw,F,3401,159 reps - s,,159,Australia,CrossFit CrossAxed,34
2058528,Marissa West,F,3401,159 reps - s,,159,United States,CrossFit Edge 94,28
2913616,Renee Morgan,F,3405,158 reps - s,,158,United States,CrossFit LYFE,45
2923124,Wanida Costello,F,3406,158 reps - s,,158,United Kingdom,KTC CrossFit,26
2784367,Caroline Hiramoto,F,3407,158 reps - s,,158,Brazil,CrossFit City Wolves,35
2929355,MIKYUNG PARK,F,3408,158 reps - s,,158,Korea (the Republic of),CrossFit Sasang,32
2506908,Nuran Tunc,F,3409,158 reps - s,,158,Türkiye,CrossFit Thao Dien,48
2933236,Ali Recacho,F,3410,158 reps - s,,158,United States,CrossFit MFP,44
2205801,Mariana Vasquez,F,3411,158 reps - s,,158,Dominican Republic,STI CrossFit,33
2932831,CARLEY Gibson,F,3411,158 reps - s,,158,United Kingdom,CrossFit Furnace Fitness,46
2707012,Sofia Escalinha,F,3413,158 reps - s,,158,Portugal,CrossFit Montijo,39
2948342,Paula Vacher,F,3414,158 reps - s,,158,Australia,,36
1612246,Anna Ramsay,F,3415,158 reps - s,,158,Australia,Peak Project CrossFit,45
2400740,Jackie Oneill,F,3416,158 reps - s,,158,Australia,Hundred Ten CrossFit,41
2930744,Galia Verchik,F,3417,158 reps - s,,158,Israel,CrossFit Rishon City,37
2915756,주아 김,F,3418,158 reps - s,,158,Korea (the Republic of),CrossFit Redwood,26
2918181,Anna Swat,F,3419,158 reps - s,,158,Poland,CrossFit Poznan,40
2794301,Brittany Beveridge,F,3419,158 reps - s,,158,United States,CrossFit Override,29
2798176,Abi Maiden,F,3421,157 reps - s,,157,United Kingdom,CrossFit JST,24
2934171,Pauline Leclerc,F,3422,157 reps - s,,157,France,CrossFit Epinal,26
2690265,Isabell Couval,F,3423,157 reps - s,,157,Germany,CrossFit Albstadt,43
2963376,Stacey Sawford,F,3424,157 reps - s,,157,United Kingdom,Six Hills CrossFit,37
65229,Sarah Williams,F,3425,157 reps - s,,157,United States,CrossFit Plant City,39
2945765,Bec Parkes,F,3426,157 reps - s,,157,Australia,CrossFit Sapphire,51
2939767,Daniela Fontes,F,3427,157 reps - s,,157,Portugal,5.7 CrossFit,44
2642147,Courtney Joerger,F,3428,157 reps - s,,157,United States,CrossFit Unmatched,34
2954343,Kay Poole,F,3429,157 reps - s,,157,United Kingdom,CrossFit Oakham,39
2944124,Rebecca Lampe,F,3429,157 reps - s,,157,Australia,CrossFit Three Flow,52
2836070,Doris Schlichter,F,3431,156 reps - s,,156,Germany,CrossFit Live and Lift,42
2078770,Beck Bradley,F,3432,156 reps - s,,156,United States,Rockaway CrossFit,33
2933907,Laura Rivolta,F,3433,156 reps - s,,156,Italy,CrossFit Varese,39
2920487,Rosanne Kadlec,F,3434,156 reps - s,,156,United Kingdom,732 CrossFit,49
2944392,Monika Sabaj,F,3435,156 reps - s,,156,Poland,CrossFit Elektromoc,41
2911858,Marlenne Trinidad,F,3436,156 reps - s,,156,Puerto Rico,CrossFit Desvio 142,32
2811127,AI YOSHIKAWA,F,3437,156 reps - s,,156,Japan,CrossFit Veedol,44
2844532,Gwenaelle Renard,F,3438,156 reps - s,,156,France,CrossFit Histía,40
2950234,Sara Hoolihan,F,3439,156 reps - s,,156,Australia,CrossFit 2400,35
2913167,Caroline-Luisa CLEMENT-PERRIN,F,3440,155 reps - s,,155,Colombia,CrossFit Trévoux,39
26257,Lynn Thomas,F,3441,155 reps - s,,155,Canada,CrossFit Solano,54
2600578,Lavinia Birgoz,F,3442,155 reps - s,,155,Romania,Metronome CrossFit,37
2944726,Julie Coudrain,F,3443,155 reps - s,,155,France,CrossFit Le Mans,36
2930015,Tanya Solan,F,3444,155 reps - s,,155,Ireland,CrossFit Leixlip,34
237577,Sarah Jeanne Johnson,F,3444,155 reps - s,,155,United States,CrossFit Trinity,38
2818456,Ilaria Epifano,F,3446,155 reps - s,,155,Italy,CrossFit Glasgow,39
2218343,Monica Dickey,F,3447,155 reps - s,,155,Australia,Macarthur CrossFit,39
2972556,Celia JOHNSON,F,3448,154 reps - s,,154,United Kingdom,CrossFit Oxhouse,49
2412104,Janel Lieber,F,3449,154 reps - s,,154,United States,Centered CrossFit,42
2944856,Ines Vasile,F,3450,154 reps - s,,154,Belgium,CrossFit Sauvage,25
2912788,Sarah Munshi,F,3801,155 reps - f,,155,India,Charge CrossFit Reservoir,24
2945268,Helene Loconte,F,3802,152 reps - f,,152,France,CrossFit Grenoble,34
2903978,Hayley Morgan,F,3803,151 reps - f,,151,United Kingdom,CrossFit Humber,29
2907535,Claire Coulson,F,3804,151 reps - f,,151,United Kingdom,Charge CrossFit Reservoir,51
2627096,Telma Guimarães,F,3805,151 reps - f,,151,Brazil,CrossFit Carcará,46
2954996,Andrea Hansen,F,3806,150 reps - f,,150,Norway,CrossFit Mysen,41
991109,Stephanie McMaster,F,3807,150 reps - f,,150,Australia,CrossFit Huski,31
2950676,HSIN CHING LI,F,3808,149 reps - f,,149,Chinese Taipei,CrossFit Six-Forty,44
2950305,Li Peichi,F,3809,145 reps - f,,145,Chinese Taipei,CrossFit Six-Forty,35
2922980,Suzanne Harrison,F,3810,144 reps - f,,144,United Kingdom,CrossFit Moira,48
930570,Lauren Keach,F,3811,144 reps - f,,144,United States,CrossFit Loco Ocho,36
2942577,Giusi Parisi,F,3812,144 reps - f,,144,Italy,CrossFit Maddox,54
2967868,Thatohatsi Radihlare,F,3813,141 reps - f,,141,South Africa,CrossFit Alberton 2.0,27
2934139,Jéssica Brito,F,3814,141 reps - f,,141,Brazil,CrossFit City Wolves,29
2964456,Anna Quirante,F,3815,139 reps - f,,139,Philippines,CrossFit Prime Ape Club,33
1506617,Jolene Gallagher,F,3816,138 reps - f,,138,Ireland,CrossFit Leixlip,45
2937496,Pietra Melo,F,3817,138 reps - f,,138,Brazil,CrossFit Carcará,27
2936316,Emily STREETER,F,3818,138 reps - f,,138,Australia,CrossFit Bounce,37
2799825,Sarah Harvey,F,3819,135 reps - f,,135,Australia,CrossFit Bairnsdale,42
2971718,Huang Chun Yu,F,3820,133 reps - f,,133,Chinese Taipei,CrossFit Six-Forty,30
2914014,Nicole Judge,F,3821,131 reps - f,,131,Australia,CrossFit TWA,36
2927167,Stephanie Wolmarans,F,3822,131 reps - f,,131,South Africa,,34
2489210,Jorja Handebo,F,3823,131 reps - f,,131,Australia,CrossFit Ulladulla,18
1493160,Kirsten Jonassen,F,3824,129 reps - f,,129,United Kingdom,CrossFit Tweedbank,51
2970857,Kazumi Ueno,F,3825,129 reps - f,,129,Japan,Seto CrossFit,48
2940466,Adrienne Giannini,F,3826,127 reps - f,,127,Australia,Macarthur CrossFit,31
2919976,Madison Sabo,F,3827,126 reps - f,,126,United States,Green Fire CrossFit,34
2932887,Jackie McCoy,F,3828,122 reps - f,,122,United Kingdom,CrossFit Bath,32
2972241,Lavina Campbell,F,3829,121 reps - f,,121,United Kingdom,CrossFit Bath,22
2923941,Li-Shan Liu,F,3830,121 reps - f,,121,Chinese Taipei,CrossFit Lilian,39
2929737,Lily Peles,F,3831,119 reps - f,,119,Ireland,CrossFit Leixlip,45
2828308,Sneha Nadagouda,F,3832,117 reps - f,,117,India,I Think CrossFit,41
2905455,Evelien Drijver,F,3833,116 reps - f,,116,Netherlands,CrossFit SoWieSo,39
2967470,Amala Jolly,F,3834,116 reps - f,,116,India,I Think CrossFit,32
2808782,Shubha Gandhi,F,3835,115 reps - f,,115,India,I Think CrossFit,41
2913385,Stephanie lee Swallow,F,3836,111 reps - f,,111,United States,CrossFit Spongers,37
2954552,Enhua Tu,F,3837,110 reps - f,,110,Chinese Taipei,4SC CrossFit,29
2807110,Felicitas Cid Berg,F,3838,106 reps - f,,106,Dominican Republic,Puerto Plata CrossFit,20
2971955,Rumi Kawamura,F,3839,101 reps - f,,101,Japan,CrossFit Hachinohe,46
2941419,Wentanoron Beauvais,F,3840,99 reps - f,,99,Canada,Kahnawake CrossFit,38
1803093,Betsy Prado,F,3841,96 reps - f,,96,United States,Uvalde CrossFit,54
2963048,Jessica Rowe,F,3842,93 reps - f,,93,United Kingdom,Cattle Dog CrossFit,28
2920451,Claudia Stahl,F,3843,92 reps - f,,92,Germany,CrossFit Elmshorn,53
2904574,Jessie Hong,F,3844,86 reps - f,,86,China,CrossFit CBD,24
2927540,Veronika Gozland,F,3845,78 reps - f,,78,Israel,CrossFit Krayot,48
2939217,wenju ko,F,3846,67 reps - f,,67,Chinese Taipei,CrossFit Lilian,47
2942092,摩耶 石黒,F,3847,2 reps - f,,2,Japan,CrossFit Hodogaya,26
2540853,Emma Birch,F,51,287 reps,,287,New Zealand,CrossFit Porirua,22
2087256,Georgia Macdonald,F,52,287 reps,,287,Australia,CrossFit Remi,25
2063372,Ana Toffolo,F,53,287 reps,,287,Brazil,CrossFit Navitas,33
685803,Lisa Moseley,F,54,287 reps,,287,Australia,CrossFit Bil Athletic,39
2652293,Ashleigh McDonald,F,55,286 reps,,286,Australia,CrossFit Lactic,23
2597682,Georgina Shrapnell,F,56,286 reps,,286,New Zealand,Thorndon CrossFit,21
2916922,Tiana Laporte,F,57,286 reps,,286,Italy,CrossFit Biel-Bienne,29
2373744,Gabrielle Gilmore,F,58,286 reps,,286,Australia,CrossFit TWA,21
2970012,Kelsea Sloss,F,58,286 reps,,286,United States,CrossFit Incite,31
15618,Courtney Fitzharris,F,58,286 reps,,286,Australia,CrossFit Northbound,32
2755936,Cameron McGaughey,F,58,286 reps,,286,Ireland,CrossFit Southend,26
2905579,Alison Ebzery,F,58,286 reps,,286,Australia,Freezing Hot CrossFit,28
2919952,Katherine Fisher,F,63,286 reps,,286,United Kingdom,West Leeds CrossFit,28
2004131,Stephanie Whittingham,F,64,285 reps,,285,Australia,CrossFit Brisbane,32
1961466,Fulya Büyükleblebi,F,65,284 reps,,284,Türkiye,CrossFit TLAB,25
347205,Lauren Higgins,F,66,284 reps,,284,Australia,CrossFit Dubbo,38
1369855,Jaclyn Vietheer,F,67,283 reps,,283,Australia,CrossFit Ipswich,33
2799857,Briony Wright,F,68,282 reps,,282,Australia,CrossFit 168 Alexandria,28
2839539,Ijeoma Osisi,F,69,282 reps,,282,United Kingdom,CrossFit West Melbourne,27
2802712,Megan Marshall,F,70,281 reps,,281,United States,,30
2942905,Alex Bates,F,71,280 reps,,280,United Kingdom,Cattle Dog CrossFit,32
2069561,Krystle Bevan,F,72,279 reps,,279,Australia,CrossFit 505,40
1821725,Khaarla Tavoi,F,73,279 reps,,279,New Zealand,CrossFit Whangarei,26
1165438,Jiayu Dong,F,74,279 reps,,279,China,P1 CrossFit,30
1499393,Holly Brand,F,75,278 reps,,278,United Kingdom,CrossFit JST,26
1346987,Nicola McArthur,F,76,278 reps,,278,United Kingdom,Claymore CrossFit,45
2397661,Maryth Hunter,F,77,278 reps,,278,United Kingdom,Claymore CrossFit,30
1254050,Anna Golding,F,78,278 reps,,278,Australia,CrossFit Verge,37
2972159,Zoe Atkinson,F,79,278 reps,,278,United Kingdom,,42
2972112,Rebecca Riggs,F,79,278 reps,,278,United Kingdom,CrossFit Retford,30
2964897,Ebony Monro,F,79,278 reps,,278,Australia,CrossFit Wollongong,22
2784502,Saskia Schneebeli,F,79,278 reps,,278,Switzerland,CrossFit A4 Affoltern am Albis,22
2666085,Rachel Koopman,F,83,277 reps,,277,Australia,Freezing Hot CrossFit,26
2963571,Olivia Charlton,F,84,277 reps,,277,Australia,,23
1971413,Jenna Green,F,85,276 reps,,276,United States,CrossFit Solstice,39
2465364,Matilda Taylor,F,86,276 reps,,276,Australia,CrossFit TWA,23
1086496,Sally Mikhael,F,87,276 reps,,276,Egypt,Raw Iron CrossFit,40
2391956,Laura Parkinson,F,88,276 reps,,276,United Kingdom,CrossFit Wigan,34
2750068,Niamh Marshal,F,89,275 reps,,275,Ireland,Equip CrossFit,27
2825730,Tonje Fager Jørgensen,F,90,275 reps,,275,Norway,CrossFit Mysen,36
2141976,Jordi Gunn,F,91,275 reps,,275,Australia,CrossFit Brendale,34
1237306,Colette De Graaf,F,92,275 reps,,275,Netherlands,CrossFit Bink 36,43
2442873,Tennessee MERTZ,F,93,274 reps,,274,France,CrossFit Azalea,33
2859807,Aimee Cairns,F,94,273 reps,,273,Ireland,Steel Foundry CrossFit,33
2053448,Jade Keremelevich,F,95,273 reps,,273,Australia,CrossFit 6714,21
500898,Jesse Friedl,F,96,273 reps,,273,United States,CrossFit Backland,35
651806,Marjorie Daman,F,97,273 reps,,273,France,,36
1775838,Rachael Stapleton,F,98,272 reps,,272,Ireland,CrossFit Green,34
2785532,Christiane Le Clercq,F,99,272 reps,,272,Netherlands,CrossFit Dom City,38
2482800,Kelly Paterson,F,100,271 reps,,271,United Kingdom,Coast Side CrossFit,33
2930154,Solène Cassar,F,400,239 reps,,239,France,CrossFit Grand Baie,23
2702664,Ariane Roy-Vallieres,F,402,239 reps,,239,Canada,CrossFit Escape,30
2254848,Jeonga You,F,402,239 reps,,239,Korea (the Republic of),CrossFit Baegot,33
2148042,Freyja Morum,F,404,239 reps,,239,Australia,CrossFit Marrickville,29
2613731,Tiana Delion,F,405,239 reps,,239,Canada,CrossFit 2337,26
1873257,Holly Sheldon,F,406,239 reps,,239,United Kingdom,CrossFit Solent,27
2613102,Silvia Liberale,F,407,239 reps,,239,Italy,CrossFit 36100,32
101694,Matilda Vilmar,F,408,239 reps,,239,Sweden,CrossFit Gustavsberg,29
2938989,Burnet Amandine,F,409,239 reps,,239,France,CrossFit Grenoble,29
2512683,eonhwa hwang,F,410,238 reps,,238,Korea (the Republic of),,34
2822918,Lauren McNair,F,411,238 reps,,238,United Kingdom,CrossFit 1298,23
873823,Rosa Santangelo,F,412,238 reps,,238,Australia,CrossFit Mt Barker,38
1958580,Amy Alice Pocock,F,413,238 reps,,238,United Kingdom,Central Staffs CrossFit,33
2914429,Federica Bozzetto,F,413,238 reps,,238,Italy,CrossFit Venezia,30
2826753,Kristýna Coufalová,F,415,238 reps,,238,Czechia,CrossFit Stadion 1926,25
2846039,김 채영,F,416,238 reps,,238,Korea (the Republic of),CrossFit CSS,28
2970344,Ren Stoecklin,F,417,238 reps,,238,United States,CrossFit Kokua,35
1214510,Antonia Robinson,F,417,238 reps,,238,United Kingdom,I Am The Project CrossFit,43
2952292,Kirstyn Wylde,F,419,238 reps,,238,United Kingdom,Boundary CrossFit,24
2950746,Isabel Roux,F,420,238 reps,,238,South Africa,CrossFit PBM,47
1754007,Hannah Fimmel,F,421,238 reps,,238,Australia,Charge CrossFit,36
989268,Taylor Parsons,F,422,238 reps,,238,United States,Northstate CrossFit,37
2944228,Tanirose Tausie,F,422,238 reps,,238,New Zealand,,30
2247958,Kate Johnson,F,422,238 reps,,238,New Zealand,CrossFit Porirua,38
1695379,Carla van der Merwe,F,422,238 reps,,238,South Africa,CrossFit Porirua,47
2651797,Amanda Woodhams,F,422,238 reps,,238,Australia,CrossFit TWA,43
336471,Ellie Reagan,F,427,237 reps,,237,United States,Sköl CrossFit,37
2862114,Roshoshanna Tang,F,428,237 reps,,237,Singapore,CrossFit Mobilus Chinatown,21
2192938,Carly Balkin,F,428,237 reps,,237,Australia,CrossFit Escape,36
2828887,Rebekah Hilton,F,430,237 reps,,237,Australia,CrossFit Mt Barker,21
2943391,Francesca Alves,F,430,237 reps,,237,Australia,Sonder CrossFit,30
1820036,Shanise Ellis,F,432,237 reps,,237,Australia,565 CrossFit,33
1880547,Liana Mitchell,F,433,237 reps,,237,United Kingdom,Strength Lab CrossFit,26
2624232,Grace Derrick,F,433,237 reps,,237,Australia,CrossFit Roar,17
2397424,sujeong gwon,F,435,237 reps,,237,Korea (the Republic of),CrossFit Sasang,29
537675,Kelly Ivey,F,436,237 reps,,237,United States,CrossFit 926,38
2258619,Alice Bird,F,437,237 reps,,237,United Kingdom,Horsham CrossFit,36
2613711,Stefani Da Silva,F,437,237 reps,,237,Brazil,CrossFit Bethel,25
1575123,Kelly Bayldon,F,439,237 reps,,237,Australia,The Gym Condell Park CrossFit,40
2346008,Geysa Monteiro,F,440,237 reps,,237,Brazil,CrossFit 4566,38
962625,Heather Prada,F,440,237 reps,,237,Australia,CrossFit Chocolate Box,34
2280112,Jasmine Beacroft,F,442,237 reps,,237,Australia,CrossFit TWA,24
1380766,Roxy Diephuis,F,442,237 reps,,237,Netherlands,CrossFit Athletic,29
2214432,Tammy Fletcher,F,442,237 reps,,237,Australia,HomeFront CrossFit,44
2687945,Jaylyn Hands,F,445,236 reps,,236,Australia,CrossFit 2795,23
2233607,Clélia S.,F,446,236 reps,,236,France,CrossFit Vaise District,44
1964588,Amy Hall,F,447,236 reps,,236,Australia,CrossFit Underway,30
926864,Jenny Sennewald,F,448,236 reps,,236,United Kingdom,,37
2423611,Deborah Delmau,F,449,236 reps,,236,France,CrossFit Lauragais,33
2209420,Nikkita Murphy,F,449,236 reps,,236,Australia,,38
2923311,Agathe Tilmant,F,2751,244 reps - s,,244,France,CrossFit Heliades,33
2454122,Celeste Gullace,F,2752,244 reps - s,,244,Italy,CrossFit Arcore,36
2609402,Katy Percival,F,2753,244 reps - s,,244,United Kingdom,CrossFit Orpington,36
2905976,Joanne Dalziel,F,2754,243 reps - s,,243,United Kingdom,CrossFit Crawley,49
2960863,Chelsea Lee Gagne,F,2755,242 reps - s,,242,United States,CrossFit 696,33
2835965,Meritxell Ferru,F,2756,240 reps - s,,240,France,CrossFit Embrun,36
2425464,Lucy Winfield,F,2756,240 reps - s,,240,United Kingdom,Marlborough CrossFit,52
2837629,Jemma Lodder,F,2758,239 reps - s,,239,Australia,CrossFit Tannum Sands,39
2772965,Zalie Duffy,F,2759,239 reps - s,,239,Australia,CrossFit Coastal Edge,46
2915464,Pina Marsico,F,2760,239 reps - s,,239,Italy,Great Wave CrossFit,51
2950371,Sophie Mackey,F,2761,238 reps - s,,238,Australia,Dialogue CrossFit,29
2681925,Colleen Trolove,F,2762,238 reps - s,,238,New Zealand,CrossFit Louka,45
2829369,Emma Phillips,F,2763,238 reps - s,,238,United Kingdom,Station 14 CrossFit,46
2915008,Thalita Silva,F,2764,238 reps - s,,238,Brazil,CrossFit Drumcondra,33
2908467,Rikako Boylan,F,2765,238 reps - s,,238,Japan,Shogun CrossFit,47
2960371,Ai Robbins,F,2766,237 reps - s,,237,United States,,26
2666845,Alexandra Samperi,F,2766,237 reps - s,,237,France,CrossFit Embrun,43
2921170,Courtney Wilson,F,2768,236 reps - s,,236,Australia,CrossFit Resonate,41
2647221,Amber Gladstone,F,2769,236 reps - s,,236,Australia,EPT CrossFit,44
2927037,Hannah Black,F,2770,236 reps - s,,236,United States,CrossFit Monarch Borough Parade,35
2846904,Matilda Gobbett,F,2771,235 reps - s,,235,United Kingdom,,16
2972729,Ellie Beech,F,2772,235 reps - s,,235,United Kingdom,White Cliffs CrossFit,30
2715865,katharina chiu,F,2773,234 reps - s,,234,United States,Carbon Method CrossFit,34
2828242,Anna Chambers,F,2774,234 reps - s,,234,United Kingdom,CrossFit 258,41
2970737,Alison Sjoberg,F,2775,233 reps - s,,233,United States,Land Warrior CrossFit,32
2964349,Charlotte Mears,F,2775,233 reps - s,,233,Australia,CrossFit Huski,29
2970071,Holly Belshaw,F,2777,233 reps - s,,233,United Kingdom,CrossFit Preston,31
2816122,Holly Panting,F,2778,233 reps - s,,233,United Kingdom,CrossFit Navalia,39
2846087,Praepilai Songprasertkul,F,2779,233 reps - s,,233,Thailand,East West CrossFit,35
2939114,Inês Oliveira,F,2779,233 reps - s,,233,Portugal,CrossFit Tetuán,29
2940969,Chi Cantrell,F,2781,232 reps - s,,232,Australia,CrossFit Unrest,31
2938494,Noelia Mata,F,2781,232 reps - s,,232,Spain,CrossFit CFSL San Lorenzo de El Escorial,43
2868860,Angela Stowell,F,2781,232 reps - s,,232,United Kingdom,CrossFit Crawley,49
2125548,Mya Khine,F,2784,232 reps - s,,232,United Kingdom,CrossFit Crawley,47
2888800,Kaesha Nairn,F,2785,232 reps - s,,232,New Zealand,CrossFit Remi,23
2972554,Zane Winter,F,2786,232 reps - s,,232,United Kingdom,Horsham CrossFit,39
2922987,Caroline Morris,F,2786,232 reps - s,,232,United Kingdom,CrossFit Airdrie,42
1575821,Victoria Solis,F,2788,231 reps - s,,231,United States,CrossFit Whiskey6,34
2956525,Zhijing ZHOU,F,2789,231 reps - s,,231,China,Stud CrossFit,38
2827021,Alicia Waters,F,2790,231 reps - s,,231,United Kingdom,CrossFit Chippenham,40
2944094,Amélie Geneteix,F,2791,231 reps - s,,231,France,CrossFit Louvre,23
2971916,Gina Vidgen,F,2792,230 reps - s,,230,United Kingdom,CrossFit Cardiff,41
2860258,Juliana Sánchez Missao,F,2792,230 reps - s,,230,Spain,CrossFit La Cala,44
2926553,Josephine Wyborn,F,2794,229 reps - s,,229,Australia,CrossFit Reclaim,32
1803259,Kelsea Higgins,F,2795,229 reps - s,,229,Australia,First Point CrossFit,35
2965585,Itsaso Aretxabala,F,2796,228 reps - s,,228,Spain,White Grizzly CrossFit,39
1312088,Manon Pastor,F,2797,228 reps - s,,228,France,CrossFit La Croix-Valmer,36
2831693,Eleanor Cox,F,2798,228 reps - s,,228,Australia,CrossFit Ulladulla,33
2921849,Katy Grainger,F,2799,228 reps - s,,228,United Kingdom,732 CrossFit,48
2965643,Melinda Langford,F,2800,228 reps - s,,228,Australia,CrossFit Narlie,41
2790629,Kristen Blanchard,F,101,271 reps,,271,United States,CrossFit 103,25
17547,Danya Armstrong,F,102,271 reps,,271,United States,CrossFit Kaiserslautern,48
2659559,Mathilde Boute,F,103,271 reps,,271,France,CrossFit Ampuis,25
2787221,Valerie Bouchard,F,104,270 reps,,270,Canada,CrossFit Châteauguay,31
2806075,大 力,F,105,270 reps,,270,China,CrossFit N Plus,23
2916588,Stacey van Oyen,F,106,270 reps,,270,Australia,RFX Athletic CrossFit Bibra Lake,29
2936435,Ella Hutchinson,F,107,269 reps,,269,New Zealand,CrossFit Verge,28
1958426,Savana Hedman,F,108,269 reps,,269,United States,Flower City CrossFit,41
140233,Ashlee Pilgrim,F,109,269 reps,,269,Australia,CrossFit Wauchope,39
2489030,Holly Connors,F,110,269 reps,,269,Australia,CrossFit Bil Athletic,34
2241610,Niamh Kelly,F,111,268 reps,,268,Ireland,CrossFit Southend,27
872271,Katrina Gini,F,112,268 reps,,268,Australia,CrossFit Altitude,46
2001691,Toni-Jane Booth,F,113,268 reps,,268,United Kingdom,CrossFit JST,35
1818605,Kellie-Marie Bryan,F,114,268 reps,,268,United Kingdom,CrossFit Witham,38
1046873,Whitney Enis,F,115,268 reps,,268,United States,CrossFit 313,35
1981065,Sophie Chamberlain,F,116,268 reps,,268,United Kingdom,CrossFit Huntsman,47
118058,Asuka Burge,F,117,268 reps,,268,New Zealand,CrossFit Kia Maia,45
2674546,Adeline Ponsin,F,118,268 reps,,268,France,CrossFit F621,33
2357843,Katie Hawkins,F,119,268 reps,,268,United Kingdom,CrossFit Civitas,30
2236594,Monika Woodhouse,F,120,267 reps,,267,Australia,Rocks CrossFit,29
2126009,Boxmutti Andi,F,121,267 reps,,267,Germany,CrossFit MYWAY,34
1822243,Peyton Cook,F,122,266 reps,,266,United States,CrossFit Brunswick,33
182505,amy leisemann,F,123,266 reps,,266,Australia,Raw Iron CrossFit,33
2479923,Madi Swney,F,124,266 reps,,266,New Zealand,Mount CrossFit,26
2428943,Natalia Waluszko,F,125,265 reps,,265,Poland,CrossFit Elektromoc,36
2066463,Louise Hurley,F,126,265 reps,,265,Australia,BTS CrossFit,42
507842,Maya Walsh,F,127,265 reps,,265,Australia,,38
2907760,Ocean Critchley-Clark,F,128,265 reps,,265,United Kingdom,CrossFit Venezia,32
2867155,Izzy Dangerfield,F,129,265 reps,,265,United Kingdom,CrossFit Kelham,21
987170,Abbey Wright,F,130,265 reps,,265,United Kingdom,CrossFit Leicester,32
779587,Ruth Thomas,F,131,265 reps,,265,Australia,CrossFit Athletic,44
2666692,Jemma Kirke,F,132,264 reps,,264,Australia,Sagitta CrossFit,31
1684675,Bonnie Rostron,F,133,264 reps,,264,Australia,Injustice CrossFit,29
1956892,Estere Lismente,F,134,264 reps,,264,Latvia,CrossFit Riga,24
2328290,Anet Malinů,F,135,264 reps,,264,Czechia,CrossFit 14000 South,33
2719320,Mônica Bohrer da Silva,F,136,264 reps,,264,Brazil,Abba Box CrossFit,34
1230588,Rebecca Lennon,F,137,264 reps,,264,Australia,,33
2230101,Lisa Haas,F,138,264 reps,,264,Germany,CrossFit vor der Höhe,26
2625786,Becq Charline,F,139,264 reps,,264,Belgium,CrossFit Ambiorix,26
2929547,Inga Ritter,F,139,264 reps,,264,Germany,CrossFit Speyer,39
2146779,Lina Orlando,F,139,264 reps,,264,Italy,CrossFit Ballina,29
2927766,Jessie Manwaring,F,142,263 reps,,263,United States,CrossFit Drumcondra,35
1248621,Sophie Nonnenmacher,F,143,263 reps,,263,Germany,Motley Crew CrossFit,35
506313,Rhiannan Thomson,F,144,263 reps,,263,Australia,CrossFit 4165,31
2174355,Jodie Castel,F,145,263 reps,,263,Australia,CrossFit Adelaide,54
2785366,Zoe Smith,F,145,263 reps,,263,New Zealand,,23
659967,Michelle Grenfell,F,147,263 reps,,263,United Kingdom,CrossFit Penzance,41
2607918,TANIA GIROTTO,F,148,263 reps,,263,Brazil,Abba Box CrossFit,38
638536,Bethanie Werner,F,149,263 reps,,263,United States,CrossFit Kapaa,50
2220276,Ella Solheim,F,150,263 reps,,263,Norway,Oya CrossFit,19
2674345,Erin Ferguson,F,449,236 reps,,236,South Africa,CrossFit PBM,43
2586654,Lara Borradaile,F,452,236 reps,,236,United Kingdom,CrossFit 258,22
2807987,Emmanuelle Decalion,F,453,236 reps,,236,France,Virtus Honor CrossFit,36
2874720,Evangeline Whitehead,F,454,235 reps,,235,New Zealand,CrossFit Bay of Islands,19
2189240,Reinbolt Léa,F,455,235 reps,,235,France,CrossFit Le Mans,30
2967582,Monique Swanepoel,F,456,235 reps,,235,South Africa,CrossFit MTVE,30
2673415,Tessa McKenzie,F,456,235 reps,,235,Australia,Rocks CrossFit,37
1220890,Michaela Couchman,F,458,235 reps,,235,Australia,Concept CrossFit,38
1989116,Chloe Siddons,F,459,235 reps,,235,Australia,CrossFit Sisyphus,26
259916,Olivia Mills,F,460,235 reps,,235,Australia,CrossFit 4165,47
1870518,Elena Risner,F,461,235 reps,,235,United States,Ft. Wright CrossFit,39
2016542,Taylor Cole,F,461,235 reps,,235,United States,CrossFit Greater Heights,34
1835323,Jessica Johansson,F,463,235 reps,,235,Norway,CrossFit Narvik,42
2423102,Gabby Mast,F,463,235 reps,,235,Australia,CrossFit Nook,31
2972048,Tanya Scott,F,465,235 reps,,235,United Kingdom,CrossFit Full Moon,47
2640304,Kaz Slater,F,465,235 reps,,235,United Kingdom,Horsham CrossFit,28
2223699,Agata Perenc,F,465,235 reps,,235,Poland,CrossFit Poznan,36
1130822,Lindsey VanSchoyck,F,468,234 reps,,234,United States,CrossFit Final Call,40
1799007,Roberta Trevisanato,F,469,234 reps,,234,Italy,CrossFit Venezia,48
2637001,Lacey Keller,F,470,234 reps,,234,United States,CGX CrossFit,40
747082,Rhiannon Upsall,F,470,234 reps,,234,Australia,CrossFit Moose Fitness,30
368045,Sarah Cutright,F,472,234 reps,,234,United States,CrossFit Unwritten,35
2180813,Georgia Koval,F,473,234 reps,,234,Australia,The Shed CrossFit,36
2748452,Devon Holt,F,474,234 reps,,234,United Kingdom,CrossFit Solent,31
2781319,Yi seul Jo,F,474,234 reps,,234,Korea (the Republic of),CrossFit Sound Wave,28
2168531,Abbey Morrice,F,474,234 reps,,234,Australia,CrossFit CrossAxed,24
2197324,Paige Knapp,F,474,234 reps,,234,Australia,HomeFront CrossFit,23
2248256,Jacqueline Pawl,F,478,234 reps,,234,Australia,CrossFit Southern Highlands,38
2604548,Abi Swift,F,479,234 reps,,234,United Kingdom,,28
2813873,Summer Hoban,F,479,234 reps,,234,Australia,CrossFit Kirrawee,21
2208133,Claire Houston,F,481,233 reps,,233,United Kingdom,CrossFit Scotland,40
2685553,Chaeyeon Heo,F,482,233 reps,,233,Korea (the Republic of),CrossFit Maka,30
2091329,Lizzie Robinson,F,483,233 reps,,233,Australia,CrossFit Cessnock,22
2186012,Jess Hooper-McCann,F,484,233 reps,,233,Australia,CrossFit Minerva,29
2232818,Sabina Todd,F,484,233 reps,,233,Australia,CrossFit Dux,46
1577965,Tamsyn Rutherford,F,486,233 reps,,233,New Zealand,CrossFit Porirua,35
1823817,Stella Freitag,F,487,233 reps,,233,Australia,Grandstand CrossFit,37
241580,Dana Kegel,F,487,233 reps,,233,United States,Celebration CrossFit,45
975887,Ali Warke,F,489,233 reps,,233,United Kingdom,CrossFit KVLR,34
1905627,Charlotte Assié,F,489,233 reps,,233,France,CrossFit Graoully,35
2955260,Maeva Brevet,F,489,233 reps,,233,France,CrossFit KR,30
826247,Christie Sawyer,F,489,233 reps,,233,United States,CrossFit Kokua,47
1649611,Natasha Storey,F,493,233 reps,,233,United Kingdom,BKW CrossFit,40
189791,Lindsay Dirkson,F,494,233 reps,,233,United States,CrossFit Flathead,42
2838136,Samantha Smith,F,495,233 reps,,233,Australia,CrossFit Kaya,26
2696871,Hannah Morris,F,495,233 reps,,233,United Kingdom,Horsham CrossFit,32
1455183,Kylie Hill,F,495,233 reps,,233,Australia,Iron Body CrossFit,38
2910922,Emma Plummer,F,498,232 reps,,232,Australia,Fuse CrossFit,37
1464316,Molly Rodgers,F,499,232 reps,,232,New Zealand,CrossFit Claremont,26
1209849,Ekaterina Tsykina,F,500,232 reps,,232,Russian Federation,CrossFit 19.05,47
680087,Gemma Lowe,F,1701,177 reps,,177,Australia,CrossFit Western Front,41
2701790,Lisa Allwood,F,1702,177 reps,,177,United Kingdom,CrossFit Rayleigh,42
2724255,Jessica Rocha,F,1702,177 reps,,177,Portugal,Warriors Base CrossFit,33
2946142,Raquel Withers,F,1704,177 reps,,177,Australia,CrossFit Shellharbour City,21
738934,Aimee Gloeckner,F,1705,177 reps,,177,United States,Cajun CrossFit,42
2671124,Naomie Kocurek,F,1706,177 reps,,177,United States,CrossFit off the Green,29
2905641,Goda Skirmantė,F,1706,177 reps,,177,Lithuania,CrossFit Kaunas,29
487311,Vicki Rains,F,1708,177 reps,,177,Australia,Kinetic Performance CrossFit,51
2482878,Larissa Milden,F,1709,177 reps,,177,United Kingdom,CrossFit Temple,40
2927112,Amie Geer,F,1710,177 reps,,177,Australia,CrossFit Remi,32
2180623,Joanna Teagle,F,1711,177 reps,,177,United Kingdom,CrossFit Cheddar Rising,33
2785370,Alexa Beets,F,1711,177 reps,,177,United States,CrossFit Birmingham,24
2649927,Magda Alcan,F,1711,177 reps,,177,United States,CrossFit Enforce,45
2797677,Gabriella Teixeira,F,1711,177 reps,,177,Brazil,Calido CrossFit,39
2814136,Paula Oldfield,F,1715,176 reps,,176,Australia,CrossFit Western Front,49
2874683,Olivia Thomson,F,1716,176 reps,,176,Australia,Charge CrossFit,30
2928125,Libby Sullivan,F,1717,176 reps,,176,Australia,CrossFit Noosa,35
482868,Anna Burton,F,1717,176 reps,,176,Australia,Kinetic Performance CrossFit,48
2939216,Shannyn Doherty,F,1719,176 reps,,176,Ireland,CrossFit Cookstown,22
1698458,KaraLee Barlow,F,1720,176 reps,,176,United States,CrossFit Vokse,35
2453122,Teilia Betz,F,1721,176 reps,,176,United States,CrossFit Fitness Coliseum,35
1561982,Jennifer Hunter,F,1722,176 reps,,176,United Kingdom,Injustice CrossFit,46
2496457,Giulia Mattoccia,F,1722,176 reps,,176,Italy,CrossFit Genzano di Roma,31
1955318,Alisha Daniels,F,1724,176 reps,,176,United Kingdom,179 CrossFit,29
2965877,Kate Louise Hassan,F,1725,176 reps,,176,Australia,Inbound CrossFit,36
2815179,Nadine Paterson,F,1726,176 reps,,176,United Kingdom,CrossFit Shire,35
752388,Melanie Brandan,F,1727,176 reps,,176,Australia,CrossFit Warragul,44
2416845,Chiling Yao,F,1727,176 reps,,176,Chinese Taipei,CrossFit Young,33
1813988,Nicky Russell,F,1727,176 reps,,176,Australia,RFX Athletic CrossFit Bibra Lake,43
2698426,Sarah Masonwells,F,1727,176 reps,,176,Australia,CrossFit Dubbo,46
2905614,Maddy Breen,F,1727,176 reps,,176,Australia,Macarthur CrossFit,19
2730302,Bianca Anton,F,1732,175 reps,,175,Romania,CrossFit Sibiu by EE,38
2589388,Lana Roux,F,1733,175 reps,,175,South Africa,CrossFit 10 Star,28
2850567,Yoon Youngbin,F,1734,175 reps,,175,Korea (the Republic of),CrossFit Vulcan,31
1795677,Julie Letreguilly,F,1735,175 reps,,175,France,CrossFit Sanzaru,38
2906691,Chloe Cross,F,1736,175 reps,,175,United Kingdom,T 800 CrossFit,33
588106,Cara Swann,F,1737,175 reps,,175,New Zealand,CrossFit 0435,43
1980163,Helen Young,F,1738,175 reps,,175,United Kingdom,CrossFit Fort Ashton,49
2840188,Lesley Crawford,F,1739,175 reps,,175,United Kingdom,CrossFit RTV,42
2054277,Amelia Conn,F,1740,175 reps,,175,Australia,CrossFit Dubbo,35
1014647,Kelly Loomis,F,1741,175 reps,,175,United States,CrossFit Kivnon,45
1244382,Erin Honor,F,1742,175 reps,,175,Australia,CrossFit Minerva Erina,44
2170500,Natalie Clampitt,F,1743,175 reps,,175,United Kingdom,CrossFit Solent,39
2200050,Marie Fischbach,F,1744,175 reps,,175,France,TRIBOK CrossFit,30
2960283,Jennah Bechara,F,1745,175 reps,,175,Australia,,16
2089273,Asha Abbott,F,1745,175 reps,,175,United Kingdom,CrossFit Fareham,43
2801352,Simona Bottà,F,1747,175 reps,,175,Italy,CrossFit Triple Tail,31
2423517,Lainey Anspach,F,1748,174 reps,,174,Australia,CrossFit Nook,43
2473805,Erja Mohd Suhaimy,F,1749,174 reps,,174,Malaysia,CrossFit West Melbourne,23
2053192,Laura Hall,F,1749,174 reps,,174,Australia,CrossFit Verge,37
2922882,Ingrid Coolen,F,1650,179 reps,,179,Netherlands,CrossFit Uden,48
1976501,Crystal Prom,F,1652,179 reps,,179,United States,CrossFit Good Land,34
2617122,Paolla Peluso Ramalho,F,1653,179 reps,,179,Brazil,CrossFit Tyranno,39
2170449,Madison Milton,F,1654,179 reps,,179,United States,CrossFit Psyched,31
2972826,Adriana Póvoas,F,1655,179 reps,,179,Portugal,CrossFit Montijo,32
1171354,Lauren Walkup,F,1656,179 reps,,179,United States,Centered CrossFit,37
1886849,Helen Alonso,F,1657,179 reps,,179,United States,Caution CrossFit Miami Lakes,29
678318,Cara Lionetti,F,1658,179 reps,,179,United States,CrossFit Ergon,47
2004137,Catherine Rae,F,1659,179 reps,,179,Australia,HomeFront CrossFit,50
2942139,Maria Silva,F,1659,179 reps,,179,Portugal,5.7 CrossFit,41
2822486,Barbi Joffe,F,1659,179 reps,,179,Australia,CrossFit Salt Strength,48
2903538,Rachel Dyakova,F,1659,179 reps,,179,United Kingdom,CrossFit Astraea,32
2795690,Abbey Stewart,F,1663,178 reps,,178,Australia,CrossFit Dubbo,26
1575221,Alana Murphy,F,1664,178 reps,,178,Australia,Dialogue CrossFit,35
266529,Ricki Hancart,F,1665,178 reps,,178,United States,CrossFit Corvus,37
2403567,Valentina Piergentili,F,1666,178 reps,,178,Italy,CrossFit Trigoria,47
2972057,Beatriz De Souza Ramos,F,1667,178 reps,,178,Australia,CrossFit Volume,26
2495630,Shelby Wyant,F,1668,178 reps,,178,United States,FTX CrossFit,35
2228315,Harriet Foster,F,1669,178 reps,,178,United Kingdom,CrossFit RnD,31
1580356,Julie Landry,F,1669,178 reps,,178,United States,CrossFit Fireground,45
2938368,Inesa Lukoševičienė,F,1671,178 reps,,178,Lithuania,SunCity CrossFit,33
2072708,Carolyn Hely,F,1672,178 reps,,178,Australia,CrossFit Chocolate Box Narrabeen,52
2908714,Lindsay Russell,F,1673,178 reps,,178,New Zealand,CrossFit Bay of Islands,41
2948637,Caitlin Pecsy,F,1674,178 reps,,178,Australia,CrossFit CQ,29
2932786,Solenn Vandwalle,F,1675,178 reps,,178,France,CrossFit LXII,29
1174744,Guining Wu,F,1676,178 reps,,178,China,CrossFit UltiLife,33
2964624,Natascha Osiecki,F,1677,178 reps,,178,Australia,,37
2464984,Shayna Siakimotu,F,1677,178 reps,,178,Australia,CrossFit Three Flow,29
2917943,Mackenzie Thompson,F,1679,178 reps,,178,Australia,CrossFit Hastings,28
2802431,Mary Newell,F,1680,178 reps,,178,Ireland,CrossFit Limitless,26
1888909,Elisa Zafferani,F,1680,178 reps,,178,San Marino,CrossFit 3 Towers,49
2965667,Rebekkah Ringham,F,1680,178 reps,,178,United Kingdom,CrossFit IOM,37
2599023,Ellen McNally,F,1683,177 reps,,177,Ireland,CrossFit St Kilda,25
2965109,Lucy Luck,F,1684,177 reps,,177,Australia,CrossFit Highfields,24
2972855,Ariana Fortes,F,1685,177 reps,,177,Portugal,WOOW CrossFit,32
2924793,Yu Tsukui,F,1686,177 reps,,177,Japan,CrossFit MGW,41
2396126,Hannah Oneill,F,1687,177 reps,,177,United Kingdom,RH10 CrossFit,46
2719045,Becky Rayner,F,1688,177 reps,,177,United Kingdom,The Northman CrossFit,36
2972049,Beth Donaldson,F,1689,177 reps,,177,New Zealand,Soar Performance CrossFit,29
2929477,Sally Price,F,1689,177 reps,,177,United Kingdom,CrossFit Humber,41
2789528,Emily Stobaugh,F,1691,177 reps,,177,United States,CrossFit Denton,27
1672596,Tegan Nixon,F,1692,177 reps,,177,Australia,Daylesford CrossFit,37
2966809,Jillian Manner,F,1693,177 reps,,177,Canada,CrossFit 1583,33
917636,Wendy Rodriguez,F,1694,177 reps,,177,United States,Summit CrossFit,28
2939219,Molly O'Neill,F,1695,177 reps,,177,Ireland,CrossFit Cookstown,21
2612009,Sze Yan Pui,F,1696,177 reps,,177,"Hong Kong, China",CrossFit Asphodel Kai Tak,38
2822911,Marina Morimoto,F,1697,177 reps,,177,Japan,CrossFit Roppongi,45
2952136,Bryony Ritchie,F,1698,177 reps,,177,United Kingdom,CrossFit Penzance,34
1761240,Diana Tafiy,F,1699,177 reps,,177,Russian Federation,CrossFit Roppongi,32
1585280,Erin Shah,F,1700,177 reps,,177,United States,CrossFit Newark,33
2457726,Whitney Dean,F,2350,144 reps,,144,Australia,CrossFit Bribie Island,39
2949806,Amandine Lanes,F,2352,144 reps,,144,France,CrossFit Rives,31
2593012,Amanda Truman,F,2352,144 reps,,144,United Kingdom,Marlborough CrossFit,48
2399505,Erin Hoekstra,F,2352,144 reps,,144,Netherlands,CrossFit SoWieSo,30
1953623,Jessie Denchman,F,2352,144 reps,,144,Australia,CrossFit Might,33
2276726,Veronika Nazarenko,F,2356,144 reps,,144,Russian Federation,CrossFit Udarnik,39
261509,Tracey McArdle,F,2356,144 reps,,144,Australia,CrossFit 3056,54
688553,Dora Urnieziute,F,2356,144 reps,,144,Lithuania,CrossFit Kaunas,38
2225177,Rebecca Herring,F,2356,144 reps,,144,Australia,CrossFit Roar,40
1104162,Dung Pham,F,2356,144 reps,,144,Viet Nam,VNTEAM CrossFit,39
2920424,Kirsty Sykes,F,2356,144 reps,,144,United Kingdom,CrossFit Furnace Fitness,39
2914243,Keana Laurente,F,2356,144 reps,,144,Australia,CrossFit Greater West,20
1585092,Larissa da silva Alves,F,2356,144 reps,,144,Brazil,CrossFit High Pulse,29
2972059,Danielle Burke,F,2364,144 reps,,144,United Kingdom,Remuera CrossFit,36
2662018,Rachel Currie,F,2364,144 reps,,144,Ireland,CrossFit Cookstown,25
2605362,Emilie Boyer,F,2364,144 reps,,144,France,CrossFit Draveil,26
2954053,Felicity Taylor,F,2364,144 reps,,144,Australia,CrossFit 2400,31
2927297,Jurgita Naseckaitė,F,2364,144 reps,,144,Lithuania,CrossFit Kaunas,32
2341049,Miranda Boyd,F,2364,144 reps,,144,Australia,CrossFit Neuro,48
2903125,Holly Lane,F,2364,144 reps,,144,United Kingdom,CrossFit Bristol North,41
755037,Ann Sebastian,F,2371,143 reps,,143,Australia,Sonder CrossFit,44
359699,Nicole Hunt,F,2372,143 reps,,143,United States,Camp Rhino CrossFit,35
2080388,Jess Nicholls,F,2373,143 reps,,143,Australia,,34
2624985,Hollie Wilson,F,2374,142 reps,,142,United Kingdom,Unit15 CrossFit,31
458695,Andrea Aptimes,F,2375,142 reps,,142,Australia,Charge CrossFit,43
654401,Emily Brooks,F,2376,142 reps,,142,United Kingdom,CrossFit Llanelli,48
2255620,Jolie Hänninen,F,2377,142 reps,,142,Finland,CrossFit Härkä,21
2219356,Vicky Courtney,F,2378,142 reps,,142,United Kingdom,CrossFit OzBox,44
2965264,Rachel Thompson,F,2379,142 reps,,142,Australia,CrossFit Narellan,36
2947883,Laura Cormack,F,2379,142 reps,,142,Australia,CrossFit Highfields,35
1289340,Annick Assembe Petitguillaume,F,2379,142 reps,,142,France,CrossFit Louvre,53
2136455,Amanda Fontaine,F,2379,142 reps,,142,Canada,,34
1207798,Amber Koen,F,2383,141 reps,,141,Australia,CrossFit Uplift,26
2640931,Lorena Atehortua,F,2384,141 reps,,141,United States,CrossFit Rosharon,33
419626,Blazenka Stewart,F,2385,141 reps,,141,Australia,CrossFit Sisyphus,54
511739,Karen Bramble,F,2386,141 reps,,141,Australia,CrossFit Southern Highlands,53
1297737,Andrea Rossi,F,2387,141 reps,,141,United States,CrossFit 310,38
2922893,Andrea Peralta Álvarez,F,2387,141 reps,,141,Spain,ClubOne CrossFit,24
2905861,Dainora Dieliautiene,F,2389,140 reps,,140,Lithuania,SunCity CrossFit,40
1556218,Flavia Felizola,F,2390,140 reps,,140,Brazil,CrossFit City Wolves,41
2972236,Agnès Galinié,F,2391,140 reps,,140,France,CrossFit Friendly,23
2903838,Laurie Nigon,F,2391,140 reps,,140,France,Berus CrossFit,35
2432858,Caroline Kirk,F,2393,140 reps,,140,United Kingdom,CrossFit Haddington,42
2951017,Ali Hooper,F,2393,140 reps,,140,United Kingdom,CrossFit OzBox,43
239431,Morgan Lee,F,2395,140 reps,,140,United States,CrossFit Ho'ola,37
2826729,Maya Collins,F,2396,140 reps,,140,United Kingdom,CrossFit Glasgow,26
575205,Doriana Parkin,F,2397,140 reps,,140,Canada,CrossFit East Woodbridge,48
2915240,Han Seo,F,2398,139 reps,,139,Korea (the Republic of),CrossFit RoofTop,37
2952254,Kim Dryden,F,2399,139 reps,,139,Australia,CrossFit Soar,39
2596005,Angela Vandenbroek,F,2400,139 reps,,139,Canada,Alberni Valley CrossFit,43
2965005,Jami Carter,F,3201,177 reps - s,,177,Australia,CrossFit TRG,25
2815133,Brenda Brocato,F,3201,177 reps - s,,177,United States,CrossFit Taylors,29
2856111,Mariana Alves Gaby,F,3203,177 reps - s,,177,Brazil,CrossFit Mairipora,37
2928646,Ashley Tillett,F,3203,177 reps - s,,177,United States,CrossFit Zeal,35
2929699,Els Van Gemert,F,3205,177 reps - s,,177,Netherlands,CrossFit Uden,30
2942953,Amy Roberts,F,3206,177 reps - s,,177,Australia,,35
2942322,Radmila Brocchi,F,3207,177 reps - s,,177,Italy,CrossFit Leixlip,33
940830,Jocelyn Goodfellow,F,3208,177 reps - s,,177,Australia,Demon CrossFit,49
1568174,Cyrise Weaire,F,3209,177 reps - s,,177,United Kingdom,T 800 CrossFit,44
950931,Callie Phillips,F,3210,177 reps - s,,177,Australia,CrossFit 43,32
2485932,Chelaine Gnäde,F,3210,177 reps - s,,177,South Africa,CrossFit Alberton 2.0,27
2924082,Laura Gil,F,3210,177 reps - s,,177,Colombia,CrossFit Southend,34
2916368,Krystina Frei,F,3210,177 reps - s,,177,United States,Free Will CrossFit,41
2948497,Minju Shin,F,3214,176 reps - s,,176,Korea (the Republic of),CrossFit Gonggam,30
2929936,Andressa Bartaioli da Silva,F,3215,176 reps - s,,176,Brazil,Republica CrossFit,28
2809033,Marina Siqueira,F,3216,176 reps - s,,176,Brazil,Reserva Campolim CrossFit,39
2819662,Mélissa Bourdelas,F,3217,176 reps - s,,176,France,CrossFit Chartres,24
2964174,Mandy Lomax,F,3218,176 reps - s,,176,United States,Washougal River CrossFit,41
2964111,Kirsty Hassett,F,3219,176 reps - s,,176,Australia,CrossFit Hijacked,29
2959669,YAN SUN,F,3220,176 reps - s,,176,China,Stud CrossFit,24
2665321,Elisabetta Ciaponi,F,3221,176 reps - s,,176,Italy,CrossFit Triple Tail,41
2212527,Leigh Draper,F,3222,175 reps - s,,175,United Kingdom,CrossFit Digbeth,54
2906945,keira lilly,F,3223,175 reps - s,,175,United Kingdom,732 CrossFit,17
2937662,Kate McKie,F,3224,175 reps - s,,175,New Zealand,CrossFit 7010 Nelson,43
1597263,Charissa Sutliff,F,3225,175 reps - s,,175,United States,CrossFit Tokë E Mirë,38
1234574,Hayley Forrest,F,3225,175 reps - s,,175,Australia,CrossFit Karuna,36
2869751,Aliche Prinsloo,F,3227,175 reps - s,,175,South Africa,CrossFit SCBC,28
117781,Debbie Wagner,F,3228,175 reps - s,,175,United States,CrossFit Crave,48
2795325,Mirthe Gevers,F,3229,175 reps - s,,175,Netherlands,CrossFit Uden,28
2823605,Abbi Thibodeaux,F,3230,175 reps - s,,175,United States,Vermilion CrossFit,23
1023928,Liezl Dreyer,F,3231,175 reps - s,,175,South Africa,CrossFit Masiphumelele,52
2945259,Lauren Pinnell,F,3232,175 reps - s,,175,United Kingdom,CrossFit Solent,32
1583750,Tamsin Swann,F,3232,175 reps - s,,175,United Kingdom,CrossFit Northumbria,33
2912345,Florinda Di Vita,F,3234,174 reps - s,,174,Italy,CrossFit Iris,40
2910943,Eunice Martinez,F,3235,174 reps - s,,174,France,CrossFit Le Mans,31
2923111,CARLA Pautz Carlos,F,3236,174 reps - s,,174,Brazil,CrossFit Canasvieiras,42
2972648,Thilia Anderson,F,3237,174 reps - s,,174,Australia,CrossFit Sisyphus,33
2918930,Sonia Trinez,F,3238,174 reps - s,,174,France,CrossFit Histía,43
2972764,Niamh Sims,F,3239,174 reps - s,,174,Ireland,CrossFit BFG,38
2923853,Mei Ching Lim,F,3240,174 reps - s,,174,Singapore,CrossFit Kampung,41
2916824,Luara Bom,F,3241,174 reps - s,,174,Brazil,Republica CrossFit,26
2405499,Carrie Davidson,F,3242,174 reps - s,,174,Australia,CrossFit CrossAxed,44
2921574,Mercedes Gazquez Rodriguez,F,3242,174 reps - s,,174,Spain,CrossFit Llucmajor,48
2920533,Bego Comino,F,3242,174 reps - s,,174,Spain,CrossFit Llucmajor,37
2914977,Heidi Ferreira,F,3245,174 reps - s,,174,United States,Four Creeks CrossFit,39
2006224,Lisa Wilson,F,3246,174 reps - s,,174,Australia,CrossFit 3850,35
2909104,Yulia Gaydukevich,F,3247,174 reps - s,,174,Ireland,CrossFit Leixlip,43
2829578,Daiane Godóe,F,3248,174 reps - s,,174,Brazil,Origem CrossFit,33
2954941,Cynthia Cousinier,F,3249,174 reps - s,,174,France,CrossFit L’archipel,28
2802196,Anette Winberg,F,3250,174 reps - s,,174,Norway,CrossFit Mysen,34
2970634,Ella Stiefler,F,3751,198 reps - f,,198,Australia,CrossFit Virtuous,25
2950561,Keren Rice,F,3752,198 reps - f,,198,United Kingdom,CrossFit Fort Ashton,48
2947704,Linda Koehler,F,3753,198 reps - f,,198,Australia,CrossFit Bairnsdale,46
2914503,Kathy Shen,F,3754,194 reps - f,,194,Chinese Taipei,CrossFit Lilian,35
2930486,Nayara Sponton,F,3755,194 reps - f,,194,Brazil,Origem CrossFit,33
2914531,Eva Genzor,F,3756,194 reps - f,,194,Spain,CrossFit LILS 28044,50
2965197,Célia HUART,F,3757,194 reps - f,,194,France,,33
1797369,Victoria Lucas,F,3758,193 reps - f,,193,United Kingdom,CrossFit Tunbridge Wells,47
1742217,Mary-anne Chalmers,F,3759,191 reps - f,,191,United Kingdom,CrossFit Resplendent,35
2409280,Adeline Gil Belchil,F,3760,188 reps - f,,188,France,CrossFit SP3C,38
2632630,Anne Flath,F,3761,187 reps - f,,187,Germany,CrossFit Erlangen,46
2960334,Mathilde Teixido-Musslin,F,3762,186 reps - f,,186,France,CrossFit Hemanta,35
2954492,Weiting Wang,F,3763,186 reps - f,,186,Chinese Taipei,CrossFit Six-Forty,35
2881630,HAEMIN LIM,F,3764,185 reps - f,,185,Korea (the Republic of),CrossFit Teamlab,34
2970814,MIHO KATO,F,3765,184 reps - f,,184,Japan,Seto CrossFit,50
2837693,Annette Hira,F,3766,184 reps - f,,184,Australia,CrossFit Reclaim,47
2933176,Germaine Maclennan,F,3767,183 reps - f,,183,United Kingdom,CrossFit Crawley,37
2936328,Irene Cannistra',F,3768,181 reps - f,,181,Italy,CrossFit Misterbianco,50
2965273,Pam Cordery,F,3769,179 reps - f,,179,Australia,CrossFit Bairnsdale,48
2918070,Rita Lin,F,3770,178 reps - f,,178,Chinese Taipei,CrossFit Six-Forty,46
2911038,Jennifer Araceli Uyana Toapanta,F,3771,178 reps - f,,178,Spain,CrossFit LILS 28044,24
101389,Candice Jones,F,3772,177 reps - f,,177,Australia,CrossFit Three Flow,41
2950304,HSIN JUNG Lee,F,3773,176 reps - f,,176,Chinese Taipei,CrossFit Six-Forty,34
2802715,Nia Finlay,F,3774,175 reps - f,,175,United Kingdom,CrossFit Crawley,41
2614159,Ilona Reijnen,F,3775,174 reps - f,,174,Netherlands,CrossFit Uden,33
2915196,Cristina Tescu,F,3776,173 reps - f,,173,United Kingdom,CrossFit OzBox,41
2960233,Tiffany-Diane Rhind,F,3777,173 reps - f,,173,Australia,CrossFit Three Flow,33
2907782,Evelyn Halton,F,3778,173 reps - f,,173,Ireland,CrossFit Leixlip,45
2951925,Roxie Tane,F,3779,173 reps - f,,173,New Zealand,,40
2481566,AH REUM HAN,F,3780,170 reps - f,,170,Korea (the Republic of),CrossFit Hoguk,28
26727,Christi Enfantino,F,3781,169 reps - f,,169,United States,CrossFit Milpitas,50
2928229,Maria OConnor,F,3782,168 reps - f,,168,United Kingdom,CrossFit Uckfield,42
2801931,Kaori Nakabo,F,3783,166 reps - f,,166,Japan,,39
2947652,Ayla Munday,F,3784,165 reps - f,,165,Australia,CrossFit Bairnsdale,17
2933470,Kayla Jennison,F,3785,165 reps - f,,165,Australia,CrossFit Bairnsdale,19
2960289,Cristina Mannina,F,3786,164 reps - f,,164,Italy,Reebok CrossFit Alcamo,34
2905208,Jana Gehrke,F,3787,164 reps - f,,164,United States,3-46 Grit CrossFit,41
2640500,Nancy Covello,F,3788,164 reps - f,,164,United Kingdom,Six Hills CrossFit,53
2784918,Angela Panfile,F,3789,162 reps - f,,162,United Kingdom,CrossFit Telford,32
2832960,Erika LENTINI,F,3790,160 reps - f,,160,Italy,Reebok CrossFit Alcamo,38
2918046,Martina Sanderson-Smith,F,3791,160 reps - f,,160,Australia,CrossFit Reclaim,47
2624226,Samantha Whitaker,F,3792,159 reps - f,,159,United Kingdom,Cattle Dog CrossFit,47
535860,Ranee Fagan,F,3793,159 reps - f,,159,Australia,,50
2948204,Erika Ocampo,F,3794,159 reps - f,,159,Philippines,CrossFit CrossAxed,29
2940258,Amanda Ray,F,3795,158 reps - f,,158,Australia,CrossFit Huski,31
2932308,Anne-Marie Billingham,F,3796,158 reps - f,,158,United Kingdom,CrossFit Tunbridge Wells,53
2970641,Grace Weiss,F,3797,156 reps - f,,156,Australia,CrossFit Virtuous,24
1963025,Sarah Brien,F,3798,156 reps - f,,156,Ireland,CrossFit Leixlip,44
2410893,Daviana Rivera,F,3799,156 reps - f,,156,Puerto Rico,Reto CrossFit,28
2913600,Courtney Campbell,F,3800,156 reps - f,,156,United States,CrossFit Kemah,38
2678632,Fernanda Restrepo,F,2901,211 reps - s,,211,Guatemala,,33
2949749,Gemma Wilcox,F,2902,211 reps - s,,211,United Kingdom,CrossFit Brough,36
2684037,Karina N Rosario Viera,F,2903,211 reps - s,,211,Puerto Rico,CrossFit 53,27
2817815,Eleonora Laurito,F,2904,210 reps - s,,210,Italy,CrossFit Varese,35
2629002,Touli Gobolos,F,2905,210 reps - s,,210,Australia,CrossFit Valve,41
2926875,Jodie Simpson,F,2906,210 reps - s,,210,Australia,CrossFit Bairnsdale,51
2932353,Tori Cosby,F,2907,210 reps - s,,210,United States,CrossFit En Fuego,28
2962732,Jessica Braby,F,2908,210 reps - s,,210,Australia,CrossFit TPF,35
2971229,혜지 우,F,2909,210 reps - s,,210,Korea (the Republic of),CrossFit RAON 2,28
2962521,Eva BIGNON,F,2910,210 reps - s,,210,France,CrossFit Rompsay,40
1231757,Hérica Melo,F,2911,210 reps - s,,210,Brazil,CrossFit Cactus,42
2391305,Hannah Lapham,F,2912,210 reps - s,,210,United Kingdom,CrossFit Penzance,44
2849531,Lucy Renmant,F,2913,210 reps - s,,210,United Kingdom,WhiteHart CrossFit,37
2943590,Fran Ingram,F,2914,210 reps - s,,210,United Kingdom,CrossFit Bodmin,34
2906585,Megan McKay-Smith,F,2915,210 reps - s,,210,United Kingdom,CrossFit Orpington,35
2903409,Paola Meneghel,F,2915,210 reps - s,,210,Brazil,Origem CrossFit,26
2929673,EUIJUNG CHOI,F,2917,210 reps - s,,210,Korea (the Republic of),CrossFit Able,40
2964892,Karissa White,F,2918,210 reps - s,,210,Australia,CrossFit Tannum Sands,33
2967772,Tine Josefine Normann,F,2919,210 reps - s,,210,Norway,CrossFit Narvik,37
2167427,Anne-claude Butzberger,F,2920,210 reps - s,,210,Switzerland,CrossFit Payerne,46
2192655,Alice Oomen,F,2921,210 reps - s,,210,Netherlands,CrossFit Uden,40
1949687,Masumi Ogane,F,2922,210 reps - s,,210,Japan,CrossFit Setagaya,33
2946698,heejung yu,F,2923,210 reps - s,,210,Korea (the Republic of),CrossFit Choongjun,33
2664517,Daniela WEEKES,F,2924,210 reps - s,,210,United Kingdom,CrossFit 258,45
2074691,Nora Tanner,F,2925,210 reps - s,,210,Switzerland,CrossFit Manufaktur,47
2925266,Rhonda McKeehan,F,2926,210 reps - s,,210,United States,CrossFit Camden,44
2917389,Hannah Westby,F,2927,210 reps - s,,210,United Kingdom,CrossFit Wessex,36
2972548,Caitríona OSullivan,F,2928,210 reps - s,,210,Ireland,CrossFit Drumcondra,26
2674559,Carolina Puttini,F,2929,210 reps - s,,210,Brazil,Equilíbrio CrossFit,45
2715008,Neta Cahanov,F,2929,210 reps - s,,210,Israel,CrossFit Rishon City,24
2938465,Audrey Billaud,F,2929,210 reps - s,,210,France,CrossFit Rezé,30
2926601,Min Hsuan Yang,F,2929,210 reps - s,,210,Chinese Taipei,CrossFit Six-Forty,32
2424007,Tahnee Abbott,F,2929,210 reps - s,,210,Australia,CrossFit Margaret River,40
2913893,Kimberley Jackson,F,2934,209 reps - s,,209,United Kingdom,CrossFit Crawley,43
2909471,Emma Bowers,F,2935,209 reps - s,,209,United Kingdom,CrossFit Tunbridge Wells,49
2174182,Rebecca Frigerio,F,2936,209 reps - s,,209,Italy,CrossFit Zola Predosa,25
2932500,yvonne T,F,2937,208 reps - s,,208,United Kingdom,CrossFit Theta,46
2895963,Bruna Justen,F,2938,207 reps - s,,207,Brazil,CrossFit Campeche,33
898319,Iria Malinowski,F,2939,207 reps - s,,207,Brazil,CrossFit Telêmaco Borba,38
1865976,Sandra Stubbs,F,2940,207 reps - s,,207,New Zealand,CrossFit Napier,48
2910560,Tamara Taylor,F,2941,207 reps - s,,207,Australia,CrossFit Hastings,54
1213727,Helen Kontogiannis,F,2942,207 reps - s,,207,Australia,CrossFit West Melbourne,53
2477589,xun ru zhou,F,2943,207 reps - s,,207,China,No One CrossFit,41
2946950,Liene Desloover,F,2943,207 reps - s,,207,Belgium,CrossFit LandMarck,38
1777408,Elizabeth Pryer,F,2943,207 reps - s,,207,Australia,Snake CrossFit,52
2600437,Gabika Belanová,F,2946,206 reps - s,,206,Slovakia,CrossFit All Folks,41
1563211,Elaine Thom,F,2947,206 reps - s,,206,United Kingdom,CrossFit JXL,52
2868858,Brianna Lerch,F,2948,206 reps - s,,206,United States,Groove CrossFit,35
2965092,Rhiannon Winter,F,2949,206 reps - s,,206,United Kingdom,,40
2940313,Magdalena Caban,F,2949,206 reps - s,,206,Poland,Second City CrossFit,46
2919761,Katie Micheletti,F,1601,181 reps,,181,United States,CrossFit Kokua,40
2648960,xiaoxia pan,F,1602,181 reps,,181,China,CrossFit WuLin,38
2913398,Gemma Louise Nelson,F,1602,181 reps,,181,United Kingdom,CrossFit Furnace Fitness,38
2444709,Racheal Bailey Bailey,F,1604,181 reps,,181,United Kingdom,CrossFit 115,46
2910582,Katy Piette,F,1605,181 reps,,181,United States,Vivamus CrossFit,23
2966321,Anna Marshall,F,1606,181 reps,,181,United Kingdom,CrossFit Disruption,38
936345,Ness Hartge,F,1607,181 reps,,181,Australia,CrossFit Dubbo,47
709741,Jo Buckler,F,1608,181 reps,,181,Australia,CrossFit 3850,41
2913322,Camille Roesch,F,1609,181 reps,,181,France,,34
2417584,Petra Bartkowiak,F,1610,181 reps,,181,Germany,CrossFit Essen,50
2660941,Jinhee Woo,F,1611,181 reps,,181,Korea (the Republic of),CrossFit Samson,39
2497056,Maite Anasagasti,F,1612,181 reps,,181,Spain,CrossFit Zurriola,41
2946464,Sara Dever,F,1613,181 reps,,181,United States,CrossFit Nook,31
2922723,Sohyun Park,F,1613,181 reps,,181,Korea (the Republic of),CrossFit 225,32
2582145,Youlynna Ameziane,F,1613,181 reps,,181,France,CrossFit Cagnes sur Mer,28
2788522,Margaret Carlotto,F,1613,181 reps,,181,Australia,HomeFront CrossFit,41
2068800,Lauren Colaiocco,F,1613,181 reps,,181,Australia,CrossFit Greater West,33
2654281,Rachel Riley,F,1618,180 reps,,180,Australia,CrossFit Magnus,41
2638240,Kara Mia Spano,F,1619,180 reps,,180,Australia,CrossFit Uplift,43
1732297,Caterina Redondo,F,1620,180 reps,,180,Italy,Shogun CrossFit,27
2245794,Emily McInnes,F,1621,180 reps,,180,Australia,CrossFit Southern Highlands,49
2463196,Ronja Billich,F,1622,180 reps,,180,Germany,CrossFit Voecklabruck,30
1005025,Katrina Sweet,F,1623,180 reps,,180,Australia,CrossFit Mooloolaba,40
2813466,Ulrike Rahlfs,F,1624,180 reps,,180,Belgium,CrossFit Aspis,49
2879047,Kelly Langston,F,1625,180 reps,,180,United Kingdom,CrossFit Furnace Fitness,51
2930077,Lindsay Rycenga,F,1626,180 reps,,180,United States,Mishigami CrossFit,35
2925942,Ting Shiuan Liu,F,1626,180 reps,,180,Chinese Taipei,CrossFit Lilian,29
2129940,Ann Mendel,F,1628,180 reps,,180,Australia,CrossFit The Shack,43
2924685,Destinee Byrd,F,1629,180 reps,,180,United States,Shogun CrossFit,24
2395655,Frauke Rost,F,1630,180 reps,,180,Luxembourg,CrossFit Pantheon,37
2083389,Penne Slaviero,F,1631,180 reps,,180,Australia,,50
720128,Simone Holley,F,1631,180 reps,,180,United Kingdom,CrossFit Solent,51
1636832,Aine Boyhan,F,1633,180 reps,,180,Ireland,CrossFit CrossAxed,34
1568438,Louise Strong,F,1633,180 reps,,180,United Kingdom,X Lab CrossFit Worthing,42
50836,Melanie Smith,F,1635,180 reps,,180,United States,OTAC CrossFit,40
1327629,Louise Garrett,F,1635,180 reps,,180,Australia,The Peoples Gym CrossFit,39
2952164,Amy Walton,F,1635,180 reps,,180,United Kingdom,CrossFit Cramlington,30
2935719,Coralie Cogant,F,1635,180 reps,,180,France,CrossFit Callisto,22
2235323,Georgia Warburton,F,1639,179 reps,,179,United Kingdom,CrossFit Solent,32
2707552,Kate Hannelly,F,1640,179 reps,,179,Australia,CrossFit Dubbo,24
1934255,Giulia Oberto,F,1641,179 reps,,179,Italy,CNT CrossFit,26
2936406,Tamara Williams,F,1642,179 reps,,179,Australia,MSF CrossFit,37
2603767,YUNSEON LEE,F,1642,179 reps,,179,Korea (the Republic of),Musclespoon CrossFit,23
2837823,Lucy Hunkin,F,1644,179 reps,,179,Australia,Sonder CrossFit,28
2355344,Gracie Moore,F,1645,179 reps,,179,United Kingdom,CrossFit Dire Wolf,38
2926581,Riley Pool,F,1645,179 reps,,179,United States,CrossFit FXT,24
2511037,Minjeong Kim,F,1647,179 reps,,179,Korea (the Republic of),CrossFit Samson,25
2789170,Nicola Y,F,1648,179 reps,,179,United Kingdom,The Northman CrossFit,37
2972908,MENGXI LIU,F,1649,179 reps,,179,China,No One CrossFit,36
2971884,Amber Shrestha,F,1650,179 reps,,179,Ireland,CrossFit Sligo,31
2923674,Lauren Hart,F,3051,192 reps - s,,192,United Kingdom,CrossFit Remi,44
2972787,Elsa Pennini,F,3052,192 reps - s,,192,Italy,CrossFit Rovigo,30
2953119,Tara Lavery,F,3053,192 reps - s,,192,United States,CrossFit Warrior Legion,46
691055,MistyDawn Brossart,F,3054,192 reps - s,,192,United States,CrossFit Jacksonville Beach,42
1992972,Retha Van Zyl,F,3055,192 reps - s,,192,Mauritius,CrossFit Grand Baie,40
2928714,Alana Moore,F,3056,191 reps - s,,191,New Zealand,CrossFit 7010 Nelson,35
2825223,Malgorzata Ostrowska,F,3057,191 reps - s,,191,Poland,CrossFit Elektromoc,35
2948354,Erika Divina,F,3058,191 reps - s,,191,Australia,CrossFit Torian,30
2608484,Briana Buggy,F,3059,191 reps - s,,191,United States,Down South CrossFit,31
2906022,Alison Farley,F,3060,191 reps - s,,191,United Kingdom,CrossFit Crawley,49
2926640,Kyoko Hirose,F,3061,191 reps - s,,191,Japan,CrossFit Roppongi,32
2603745,Kara Ingle,F,3062,191 reps - s,,191,United Kingdom,CrossFit Haddington,43
2945666,Sonja Grob,F,3063,191 reps - s,,191,Switzerland,CrossFit 8608,47
2593663,Karla Huth,F,3064,191 reps - s,,191,Australia,CrossFit Tempered Ormeau,50
2925252,Katie Sullivan,F,3065,191 reps - s,,191,United States,East Ridgefield CrossFit,26
2956460,Melanie David,F,3065,191 reps - s,,191,France,CrossFit 168,30
2833762,Lahni Bosworth,F,3065,191 reps - s,,191,Australia,CrossFit Access,38
1594052,Sharron Morrow,F,3065,191 reps - s,,191,United Kingdom,CrossFit Volentia,50
2746228,Chana Leib,F,3065,191 reps - s,,191,Israel,,46
2599762,Christi Naude,F,3070,190 reps - s,,190,New Zealand,CrossFit 0435,48
2961625,Victoria Girdlestone,F,3071,190 reps - s,,190,Australia,CrossFit Shellharbour City,35
2959242,Clelia Allirand,F,3072,190 reps - s,,190,France,CrossFit LE PUY,29
2919253,Yuhan Niu,F,3073,190 reps - s,,190,China,CrossFit Glasgow,22
2921003,Emilie Buffat,F,3074,190 reps - s,,190,Switzerland,CrossFit Carnotzet,42
2839987,danjela krasniqi,F,3075,190 reps - s,,190,Italy,CrossFit Modena,38
2822403,Yaiza Martin sanchez,F,3076,190 reps - s,,190,Spain,Informa CrossFit,24
2968947,Doroty Tannorella,F,3077,189 reps - s,,189,Italy,CrossFit Iris,43
334347,Jennifer Carle,F,3078,189 reps - s,,189,United States,Turnagain CrossFit Alaska,48
2944937,Maider Robles,F,3079,189 reps - s,,189,Spain,Black Grizzly CrossFit,30
2923880,Nikki Dey,F,3080,189 reps - s,,189,Australia,CrossFit Remi,39
2960234,Georgette Rowsell,F,3081,189 reps - s,,189,Australia,,18
2859878,Cristina Desandré,F,3081,189 reps - s,,189,Italy,Bars n Guns CrossFit,41
2008746,Bianca Harvey,F,3083,189 reps - s,,189,Australia,CrossFit Dubbo,35
2587906,Deborah Gil,F,3084,189 reps - s,,189,Ireland,CrossFit Green,44
2928081,Emily Earnshaw,F,3085,189 reps - s,,189,Australia,The Shed CrossFit,27
2084895,Diana Garcia,F,3086,189 reps - s,,189,United States,CrossFit Auburndale,40
1723625,Luisa Martinez,F,3086,189 reps - s,,189,Spain,La Fira CrossFit Sants,45
521090,Jade Brown,F,3086,189 reps - s,,189,Australia,Charge CrossFit Reservoir,43
2921162,Fay McNamara,F,3086,189 reps - s,,189,New Zealand,Tasman Bay CrossFit,42
2465963,Marion Balner,F,3090,188 reps - s,,188,France,CrossFit Chartres,27
2091538,Yalixa Lopez Torres,F,3091,188 reps - s,,188,United States,CrossFit Naranjito,42
1609085,Kelly Boone,F,3092,188 reps - s,,188,United States,Bloodline CrossFit,51
976470,Amy Jakobs,F,3093,188 reps - s,,188,New Zealand,CrossFit Porirua,53
2953154,Annabel Head,F,3094,188 reps - s,,188,Australia,CrossFit Soar,26
2471126,Emma Ashley,F,3095,188 reps - s,,188,Australia,CrossFit Hastings,30
2937289,Bella Smith,F,3096,187 reps - s,,187,Australia,CrossFit 2337,24
2920400,Caroline McGuinn,F,3097,187 reps - s,,187,Australia,CrossFit Bairnsdale,51
1264003,Louise Van Eden,F,3098,187 reps - s,,187,South Africa,CrossFit Alberton 2.0,45
2934907,Martina Lorenzini,F,3099,187 reps - s,,187,Italy,CrossFit Trigoria,32
2787849,Maria Ángeles Secilla Expósito,F,3100,187 reps - s,,187,Spain,CrossFit Llucmajor,49
1873725,Camilla Brogioni,F,901,213 reps,,213,Italy,CrossFit Iris,41
1525394,Megan Lohr,F,902,213 reps,,213,Australia,,30
2828789,Jetti Rossy,F,903,213 reps,,213,Luxembourg,CrossFit Valens,41
2637466,Cilla Lum,F,904,213 reps,,213,Australia,,46
2895736,Niamh Reid,F,905,213 reps,,213,United Kingdom,Sea City CrossFit,28
2397769,Tanah Thomas,F,905,213 reps,,213,United States,CrossFit Unrestrained,27
2802930,Elisha Muhn,F,907,212 reps,,212,Australia,CrossFit Narellan,35
1637694,Jessica Beasley,F,908,212 reps,,212,Australia,CrossFit Huey,42
2931865,Isabelle Jones,F,909,212 reps,,212,Australia,CrossFit Huski,27
2171224,Lara Ali,F,910,212 reps,,212,United Kingdom,CrossFit WDN,37
928856,Lorraine Tierney,F,911,212 reps,,212,Australia,CrossFit Chocolate Box Narrabeen,50
2912533,Sarah Marshall,F,912,212 reps,,212,United States,Sweaty N Salty CrossFit,34
2820661,Aleishia Henare-Bopp,F,913,212 reps,,212,New Zealand,CrossFit Wanaka,40
2437701,Sara Cohen,F,914,212 reps,,212,Israel,,38
300472,Josie Watson,F,915,212 reps,,212,Australia,BTS CrossFit,31
831392,Natalie McQuire,F,916,212 reps,,212,United Kingdom,,43
2701294,수미 정,F,917,212 reps,,212,Korea (the Republic of),CrossFit Gunja,24
2284674,Beth Anderson,F,918,212 reps,,212,United Kingdom,CrossFit Humber,29
2840260,Sousa de Oliveira Sindluce,F,919,212 reps,,212,Italy,CrossFit Frosinone,40
2929513,Danielle Weekes,F,920,212 reps,,212,United Kingdom,BKW CrossFit,36
1996146,Emma Betts-Gray,F,921,212 reps,,212,United Kingdom,CrossFit Oxhouse,34
2939421,Anke Feyaerts,F,922,212 reps,,212,Belgium,CrossFit Brug 6,47
1786461,SuYeon Kim,F,923,212 reps,,212,Korea (the Republic of),CrossFit GROOVEPLUS,36
2960871,Denise Knoll,F,924,212 reps,,212,Germany,CrossFit Amberg,34
2816892,Bronte Volkerts,F,925,212 reps,,212,Australia,CrossFit Ipswich,23
273961,Emily Wilson,F,925,212 reps,,212,Australia,CrossFit Ballina,37
2847119,Marta Gómez-Mascaraque Morales,F,925,212 reps,,212,Spain,,29
2840612,Tamara Berzins,F,925,212 reps,,212,Australia,CrossFit Tannum Sands,38
2941644,Brin Trisley,F,929,211 reps,,211,Australia,Freezing Hot CrossFit,22
2841497,Cho Soomin,F,930,211 reps,,211,Korea (the Republic of),,24
2607241,Mackenzie Hooper,F,931,211 reps,,211,Australia,CrossFit Tide Athletic,23
2781889,Harriet Travis,F,932,211 reps,,211,United Kingdom,CrossFit Braze,29
2600548,Francesca Pepi,F,933,211 reps,,211,Italy,CrossFit 55049 Viareggio,52
2819770,Michelle Chamoun,F,934,211 reps,,211,United States,CrossFit eXalted,34
2392188,Danielle Endycott,F,935,211 reps,,211,Australia,CrossFit 2147,35
1311309,Jennifer Thoreson,F,936,211 reps,,211,United States,CrossFit XBA,45
2955967,Lucy Davidson,F,937,211 reps,,211,United Kingdom,CrossFit Kirkintilloch,26
2971991,Dani Israel,F,938,210 reps,,210,Australia,CrossFit 2147,26
2901343,Rosalia Macovei,F,939,210 reps,,210,Romania,CrossFit Columna,37
470828,Melissa Jones,F,940,210 reps,,210,Australia,CrossFit Cessnock,35
2833244,Charlotte Lee,F,941,210 reps,,210,United Kingdom,CrossFit Tunbridge Wells,32
2926712,Tyla Mitchell,F,942,210 reps,,210,Australia,CrossFit 4551,31
2910968,Margarita Ogorman,F,943,210 reps,,210,Australia,,37
2967054,Chelsea Cleaver,F,944,210 reps,,210,United Kingdom,CrossFit Shadow Valley,32
2755663,Bez Charlotte,F,945,210 reps,,210,France,CrossFit Lead Your Life,37
2592817,Carla Dóro de Oliveira,F,946,210 reps,,210,Brazil,Taura CrossFit,32
2809303,Kaesan Landrigan,F,946,210 reps,,210,Australia,Macarthur CrossFit,38
145231,Joanne Kim,F,948,210 reps,,210,United States,Paradiso CrossFit,42
2911044,Hetty Slade,F,948,210 reps,,210,United Kingdom,CrossFit Fort Ashton,33
2909017,Eema Jakus Strand,F,950,210 reps,,210,Sweden,Majoren CrossFit,41
2822574,Claire PERNOLLET,F,2801,228 reps - s,,228,France,CrossFit Naoned,26
2917320,Anna Willaton,F,2802,228 reps - s,,228,Australia,CrossFit Moorabbin,24
2965004,Francicsa Norton,F,2803,228 reps - s,,228,Portugal,QMR CrossFit,28
2460319,Macy Feign,F,2803,228 reps - s,,228,United States,Summit CrossFit,25
2931537,Clare Penny,F,2803,228 reps - s,,228,United Kingdom,CrossFit IOW,54
2923795,Natalie Huuskes,F,2803,228 reps - s,,228,Australia,CrossFit Reclaim,36
2911764,Saida Navarro,F,2803,228 reps - s,,228,Spain,,33
2806624,Rebecca Thompson,F,2808,227 reps - s,,227,United Kingdom,Station 14 CrossFit,45
2249304,Ashley Davenport,F,2809,226 reps - s,,226,United States,CrossFit 611,32
2801100,Hilke Peek,F,2810,226 reps - s,,226,Netherlands,CrossFit Uden,46
2428949,Emma Kiely,F,2811,226 reps - s,,226,United Kingdom,CrossFit Chippenham,48
2966259,Katie Gowthorpe,F,2812,226 reps - s,,226,United Kingdom,Station 14 CrossFit,32
2276086,Vanessa Tymczyszyn,F,2813,226 reps - s,,226,United States,RCF CrossFit,36
2933889,claire Ragg,F,2814,225 reps - s,,225,United Kingdom,CrossFit ClydeSide,50
1828174,Lena Pascarella,F,2815,225 reps - s,,225,United States,Full Steam CrossFit,45
2204843,Teegan Smith,F,2816,225 reps - s,,225,Australia,Sagitta CrossFit Forrestdale,39
2970616,Shelby Sledge,F,2817,225 reps - s,,225,United States,CrossFit Flora,25
2915566,Shuyan Dong,F,2818,225 reps - s,,225,China,Hertz CrossFit,20
2929564,Delphine Sanchez,F,2819,224 reps - s,,224,France,CrossFit LXII,48
2933912,Joanne Jackson,F,2820,224 reps - s,,224,United Kingdom,CrossFit LDB,35
2882896,Iris Wun,F,2820,224 reps - s,,224,Malaysia,Informa CrossFit,43
2959932,YUN QIU,F,2822,223 reps - s,,223,China,Stud CrossFit,35
1716713,Joanne Wombwell,F,2823,223 reps - s,,223,United Kingdom,I Am The Project CrossFit,45
2946368,Wanetta Sayer,F,2824,223 reps - s,,223,New Zealand,CrossFit Da Vinci,40
1245358,Kayla-Rose Dooley,F,2825,223 reps - s,,223,Australia,CrossFit Mooloolaba,25
2836777,Maggie Butcher,F,2826,223 reps - s,,223,Australia,Flat White CrossFit Rhodes,36
2903378,Mel Van Huffel,F,2827,223 reps - s,,223,South Africa,CrossFit Moira,38
2947642,Isabella Murphy,F,2828,222 reps - s,,222,Australia,CrossFit 4720,24
2652963,emilie diruit,F,2829,222 reps - s,,222,France,CrossFit Teranga,47
2912898,Claire Tistounet,F,2830,222 reps - s,,222,Switzerland,CrossFit Le Rouge,33
1366937,Alaina Hayes,F,2831,222 reps - s,,222,United States,Clinch Valley CrossFit,28
1893525,Jodi Lovelace-Patrick,F,2832,221 reps - s,,221,United States,CrossFit Coal,45
2294095,Michelle Mueller,F,2833,221 reps - s,,221,United States,Down South CrossFit,37
2660310,Liene Sofija Melke,F,2834,221 reps - s,,221,Latvia,CrossFit Urban Tribe,42
2674145,Rikki-Lee Jackson,F,2835,221 reps - s,,221,Australia,CrossFit Ulladulla,36
2806868,Cristina Henriques Araújo,F,2836,221 reps - s,,221,Portugal,CrossFit Black Edition,38
2961289,Valentina Cola,F,2837,221 reps - s,,221,Italy,CrossFit Triple Tail,32
2919216,Aletia Basson,F,2837,221 reps - s,,221,South Africa,CrossFit Vredenburg,36
2333311,Ashleigh Walsh,F,2839,220 reps - s,,220,New Zealand,H1 CrossFit,40
2970613,Jess Parker,F,2840,220 reps - s,,220,Australia,,25
2968301,Melanie Howell,F,2841,220 reps - s,,220,United Kingdom,CrossFit Leeds,43
2964618,Linh Harradine,F,2841,220 reps - s,,220,Australia,CrossFit Tempered Ormeau,38
2956768,Tracey Walton,F,2841,220 reps - s,,220,United Kingdom,Cattle Dog CrossFit,51
2906526,Mary Ames,F,2844,219 reps - s,,219,United States,CrossFit Sulphur Springs,48
2691456,Caroline Motta,F,2845,219 reps - s,,219,Brazil,Ginge CrossFit,43
2786851,Tabatha Hampton,F,2846,219 reps - s,,219,United States,CrossFit Lake Wylie,45
361789,Jeni Brunet,F,2847,219 reps - s,,219,United States,CrossFit En Fuego,49
2955985,Fiona Rickard,F,2848,219 reps - s,,219,Ireland,CrossFit Lár na Tíre,29
2904513,Lucia Repaská,F,2848,219 reps - s,,219,Slovakia,CrossFit Proton,29
739555,Julia Patel,F,2850,219 reps - s,,219,Germany,Six Hills CrossFit,37
1769935,Paige Pomarenski,F,651,225 reps,,225,Canada,CrossFit Vernon,25
492040,Jessica Barry,F,652,225 reps,,225,Australia,CrossFit Bil Athletic,39
1393332,Carlotta Benvenuti,F,652,225 reps,,225,Italy,CrossFit Trastevere,36
2570767,Alyssa Brandeberry,F,652,225 reps,,225,United States,CrossFit AOP,38
2963705,Ariana Harrison,F,652,225 reps,,225,Australia,CrossFit Remi,25
2959131,Kiara Gervasi,F,652,225 reps,,225,Australia,CrossFit Bil Athletic,28
2958087,Fanny MÉLO,F,652,225 reps,,225,France,CrossFit Shinsekai,29
2256867,yun jung,F,652,225 reps,,225,Korea (the Republic of),CrossFit South Swell,49
2259180,Zoe Young,F,659,224 reps,,224,United Kingdom,CrossFit Lacemakers,35
1241678,Sue Muchmore,F,660,224 reps,,224,United States,CrossFit Sympatheia,50
2099158,Alexis Capille,F,661,224 reps,,224,United States,CrossFit R.D.T.,33
2946554,sarah pizzey,F,662,224 reps,,224,Australia,CrossFit United Bundaberg,36
2825702,Krystal Smith,F,663,224 reps,,224,Australia,CrossFit Western Front,20
1334266,Marilyn Mior,F,664,224 reps,,224,Canada,Wildfire CrossFit,34
1951264,Jen Leonard,F,665,224 reps,,224,Australia,Wolfe Den CrossFit,36
2196732,Ambia Tzaneros,F,666,224 reps,,224,Australia,CrossFit Southend,31
1190580,Beth Smith,F,667,224 reps,,224,"Hong Kong, China",CrossFit Asphodel,36
2212282,Sandi Bern,F,668,224 reps,,224,United Kingdom,CrossFit Airdrie,34
2784849,Gyeongmi Kang,F,669,224 reps,,224,Korea (the Republic of),CrossFit Peanut Butter,32
2910278,Lisa Hauret,F,670,224 reps,,224,France,Darioritum CrossFit,26
2204845,Cheryl Battles,F,671,224 reps,,224,United States,CrossFit Bison,47
2424826,Grasiela Tesser,F,672,224 reps,,224,Brazil,Steel Soldiers CrossFit,43
2208588,Zoe Slesser,F,673,224 reps,,224,United Kingdom,Mearns CrossFit,34
2616853,Abbey Lombe,F,673,224 reps,,224,Australia,CrossFit 2795,25
169967,Kether Barnett,F,673,224 reps,,224,United Kingdom,CrossFit Retford,36
2960681,Hannah Willshire,F,676,223 reps,,223,Australia,Peak Project CrossFit,34
2784171,Shyanne Dorsett,F,677,223 reps,,223,Australia,CrossFit Altitude,26
2914212,Clare Ballantyne,F,678,223 reps,,223,Australia,Seaside CrossFit Yeppoon,45
1602904,Amy Cameron,F,679,223 reps,,223,Australia,CrossFit Desire North,37
2163470,Kim Doherty,F,680,223 reps,,223,New Zealand,CrossFit Selwyn,38
1665524,Greta Pearce,F,681,223 reps,,223,New Zealand,,30
2084664,Susie Proffitt,F,682,223 reps,,223,Canada,Landmark CrossFit,50
2850892,Annelynn Meijer,F,683,223 reps,,223,Netherlands,CrossFit Salt Strength,33
1631166,Kirra Williams,F,684,223 reps,,223,Australia,Freezing Hot CrossFit,45
2801178,Julie Nilsen-Risøy,F,685,223 reps,,223,Norway,Reebok CrossFit Bryggen,22
2840288,Lauren Harrop,F,686,223 reps,,223,Australia,CrossFit Moorabbin,41
48441,Michelle Hernandez,F,687,223 reps,,223,United States,CrossFit Envision,46
1866835,Alison Fuller,F,688,223 reps,,223,Australia,CrossFit 5451,39
985422,Rebecca Wilkinson,F,689,223 reps,,223,Australia,CrossFit Chemistry,47
2817368,Kate Coates,F,690,223 reps,,223,Australia,CrossFit TWA,48
1759788,Scarlett Budden,F,691,223 reps,,223,Australia,Kinetic Performance CrossFit,27
2593908,Léa Doyon,F,692,223 reps,,223,Canada,,17
2502178,Hayley Kenyon,F,693,223 reps,,223,Australia,Third Circle CrossFit,27
2495873,Mia Wesson,F,694,223 reps,,223,United Kingdom,CrossFit Barnsley,52
2012117,Rebecca Starr,F,695,223 reps,,223,Australia,RFX Athletic CrossFit Bibra Lake,32
2932773,Elodie Pramil,F,695,223 reps,,223,France,CrossFit Calmeta,34
2214279,Carolyn Lusty,F,695,223 reps,,223,Australia,CrossFit Dux,42
1398922,Karina Duran,F,698,222 reps,,222,United States,CrossFit Kendall,29
2618535,Kate DiRaimo,F,699,222 reps,,222,United States,St. Helena CrossFit,27
2828766,Jeannetta Evans,F,700,222 reps,,222,Australia,CrossFit Active,31
1577295,Michelle Robinson,F,3501,150 reps - s,,150,United Kingdom,CrossFit Furnace Fitness,41
2936251,Andrea Kaliska,F,3502,150 reps - s,,150,Australia,CrossFit Tide Athletic,40
2957300,Julie Valadier,F,3503,150 reps - s,,150,Australia,565 CrossFit,49
2923982,Lou Mougel,F,3504,150 reps - s,,150,France,CrossFit 571,27
2806001,Mandy Dissanayake,F,3504,150 reps - s,,150,Sri Lanka,CrossFit Reclaim,36
2662354,Prune Barthelemy,F,3504,150 reps - s,,150,France,CrossFit Nakama,25
2972375,Chelsea Brewer,F,3507,149 reps - s,,149,Australia,CrossFit Shellharbour City,30
2933599,Anushka Jordaan,F,3508,149 reps - s,,149,South Africa,CrossFit Alberton 2.0,30
2920279,Andiswa Mpetshwa,F,3509,149 reps - s,,149,South Africa,CrossFit Razmig,40
2956257,Heping Zhong,F,3510,149 reps - s,,149,China,Stud CrossFit,41
2920851,Shavanna Domenie-zee,F,3511,149 reps - s,,149,Netherlands,CrossFit Staalmeesters Spijkenisse,30
2388960,Mika Kiyama,F,3512,149 reps - s,,149,Japan,CrossFit Roppongi,52
904137,Michelle Hogan,F,3512,149 reps - s,,149,Australia,CrossFit Huey,49
484966,Ebony Clark,F,3514,149 reps - s,,149,Australia,CrossFit 3850,37
2915669,Laura Murray,F,3515,149 reps - s,,149,Ireland,CrossFit Llucmajor,30
2231136,Marla Imperial,F,3516,149 reps - s,,149,Philippines,CrossFit ETHOS,38
2807299,Maria Zuniga,F,3517,149 reps - s,,149,Australia,CrossFit Ocean Grove,49
2904514,Tova Nachman,F,3517,149 reps - s,,149,United States,12 Labours CrossFit,34
2682174,Renate Piperud Huseby,F,3519,149 reps - s,,149,Norway,CrossFit Mysen,35
2674989,Shelley Wallace,F,3520,149 reps - s,,149,Australia,CrossFit Knoxfield,46
1787184,Lauren Burchell,F,3521,149 reps - s,,149,United Kingdom,CrossFit Iron Lion,33
2972765,Zoe Wilson,F,3522,149 reps - s,,149,United Kingdom,CrossFit Cairngorm,47
2431132,Alice Lee,F,3522,149 reps - s,,149,United Kingdom,CrossFit Tunbridge Wells,41
2919677,Cathy Marujo,F,3524,148 reps - s,,148,France,CrossFit Frankton,38
2914587,Luana Bimbato,F,3525,148 reps - s,,148,Brazil,Reino CrossFit,38
2902262,Kymie Watkins,F,3526,148 reps - s,,148,Australia,CrossFit Sapphire,35
2936863,Kelly Tilman,F,3527,148 reps - s,,148,France,CrossFit LXII,32
2002754,Natalie Rastall,F,3528,147 reps - s,,147,United Kingdom,CrossFit Rotherham,37
2942345,Carla Hamoy,F,3529,147 reps - s,,147,Israel,CrossFit Judaean Mountains,38
2935912,Kerry Ceradini,F,3530,147 reps - s,,147,Australia,CrossFit TRG,50
2959371,Alecia King,F,3531,147 reps - s,,147,United States,,27
2008245,Anna Wilkinson,F,3532,147 reps - s,,147,United Kingdom,CrossFit Glasgow,34
2949126,Martina Alber,F,3533,147 reps - s,,147,Germany,CrossFit Albstadt,49
2920700,Juliane Henne,F,3534,147 reps - s,,147,France,Antropos CrossFit Pierre-Bénite,38
2850889,Haruka Miida,F,3535,147 reps - s,,147,Japan,CrossFit Roppongi,31
2960426,Kayla Manalastas,F,3536,147 reps - s,,147,Philippines,CrossFit Gteknika,29
2930708,Monique Delhez,F,3537,147 reps - s,,147,Switzerland,CrossFit 1163,52
2924991,Anat Chmelnitzki,F,3538,146 reps - s,,146,Israel,CrossFit Rishon City,30
2943500,Michèle Bouffé,F,3539,146 reps - s,,146,Switzerland,La Paws CrossFit,42
2927126,Sheona Grant,F,3540,146 reps - s,,146,United Kingdom,CrossFit Penzance,44
2808702,Francesca Wilksch,F,3541,146 reps - s,,146,Australia,CrossFit Zenith,45
2909356,Renata Assis,F,3542,146 reps - s,,146,Brazil,CrossFit Carcará,32
2927684,Jacqueline Ferguson,F,3543,146 reps - s,,146,Australia,CrossFit Reclaim,22
2628637,Rhianna W,F,3544,145 reps - s,,145,Australia,CrossFit Dauntless,33
2936143,Laurie Matson,F,3545,145 reps - s,,145,United States,CrossFit Evolve,45
2828061,Caitlyn Gallagher,F,3546,145 reps - s,,145,Australia,CrossFit 2337,36
2941251,Amanda Nonnekes,F,3547,145 reps - s,,145,Netherlands,CrossFit Flamingo,39
2921116,Julie Khlifi Sebileau,F,3548,145 reps - s,,145,France,CrossFit Vesoul,31
2972304,Andrea Toro Taborda,F,3549,145 reps - s,,145,Colombia,CrossFit Southend,36
2960238,Josephine Rogers,F,3549,145 reps - s,,145,Australia,CrossFit Shellharbour City,41
2651314,Joann Eastwood,F,501,232 reps,,232,United Kingdom,Station 14 CrossFit,46
2796435,Jung Seola,F,502,232 reps,,232,Korea (the Republic of),CrossFit SP,35
1282308,Marion Paret,F,503,232 reps,,232,France,CrossFit Southend,30
2605942,Sarah Holloway,F,503,232 reps,,232,Australia,,23
2825478,Maddie Jones,F,505,232 reps,,232,Australia,CrossFit Southend,32
1544749,Carina Maisel,F,506,232 reps,,232,Germany,Riginal CrossFit Nürnberg,35
2681443,Manon Philbert,F,506,232 reps,,232,France,CrossFit Vinkere,31
2172749,Pernille Bjørnstad,F,508,232 reps,,232,Norway,CrossFit Elverum,37
2782675,Teresa Gual de Torrella,F,508,232 reps,,232,Spain,CrossFit Llucmajor,43
29371,Jodi Rheinberger,F,510,232 reps,,232,Australia,Grit Performance CrossFit,35
1646263,Emma Johnson,F,510,232 reps,,232,Australia,CrossFit Roar,35
2385884,Pippin McConachie,F,512,232 reps,,232,United Kingdom,CrossFit Belfast,44
2972829,Odile Debaille,F,513,232 reps,,232,Belgium,,37
1658393,Marissa Josselyn,F,513,232 reps,,232,Australia,Concept CrossFit,41
2937729,Christy Johnston,F,513,232 reps,,232,Australia,CrossFit Highfields,37
349475,Tosie Miall,F,516,231 reps,,231,Australia,CrossFit Hastings,42
2811376,Lauren O'Leary,F,517,231 reps,,231,Australia,CrossFit Moreton Bay,31
1577587,Sharon Holtaway,F,518,231 reps,,231,United States,CrossFit Inferno,26
475134,Amy Gebben,F,518,231 reps,,231,United States,CrossFit 926,43
2810431,Stacey Mugge,F,520,231 reps,,231,Australia,CrossFit 5451,31
513509,Jess Pobitzer,F,520,231 reps,,231,Austria,CrossFit Desire Central,49
2806317,Mailin Reinertsen,F,522,231 reps,,231,Norway,,37
982796,Marina Santos,F,522,231 reps,,231,Brazil,CrossFit Ulladulla,36
2487079,Lily McLeish,F,522,231 reps,,231,Australia,CrossFit Wollongong,26
2677074,Andreia Gaviraghi Farias,F,522,231 reps,,231,Brazil,Republica CrossFit,43
1343708,Taylah Lawlor,F,522,231 reps,,231,Australia,CrossFit 505,27
2192233,Milda Kaminskienė,F,527,231 reps,,231,Lithuania,CrossFit Kaunas,32
2909753,Lucy Bramley,F,528,231 reps,,231,United Kingdom,I Am The Project CrossFit,34
1479449,Milla Kuitunen,F,529,231 reps,,231,Australia,CrossFit Claremont,42
1294651,Tina Cotter,F,529,231 reps,,231,Australia,CrossFit Hervey Bay,45
2919881,Annie Gregory,F,531,231 reps,,231,United Kingdom,CrossFit Huntsman,33
2067033,Cassie Ciepiela,F,531,231 reps,,231,United States,CrossFit Vive,32
2434582,Manon Meauzoone,F,531,231 reps,,231,France,CrossFit Grands Lacs,33
2556299,Jessica Boyd,F,534,230 reps,,230,Australia,Innerbloom CrossFit,19
318351,Kirsten Creighton,F,535,230 reps,,230,Australia,CrossFit Huski,42
2470998,costes caroline,F,536,230 reps,,230,France,CrossFit Draveil,27
963580,Erin Core,F,537,230 reps,,230,Australia,CrossFit CrossAxed,45
2387869,Sarah Munoz,F,538,230 reps,,230,United States,CrossFit Hawthorne,24
2178656,Sam Gilroy,F,538,230 reps,,230,Australia,CrossFit Moor,30
2409769,Jessica Brooks,F,540,230 reps,,230,Australia,CrossFit Minerva,35
1199532,Ellese Morrissey,F,541,230 reps,,230,Australia,CrossFit Centaur Valor,34
693456,Belinda Evans,F,542,230 reps,,230,New Zealand,CrossFit Louka,44
1314358,Gwendoline Denis,F,543,230 reps,,230,France,CrossFit Shenron,27
2839516,Amy Herring,F,544,230 reps,,230,Australia,,23
2945875,Jessica Eyden,F,544,230 reps,,230,United Kingdom,CrossFit Deviant,33
2939613,suyeon moon,F,546,229 reps,,229,Korea (the Republic of),VX CrossFit,35
1256246,Denni Cassader,F,547,229 reps,,229,Italy,CrossFit Begin,50
2816316,Alessia Spina,F,548,229 reps,,229,Italy,Penta CrossFit,36
2405738,Bianca Henderson,F,548,229 reps,,229,Australia,CrossFit 5451,34
19669,Jenna Freschi,F,550,229 reps,,229,United States,Grass Valley CrossFit,37
2850142,Tamsin McGeown,F,2300,147 reps,,147,United Kingdom,CrossFit Civitas,52
1325863,Wiebke Neises,F,2302,147 reps,,147,Germany,Frankfurt CrossFit,49
2458876,Alysson Dylbaitys,F,2302,147 reps,,147,France,CrossFit Ternay,35
2972913,Kyra Ploeg,F,2304,147 reps,,147,Australia,,26
2971434,Maricela Lopez,F,2305,147 reps,,147,United States,CrossFit Santa Ynez Valley,39
1331043,Sarah Gray,F,2305,147 reps,,147,United Kingdom,Constant Pursuit CrossFit,39
2904210,Rebecca Moukarzel,F,2307,146 reps,,146,Australia,,29
2597341,XENIA PAPANTONI,F,2308,146 reps,,146,Greece,Dark Ace CrossFit,29
2940185,Tia Armit,F,2309,146 reps,,146,Australia,CrossFit Brisbane,30
2934861,Diandri Potgieter,F,2310,146 reps,,146,South Africa,CrossFit Ira,25
2960059,Yeonjin Jo,F,2310,146 reps,,146,Korea (the Republic of),CrossFit Yeowol,22
2663189,Cori Boyce,F,2312,146 reps,,146,United Kingdom,CrossFit One More Rep,34
2443653,Seung Yu,F,2313,146 reps,,146,Korea (the Republic of),CrossFit Cheongna,46
2614843,Dahmani Malika,F,2314,146 reps,,146,France,FWA CrossFit,50
2218937,Kim Porta,F,2314,146 reps,,146,United States,CrossFit 2C,54
2918940,Michelle Landeche,F,2316,146 reps,,146,United States,CrossFit Inspirit,42
2011119,Shaylee Moffitt,F,2317,146 reps,,146,United States,Salty Hive CrossFit,22
2804214,Lara-Theresa Bouwer,F,2318,146 reps,,146,South Africa,CrossFit 360Vida,22
2601066,Layla Birch,F,2318,146 reps,,146,United Kingdom,Horsham CrossFit,34
2915549,Marie Fournier,F,2318,146 reps,,146,France,CrossFit Albertville,27
2912959,Alex Saunders,F,2318,146 reps,,146,Australia,CrossFit Mango Lemon,34
2917379,Seniz Baumgart,F,2322,145 reps,,145,Switzerland,CrossFit Andelfingen,36
2928249,Zoë Mountjoy,F,2323,145 reps,,145,South Africa,CrossFit TG South Wing,25
1564876,Jasmine Barragan,F,2324,145 reps,,145,United States,Four Creeks CrossFit,43
2466864,Kelly Bonning,F,2324,145 reps,,145,United Kingdom,CrossFit Solent,49
2832316,YOONOK KIM,F,2326,145 reps,,145,Korea (the Republic of),CrossFit Gangnam,48
2509251,Stacy Olson,F,2326,145 reps,,145,United States,CrossFit JHAWKFitness,41
53952,Angela Drew,F,2328,145 reps,,145,Australia,Cornerstone CrossFit,40
1905044,Jiyu Kim,F,2329,145 reps,,145,Korea (the Republic of),Poss CrossFit,33
2905349,Grace Jeffrey,F,2330,145 reps,,145,Australia,Flat White CrossFit Rhodes,28
1687672,Stacy Kirton,F,2330,145 reps,,145,United Kingdom,I Am The Project CrossFit,49
2928416,Jonette Eckholdt,F,2332,145 reps,,145,Norway,CrossFit Revetal,28
2945390,Amy Shenfine,F,2333,145 reps,,145,United Kingdom,CrossFit Humber,27
901281,Karolina Oziomek,F,2333,145 reps,,145,United States,Middletown CrossFit,32
2238204,Kathleen Brust,F,2335,145 reps,,145,United States,,34
2944785,Victoria Sweeney,F,2335,145 reps,,145,United Kingdom,,35
2935828,Katharina Nemeth,F,2335,145 reps,,145,Austria,CrossFit Eisenstadt,38
2512204,Alicia McGregor,F,2335,145 reps,,145,Australia,CrossFit OneFive,27
2905184,Evalouna Maret,F,2335,145 reps,,145,France,CrossFit 168,27
2126917,Renata Zadro,F,2340,144 reps,,144,Australia,CrossFit Script,34
753827,Yarleny Cid,F,2341,144 reps,,144,Dominican Republic,Puerto Plata CrossFit,38
2946392,Elizabeth Devereux,F,2342,144 reps,,144,South Africa,,26
2972492,Erika Flyktig,F,2343,144 reps,,144,Finland,CrossFit Kemijärvi,22
2838279,Shelma N Martinez Perez,F,2343,144 reps,,144,Puerto Rico,CrossFit 53,49
2166348,Anke van Rooi,F,2343,144 reps,,144,South Africa,,30
2202865,Kanae Fujii,F,2343,144 reps,,144,Japan,CrossFit Roppongi,36
2946678,JJ Chantima,F,2347,144 reps,,144,Thailand,CrossFit Chiang Mai,32
470104,Maytal Shvartz,F,2348,144 reps,,144,United States,CrossFit 310,43
1878333,Claire Wigfall,F,2349,144 reps,,144,United Kingdom,CrossFit Tunbridge Wells,45
1962102,Sussan Deng,F,2350,144 reps,,144,Australia,CrossFit Volume,42
2969551,Eve Rutherford,F,3251,174 reps - s,,174,United Kingdom,,20
2953738,Lianie Minny,F,3252,174 reps - s,,174,South Africa,Red X CrossFit,42
697901,Alex Butler,F,3252,174 reps - s,,174,New Zealand,CrossFit St Kilda,33
2937765,Mare Schrauwen,F,3254,174 reps - s,,174,Netherlands,Daylesford CrossFit,23
2939222,Andreea Dumitrascu,F,3255,174 reps - s,,174,United Kingdom,CrossFit Solent,35
2806658,Fabiola Berrocal,F,3256,174 reps - s,,174,Puerto Rico,Los de la Isla CrossFit,31
2942771,Monique Di Costanzo,F,3257,174 reps - s,,174,Australia,Macarthur CrossFit,28
2800986,Alessandra Bertolini,F,3257,174 reps - s,,174,Italy,CrossFit Triple Tail,50
2428959,Rebecca Mertens,F,3259,173 reps - s,,173,United Kingdom,CrossFit Tunbridge Wells,39
2939620,Emma Anderson-Brown,F,3260,173 reps - s,,173,United Kingdom,Six Hills CrossFit,38
2959226,Eva Máiquez Pérez,F,3261,173 reps - s,,173,Spain,CrossFit Wezone Almagro,25
2957625,Routhier Fanny,F,3262,173 reps - s,,173,France,CrossFit Trévoux,37
2945132,Eloise Deschamps,F,3263,172 reps - s,,172,France,CrossFit LE PUY,24
2964009,Jessica Veillette,F,3264,172 reps - s,,172,United Kingdom,CrossFit Motion,32
2970956,Carolyn Muller,F,3265,172 reps - s,,172,United States,Mission Ready CrossFit,29
550361,Nicole Gallardo,F,3266,172 reps - s,,172,United States,CrossFit Trinity,38
1791364,Béatrice Ricolleau,F,3267,172 reps - s,,172,France,CrossFit Challans,51
2792988,Angélique Gaubert,F,3268,172 reps - s,,172,France,Makitha CrossFit,39
1942555,Sacha Sampson,F,3269,172 reps - s,,172,Australia,CrossFit Desire North,53
2908485,Naomi Bishop,F,3270,172 reps - s,,172,United Kingdom,CrossFit Shenley,45
2928221,Sophie McGregor,F,3271,172 reps - s,,172,United Kingdom,CrossFit Stirling,34
2937734,Carole Baudé,F,3272,172 reps - s,,172,France,CrossFit Maignon,44
2948207,Alice Lamb,F,3273,172 reps - s,,172,New Zealand,Tasman Bay CrossFit,47
2456076,Irina Verardo,F,3274,171 reps - s,,171,Italy,CrossFit Pordenone,52
2934905,Anne Wilson,F,3275,171 reps - s,,171,Australia,CrossFit Noosa,45
2915929,Soraia Herbst,F,3276,171 reps - s,,171,Brazil,Insist CrossFit,40
2907867,Lunjie Duan,F,3277,171 reps - s,,171,Australia,CrossFit Young,45
2898584,Hannelie Davel,F,3278,171 reps - s,,171,South Africa,CrossFit Standerton,44
2937594,Melissa Ellsworth,F,3279,171 reps - s,,171,United States,CrossFit ATI,41
2948587,alice avelli,F,3280,171 reps - s,,171,Italy,CrossFit Triple Tail,42
1096898,Sheyla Williams,F,3280,171 reps - s,,171,United States,CrossFit Auburndale,39
2799030,Helena Bull,F,3282,170 reps - s,,170,United Kingdom,732 CrossFit,50
2957048,giulia salardini,F,3283,170 reps - s,,170,Italy,CrossFit Modena,46
2812563,YA HUI HSU,F,3284,170 reps - s,,170,Chinese Taipei,CrossFit Lilian,41
2913492,Nette Vermeiren,F,3285,170 reps - s,,170,Belgium,Black Oak CrossFit,21
2968513,Jennifer Contreras,F,3286,170 reps - s,,170,United States,CrossFit Immersion,53
711560,Rachel Tekeyan,F,3287,170 reps - s,,170,United States,CrossFit Bison,42
1873777,Amber MacInnes,F,3288,170 reps - s,,170,United Kingdom,CrossFit Ben Nevis,25
2904627,Megan Lindop,F,3288,170 reps - s,,170,Australia,Macarthur CrossFit,39
2939248,Allyson Dreyer,F,3290,170 reps - s,,170,United States,CrossFit Plattsburgh,24
2643364,Tash Moore,F,3291,170 reps - s,,170,Australia,CrossFit Sapphire,50
2957356,Anne marie Egea,F,3292,170 reps - s,,170,France,CrossFit Oloron Sainte Marie,43
730429,Franca Moretto,F,3292,170 reps - s,,170,Australia,Charge CrossFit Reservoir,38
715920,Annalise Butson,F,3294,169 reps - s,,169,Australia,CrossFit Ulladulla,37
2942479,Axelle Jouan,F,3295,169 reps - s,,169,France,CrossFit Parrot,30
2917430,Melissa Curran,F,3296,169 reps - s,,169,Ireland,Equip CrossFit,47
2609600,Paola Ancora,F,3297,169 reps - s,,169,Italy,CrossFit Mylos,47
2948845,SILVANA MARTINS,F,3298,169 reps - s,,169,Brazil,CrossFit Blumenau,54
2948519,Lauren Garbett,F,3299,169 reps - s,,169,United Kingdom,Six Hills CrossFit,31
2944657,Jeanice Young,F,3300,169 reps - s,,169,United States,CrossFit Bartlesville,47
